Product id,Data S2 Name,Group,id,Product_details,Country,Land Use (m2*year),Arable Land Use (m2*year),Pasture Land Use (m2*year),Biodiversity (sp*yr*10^14),"GHG Emissions (kg CO2eq, IPCC2013 incl CC feedbacks)",Acidification (g SO2eq),Eutrophication (g PO43-eq),Water Use (L),Scarcity Weighted Water Use (L eq),Sys,Weight
1,Wheat & Rye (Bread),starch_rich,4,Wheat bread,France,5.42,5.42,0.0,19.49,1.47,-,18.15,9.23,24.81,C,0.31308609492152467
1,Wheat & Rye (Bread),starch_rich,5,Wheat and rye bread,France,29.28,29.28,0.0,105.26,4.46,-,35.38,11.53,84.81,C,0.31308609492152467
1,Wheat & Rye (Bread),starch_rich,6,Wheat bread,France,1.44,1.44,0.0,2.36,1.17,-,2.93,65.36,262.65,C,0.06261721898430493
1,Wheat & Rye (Bread),starch_rich,7,Wheat bread,Germany,1.31,1.31,0.0,2.11,0.65,5.27,0.62,2.19,2.73,C,0.36260632407137117
1,Wheat & Rye (Bread),starch_rich,8,Wheat bread,Germany,1.99,1.99,0.0,3.23,0.42,3.41,0.29,2.19,2.73,O,0.030217193672614266
1,Wheat & Rye (Bread),starch_rich,9,Wheat bread,Germany,1.38,1.38,0.0,2.23,0.7,7.28,9.43,16.43,26.48,C,0.36260632407137117
1,Wheat & Rye (Bread),starch_rich,10,Wheat bread,Italy,7.99,7.99,0.0,111.89,1.88,-,26.36,6.54,142.17,C,12.679962578015726
1,Wheat & Rye (Bread),starch_rich,11,Wheat and rye bread,Norway,2.5,2.5,0.0,1.16,1.83,6.41,5.53,2.19,1.4,C,0.001846378553685097
1,Wheat & Rye (Bread),starch_rich,12,Wheat and rye bread,Portugal,6.5,6.5,0.0,126.26,2.13,-,8.59,3.95,76.61,O,0.9454997689866832
1,Wheat & Rye (Bread),starch_rich,13,Wheat bread,Portugal,1.51,1.51,0.0,22.79,1.5,-,2.57,1.14,14.26,O,0.9454997689866832
1,Wheat & Rye (Bread),starch_rich,14,Wheat bread,Spain,3.33,3.33,0.0,54.33,1.65,-,17.67,5.04,304.36,C,7.563998151893464
1,Wheat & Rye (Bread),starch_rich,15,Wheat bread,Switzerland,1.82,1.82,0.0,15.92,0.74,7.62,10.18,8.19,14.54,C,0.038010390368076345
1,Wheat & Rye (Bread),starch_rich,41,Wheat,Belgium,2.72,2.72,0.0,4.43,1.03,7.14,3.49,2.19,2.56,C,0.057015585552114514
1,Wheat & Rye (Bread),starch_rich,50,Wheat,Chile,3.87,3.87,0.0,78.7,1.31,18.09,4.91,2.2,86.39,C,0.7826535947133215
1,Wheat & Rye (Bread),starch_rich,51,Wheat,Chile,9.75,9.75,0.0,198.23,1.09,4.71,0.58,2.2,86.39,O,0.13044226578555362
1,Wheat & Rye (Bread),starch_rich,55,Winter wheat,China,0.73,0.73,0.0,2.93,1.17,16.02,5.5,1255.45,119559.54,C,0.007977122205980326
1,Wheat & Rye (Bread),starch_rich,56,Winter wheat,China,0.78,0.78,0.0,3.1,2.01,23.52,5.08,800.71,76200.18,C,0.009971402757475406
1,Wheat & Rye (Bread),starch_rich,57,Winter wheat,China,0.84,0.84,0.0,3.34,2.23,26.17,5.74,936.26,89124.77,C,0.01595424441196065
1,Wheat & Rye (Bread),starch_rich,58,Winter wheat,China,0.69,0.69,0.0,2.76,1.28,16.34,5.16,391.57,38998.44,C,0.01595424441196065
1,Wheat & Rye (Bread),starch_rich,61,Wheat,China,1.15,1.15,0.0,5.24,1.73,24.61,7.67,2.19,60.72,C,0.039885611029901624
1,Wheat & Rye (Bread),starch_rich,62,Wheat,China,1.09,1.09,0.0,4.96,1.45,18.42,5.63,2.19,60.72,C,0.039885611029901624
1,Wheat & Rye (Bread),starch_rich,63,Wheat,China,6.99,6.99,0.0,27.92,1.46,15.77,8.11,1033.73,93494.57,C,0.01595424441196065
1,Wheat & Rye (Bread),starch_rich,64,Wheat,China,6.48,6.48,0.0,25.88,1.3,15.87,8.4,1033.69,93490.84,C,0.01595424441196065
1,Wheat & Rye (Bread),starch_rich,65,Winter wheat,China,0.76,0.76,0.0,3.04,1.68,20.98,6.43,456.37,43367.12,C,0.01595424441196065
1,Wheat & Rye (Bread),starch_rich,66,Winter wheat,China,0.69,0.69,0.0,2.75,1.56,20.21,6.17,436.35,41458.2,C,0.01595424441196065
1,Wheat & Rye (Bread),starch_rich,67,Winter wheat,China,0.87,0.87,0.0,3.46,1.43,18.92,5.72,402.45,38225.92,C,0.01595424441196065
1,Wheat & Rye (Bread),starch_rich,68,Winter wheat,China,0.41,0.41,0.0,1.65,1.6,20.79,6.37,451.38,42891.3,C,0.01595424441196065
1,Wheat & Rye (Bread),starch_rich,72,Winter wheat,Cyprus,5.12,5.12,0.0,122.14,1.27,7.94,1.79,711.91,35533.54,C,0.0019942805514950816
1,Wheat & Rye (Bread),starch_rich,76,Wheat,Denmark,1.53,1.53,0.0,2.28,1.1,15.21,6.75,2.19,10.6,C,0.016617406983165873
1,Wheat & Rye (Bread),starch_rich,77,Wheat,Denmark,2.53,2.53,0.0,3.77,1.3,27.60,13.42,2.19,10.6,O,0.001846378553685097
1,Wheat & Rye (Bread),starch_rich,91,Winter wheat,France,1.32,1.32,0.0,2.17,0.98,8.07,6.78,59.25,239.85,C,0.06261721898430493
1,Wheat & Rye (Bread),starch_rich,92,Winter wheat,France,0.99,0.99,0.0,1.62,0.97,8.02,3.97,57.92,234.36,C,0.06261721898430493
1,Wheat & Rye (Bread),starch_rich,93,Winter wheat,France,1.07,1.07,0.0,1.75,0.98,8.10,4.01,62.72,254.11,C,0.06261721898430493
1,Wheat & Rye (Bread),starch_rich,94,Winter wheat,France,1.19,1.19,0.0,1.95,0.89,7.14,5.83,53.68,216.95,C,0.06261721898430493
1,Wheat & Rye (Bread),starch_rich,95,Winter wheat,France,1.3,1.3,0.0,2.13,0.91,7.14,6.18,58.5,236.76,C,0.06261721898430493
1,Wheat & Rye (Bread),starch_rich,96,Winter wheat,France,1.4,1.4,0.0,1.99,1.04,8.41,10.54,2.19,5.08,C,0.06261721898430493
1,Wheat & Rye (Bread),starch_rich,97,Winter wheat,France,1.42,1.42,0.0,2.03,0.92,6.82,7.73,2.19,5.08,C,0.06261721898430493
1,Wheat & Rye (Bread),starch_rich,98,Winter wheat,France,1.27,1.27,0.0,1.82,0.93,7.19,7.2,2.19,5.08,C,0.06261721898430493
1,Wheat & Rye (Bread),starch_rich,99,Winter wheat,France,1.17,1.17,0.0,1.67,0.92,7.20,4.23,2.19,5.08,C,0.06261721898430493
1,Wheat & Rye (Bread),starch_rich,100,Winter wheat,France,1.05,1.05,0.0,1.49,0.95,7.75,5.16,2.19,5.08,C,0.06261721898430493
1,Wheat & Rye (Bread),starch_rich,101,Winter wheat,France,1.43,1.43,0.0,2.05,0.99,9.03,7.34,2.19,5.08,C,0.06261721898430493
1,Wheat & Rye (Bread),starch_rich,102,Winter wheat,France,1.3,1.3,0.0,1.86,0.92,8.16,6.56,2.19,5.08,C,0.06261721898430493
1,Wheat & Rye (Bread),starch_rich,103,Soft wheat,France,3.69,3.69,0.0,13.26,1.09,4.93,5.47,2.19,5.08,O,0.020872406328101646
1,Wheat & Rye (Bread),starch_rich,104,Soft wheat,France,2.74,2.74,0.0,9.84,0.86,4.69,4.15,2.19,5.08,O,0.020872406328101646
1,Wheat & Rye (Bread),starch_rich,105,Soft wheat,France,1.46,1.46,0.0,2.4,1.21,9.54,4.8,26.95,129.48,C,0.06261721898430493
1,Wheat & Rye (Bread),starch_rich,106,Soft wheat,France,1.28,1.28,0.0,2.1,1.0,8.37,4.0,4.3,15.67,C,0.06261721898430493
1,Wheat & Rye (Bread),starch_rich,107,Wheat,France,1.37,1.37,0.0,2.25,0.96,5.29,2.67,2.19,5.08,C,0.12523443796860986
1,Wheat & Rye (Bread),starch_rich,108,Wheat,France,1.47,1.47,0.0,2.41,0.81,4.45,3.62,2.19,5.08,C,0.12523443796860986
1,Wheat & Rye (Bread),starch_rich,109,Wheat,France,1.55,1.55,0.0,2.2,1.23,9.59,9.35,4.0,7.48,C,0.06261721898430493
1,Wheat & Rye (Bread),starch_rich,110,Wheat,France,1.47,1.47,0.0,5.28,1.04,7.36,3.84,2.19,5.08,C,0.31308609492152467
1,Wheat & Rye (Bread),starch_rich,111,Wheat,France,1.65,1.65,0.0,2.7,0.92,5.81,3.97,2.19,5.08,C,0.31308609492152467
1,Wheat & Rye (Bread),starch_rich,112,Wheat,France,1.53,1.53,0.0,5.51,1.12,5.82,3.59,2.19,5.08,C,0.31308609492152467
1,Wheat & Rye (Bread),starch_rich,113,Winter wheat,France,2.05,2.05,0.0,3.36,1.0,7.85,3.74,2.19,5.08,C,0.18785165695291475
1,Wheat & Rye (Bread),starch_rich,115,Wheat,Germany,1.36,1.36,0.0,2.06,1.24,6.05,4.97,110.05,264.14,C,0.09065158101784279
1,Wheat & Rye (Bread),starch_rich,116,Wheat,Germany,1.36,1.36,0.0,2.06,1.23,5.99,4.88,109.96,263.93,C,0.09065158101784279
1,Wheat & Rye (Bread),starch_rich,117,Wheat,Germany,1.36,1.36,0.0,2.06,1.22,5.98,4.8,110.17,264.43,C,0.09065158101784279
1,Wheat & Rye (Bread),starch_rich,118,Wheat,Germany,2.72,2.72,0.0,4.11,1.48,27.00,15.15,109.95,263.89,O,0.030217193672614266
1,Wheat & Rye (Bread),starch_rich,123,Winter wheat,Germany,1.65,1.65,0.0,2.39,0.98,10.15,4.0,2.19,2.73,C,0.45325790508921393
1,Wheat & Rye (Bread),starch_rich,124,Winter wheat,Germany,3.57,3.57,0.0,5.17,1.19,11.73,4.85,2.19,2.73,O,0.030217193672614266
1,Wheat & Rye (Bread),starch_rich,125,Winter wheat,Germany,2.77,2.77,0.0,4.0,1.36,8.22,2.32,2.19,2.73,O,0.030217193672614266
1,Wheat & Rye (Bread),starch_rich,126,Winter rye,Germany,3.06,3.06,0.0,4.43,0.92,10.17,3.4,2.19,2.73,O,0.030217193672614266
1,Wheat & Rye (Bread),starch_rich,127,Winter wheat,Germany,1.54,1.54,0.0,2.49,1.1,6.87,11.95,2.19,2.73,C,0.36260632407137117
1,Wheat & Rye (Bread),starch_rich,128,Wheat,Germany,1.52,1.52,0.0,2.3,1.24,6.31,4.51,3.83,6.7,C,0.09065158101784279
1,Wheat & Rye (Bread),starch_rich,131,Wheat flour,Greece,4.87,4.87,0.0,81.32,1.84,14.50,4.84,2.19,67.45,C,12.291496996826881
1,Wheat & Rye (Bread),starch_rich,132,Wheat,India,0.85,0.85,0.0,1.63,0.87,-,3.65,417.47,34313.53,C,0.0835183707094333
1,Wheat & Rye (Bread),starch_rich,133,Wheat,India,0.96,0.96,0.0,1.84,0.68,-,3.84,470.19,38663.37,C,0.007592579155403026
1,Wheat & Rye (Bread),starch_rich,134,Wheat flour,India,1.18,1.18,0.0,14.25,0.87,12.74,6.44,918.86,12715.67,C,0.763054205118004
1,Wheat & Rye (Bread),starch_rich,135,Wheat flour,India,1.21,1.21,0.0,14.26,0.87,9.95,14.42,952.69,3684.54,C,0.10629610817564236
1,Wheat & Rye (Bread),starch_rich,136,Wheat,India,1.18,1.18,0.0,2.27,0.99,13.23,3.51,1271.81,104799.72,C,0.007592579155403026
1,Wheat & Rye (Bread),starch_rich,137,Wheat,India,1.18,1.18,0.0,2.27,1.0,13.23,3.51,1156.38,95276.57,C,0.007592579155403026
1,Wheat & Rye (Bread),starch_rich,138,Wheat,India,1.18,1.18,0.0,2.27,0.96,13.23,3.51,1266.76,104383.08,C,0.007592579155403026
1,Wheat & Rye (Bread),starch_rich,139,Wheat,India,1.18,1.18,0.0,2.27,0.81,-,4.97,146.49,11957.25,C,0.0835183707094333
1,Wheat & Rye (Bread),starch_rich,140,Wheat,India,1.12,1.12,0.0,2.15,0.44,-,4.72,138.67,11312.02,C,0.007592579155403026
1,Wheat & Rye (Bread),starch_rich,141,Wheat,"Iran, Islamic Republic of",3.38,3.38,0.0,9.85,1.81,9.12,15.22,1450.59,89886.4,C,0.01595424441196065
1,Wheat & Rye (Bread),starch_rich,142,Wheat,"Iran, Islamic Republic of",28.57,28.57,0.0,83.18,1.23,8.38,1.75,2.11,86.54,C,0.009971402757475406
1,Wheat & Rye (Bread),starch_rich,143,Wheat,"Iran, Islamic Republic of",6.67,6.67,0.0,19.41,1.66,33.48,12.07,601.45,38130.72,C,0.009971402757475406
1,Wheat & Rye (Bread),starch_rich,144,Wheat,"Iran, Islamic Republic of",5.11,5.11,0.0,14.88,1.29,23.33,8.29,806.24,51130.22,C,0.009971402757475406
1,Wheat & Rye (Bread),starch_rich,145,Wheat,"Iran, Islamic Republic of",4.19,4.19,0.0,12.2,1.14,19.41,6.73,660.1,41853.92,C,0.009971402757475406
1,Wheat & Rye (Bread),starch_rich,146,Wheat,"Iran, Islamic Republic of",3.71,3.71,0.0,10.81,0.98,14.74,5.03,585.04,37089.4,C,0.009971402757475406
1,Wheat & Rye (Bread),starch_rich,147,Wheat,"Iran, Islamic Republic of",4.43,4.43,0.0,12.9,1.44,18.09,6.47,3612.02,229233.89,C,0.009971402757475406
1,Wheat & Rye (Bread),starch_rich,148,Wheat,"Iran, Islamic Republic of",2.54,2.54,0.0,40.12,1.05,18.42,7.02,734.94,68403.35,C,0.013959963860465567
1,Wheat & Rye (Bread),starch_rich,149,Wheat,"Iran, Islamic Republic of",3.95,3.95,0.0,55.65,2.7,12.35,3.27,3166.83,203066.79,C,0.013959963860465567
1,Wheat & Rye (Bread),starch_rich,150,Wheat,"Iran, Islamic Republic of",2.48,2.48,0.0,39.15,1.32,16.77,8.32,948.37,85882.38,C,0.0019942805514950816
1,Wheat & Rye (Bread),starch_rich,151,Wheat,"Iran, Islamic Republic of",1.93,1.93,0.0,30.52,0.88,7.44,4.15,937.77,84921.71,C,0.0019942805514950816
1,Wheat & Rye (Bread),starch_rich,152,Wheat,"Iran, Islamic Republic of",2.21,2.21,0.0,34.81,1.02,10.02,5.3,946.0,85667.2,C,0.0019942805514950816
1,Wheat & Rye (Bread),starch_rich,153,Wheat,"Iran, Islamic Republic of",4.23,4.23,0.0,66.78,0.82,4.98,2.93,2.11,86.54,C,0.0019942805514950816
1,Wheat & Rye (Bread),starch_rich,154,Wheat,"Iran, Islamic Republic of",3.03,3.03,0.0,47.77,1.5,20.08,9.85,959.55,86896.01,C,0.0019942805514950816
1,Wheat & Rye (Bread),starch_rich,155,Wheat,"Iran, Islamic Republic of",2.6,2.6,0.0,41.03,1.07,10.51,5.67,945.21,85595.75,C,0.009971402757475406
1,Wheat & Rye (Bread),starch_rich,159,Winter wheat,Italy,1.66,1.66,0.0,25.22,1.01,4.46,4.48,2.19,38.96,C,0.9753817367704405
1,Wheat & Rye (Bread),starch_rich,160,Winter wheat,Italy,1.98,1.98,0.0,30.22,1.09,4.55,5.76,2.19,38.96,C,0.9753817367704405
1,Wheat & Rye (Bread),starch_rich,161,Wheat,Italy,1.06,1.06,0.0,3.49,1.04,7.17,4.66,389.12,1156.22,C,5.852290420622642
1,Wheat & Rye (Bread),starch_rich,162,Wheat,Italy,1.6,1.6,0.0,5.27,1.12,18.98,11.31,389.15,1156.31,O,1.950763473540881
1,Wheat & Rye (Bread),starch_rich,163,Wheat,Italy,1.36,1.36,0.0,4.47,1.09,6.30,1.0,2.19,38.96,C,3.901526947081762
1,Wheat & Rye (Bread),starch_rich,164,Wheat,Italy,1.74,1.74,0.0,5.72,1.12,5.79,4.63,2.19,38.96,C,5.852290420622642
1,Wheat & Rye (Bread),starch_rich,178,Wheat,Mexico,2.4,2.4,0.0,137.24,0.86,12.30,7.5,172.85,201.07,C,0.1739930909802377
1,Wheat & Rye (Bread),starch_rich,179,Wheat,Mexico,3.4,3.4,0.0,194.28,2.36,15.46,7.08,158.76,188.13,C,0.05799769699341257
1,Wheat & Rye (Bread),starch_rich,180,Wheat,Mexico,2.32,2.32,0.0,132.27,0.52,11.88,5.61,172.5,200.75,C,0.05799769699341257
1,Wheat & Rye (Bread),starch_rich,183,Wheat,Nepal,2.32,2.32,0.0,47.24,1.7,18.85,77.38,710.8,9832.47,C,0.02393136661794098
1,Wheat & Rye (Bread),starch_rich,184,Wheat,Nepal,2.4,2.4,0.0,48.81,1.7,19.01,42.7,435.74,6030.85,C,0.0019942805514950816
1,Wheat & Rye (Bread),starch_rich,185,Wheat,Nepal,1.96,1.96,0.0,39.98,1.48,16.17,22.53,409.19,5663.79,C,0.0019942805514950816
1,Wheat & Rye (Bread),starch_rich,193,Spring wheat,Norway,2.6,2.6,0.0,1.2,2.34,8.46,5.84,2.19,1.4,C,0.001846378553685097
1,Wheat & Rye (Bread),starch_rich,194,Winter wheat,Norway,2.45,2.45,0.0,1.13,2.24,8.76,6.13,2.19,1.4,C,0.001846378553685097
1,Wheat & Rye (Bread),starch_rich,195,Wheat,Norway,1.67,1.67,0.0,0.72,1.62,8.69,3.54,2.19,1.4,C,0.001846378553685097
1,Wheat & Rye (Bread),starch_rich,198,Wheat,Poland,3.5,3.5,0.0,7.62,1.79,6.71,3.29,2.19,4.26,C,20.494510531201204
1,Wheat & Rye (Bread),starch_rich,199,Wheat,Poland,2.44,2.44,0.0,3.78,1.9,7.84,11.75,101.89,227.99,C,3.8427207246002264
1,Wheat & Rye (Bread),starch_rich,200,Wheat,Poland,2.44,2.44,0.0,3.77,1.71,7.10,9.81,101.78,227.75,C,3.8427207246002264
1,Wheat & Rye (Bread),starch_rich,202,Wheat,Portugal,5.76,5.76,0.0,86.89,1.95,19.34,5.43,899.29,31274.72,C,1.8909995379733664
1,Wheat & Rye (Bread),starch_rich,207,Wheat,Spain,3.35,3.35,0.0,54.65,1.26,7.75,4.77,6.55,353.3,C,7.563998151893464
1,Wheat & Rye (Bread),starch_rich,209,Winter wheat,Sweden,1.72,1.72,0.0,0.73,1.23,5.70,0.69,2.19,8.84,C,0.005539135661055291
1,Wheat & Rye (Bread),starch_rich,210,Winter wheat,Sweden,1.31,1.31,0.0,1.88,1.05,4.75,2.96,2.19,8.84,C,0.009231892768425483
1,Wheat & Rye (Bread),starch_rich,211,Winter wheat,Sweden,2.81,2.81,0.0,1.77,1.41,5.17,4.05,2.19,8.84,C,0.005539135661055291
1,Wheat & Rye (Bread),starch_rich,212,Winter wheat,Sweden,1.69,1.69,0.0,1.06,1.16,5.07,1.65,2.19,8.84,C,0.005539135661055291
1,Wheat & Rye (Bread),starch_rich,213,Winter wheat,Sweden,1.75,1.75,0.0,1.1,1.38,5.46,1.71,2.19,8.84,C,0.005539135661055291
1,Wheat & Rye (Bread),starch_rich,214,Winter bread wheat,Switzerland,1.77,1.77,0.0,2.63,1.27,6.88,0.95,2.19,1.8,C,0.019005195184038173
1,Wheat & Rye (Bread),starch_rich,215,Winter rye,Switzerland,1.34,1.34,0.0,11.42,0.92,7.07,15.11,2.19,1.8,C,0.019005195184038173
1,Wheat & Rye (Bread),starch_rich,216,Winter rye,Switzerland,1.53,1.53,0.0,12.99,1.02,9.04,19.75,2.19,1.8,C,0.019005195184038173
1,Wheat & Rye (Bread),starch_rich,217,Winter rye,Switzerland,1.7,1.7,0.0,14.41,1.02,7.57,19.25,2.19,1.8,C,0.019005195184038173
1,Wheat & Rye (Bread),starch_rich,218,Winter rye,Switzerland,1.72,1.72,0.0,14.64,1.07,10.77,23.09,2.19,1.8,C,0.019005195184038173
1,Wheat & Rye (Bread),starch_rich,219,Winter rye,Switzerland,2.5,2.5,0.0,21.26,1.18,17.82,34.09,2.19,1.8,O,0.019005195184038173
1,Wheat & Rye (Bread),starch_rich,220,Winter rye,Switzerland,2.36,2.36,0.0,20.07,1.15,17.74,33.07,2.19,1.8,O,0.019005195184038173
1,Wheat & Rye (Bread),starch_rich,221,Winter wheat,Switzerland,1.58,1.58,0.0,13.79,1.12,7.94,22.67,2.19,1.8,C,0.019005195184038173
1,Wheat & Rye (Bread),starch_rich,222,Winter wheat,Switzerland,1.93,1.93,0.0,16.88,1.17,8.07,27.17,2.19,1.8,C,0.019005195184038173
1,Wheat & Rye (Bread),starch_rich,223,Winter wheat,Switzerland,1.68,1.68,0.0,14.71,1.13,8.17,19.07,2.19,1.8,C,0.019005195184038173
1,Wheat & Rye (Bread),starch_rich,224,Winter wheat,Switzerland,1.9,1.9,0.0,16.63,1.13,7.96,23.54,2.19,1.8,C,0.019005195184038173
1,Wheat & Rye (Bread),starch_rich,225,Winter wheat,Switzerland,1.97,1.97,0.0,17.22,1.2,8.08,31.4,2.19,1.8,C,0.019005195184038173
1,Wheat & Rye (Bread),starch_rich,226,Winter wheat,Switzerland,2.02,2.02,0.0,17.72,1.23,9.52,26.21,2.19,1.8,C,0.019005195184038173
1,Wheat & Rye (Bread),starch_rich,227,Winter wheat,Switzerland,2.34,2.34,0.0,20.48,1.27,10.07,31.53,2.19,1.8,C,0.019005195184038173
1,Wheat & Rye (Bread),starch_rich,228,Winter wheat,Switzerland,2.39,2.39,0.0,20.9,1.34,10.06,39.47,2.19,1.8,C,0.019005195184038173
1,Wheat & Rye (Bread),starch_rich,229,Winter wheat,Switzerland,2.69,2.69,0.0,23.57,1.33,23.29,41.95,2.19,1.8,O,0.019005195184038173
1,Wheat & Rye (Bread),starch_rich,230,Winter wheat,Switzerland,2.87,2.87,0.0,25.16,1.38,23.20,47.65,2.19,1.8,O,0.019005195184038173
1,Wheat & Rye (Bread),starch_rich,231,Spring wheat,Switzerland,1.83,1.83,0.0,16.05,1.23,9.17,14.35,2.19,1.8,C,0.019005195184038173
1,Wheat & Rye (Bread),starch_rich,232,Spring wheat,Switzerland,1.93,1.93,0.0,16.88,1.26,9.28,16.22,2.19,1.8,C,0.019005195184038173
1,Wheat & Rye (Bread),starch_rich,233,Spring wheat,Switzerland,2.22,2.22,0.0,19.39,1.34,11.24,19.23,2.19,1.8,C,0.019005195184038173
1,Wheat & Rye (Bread),starch_rich,234,Spring wheat,Switzerland,2.38,2.38,0.0,20.81,1.44,21.31,26.75,2.19,1.8,C,0.019005195184038173
1,Wheat & Rye (Bread),starch_rich,235,Spring wheat,Switzerland,2.96,2.96,0.0,25.91,1.3,19.60,24.36,2.19,1.8,O,0.019005195184038173
1,Wheat & Rye (Bread),starch_rich,236,Spring wheat,Switzerland,2.93,2.93,0.0,25.66,1.32,19.69,27.65,2.19,1.8,O,0.019005195184038173
1,Wheat & Rye (Bread),starch_rich,239,Wheat,United Kingdom,1.23,1.23,0.0,1.52,0.94,13.13,3.14,2.19,6.88,C,0.025849299751591358
1,Wheat & Rye (Bread),starch_rich,240,Winter wheat,United Kingdom,1.4,1.4,0.0,1.73,0.97,-,2.79,2.19,6.88,C,0.020310164090536067
1,Wheat & Rye (Bread),starch_rich,241,Winter wheat,United Kingdom,2.04,2.04,0.0,2.53,0.84,-,2.5,2.19,6.88,O,0.020310164090536067
1,Wheat & Rye (Bread),starch_rich,242,Winter wheat,United Kingdom,1.51,1.51,0.0,2.06,0.95,4.54,1.02,2.51,8.31,C,0.007385514214740388
1,Wheat & Rye (Bread),starch_rich,247,Bread wheat,United Kingdom,1.62,1.62,0.0,2.2,1.04,6.19,3.32,2.19,6.88,C,0.007385514214740388
1,Wheat & Rye (Bread),starch_rich,248,Bread wheat,United Kingdom,5.39,5.39,0.0,7.33,0.99,5.19,9.71,2.19,6.88,O,0.001846378553685097
2,Maize (Meal),starch_rich,268,Maize,Belgium,2.75,2.75,0.0,4.48,0.89,9.57,4.74,0.0,0.0,C,0.4058161498843082
2,Maize (Meal),starch_rich,306,Maize,Cyprus,3.89,3.89,0.0,92.77,0.9,6.93,1.69,637.89,31817.28,C,0.18627787103939078
2,Maize (Meal),starch_rich,312,Maize,France,1.29,1.29,0.0,2.11,0.79,8.15,5.01,221.83,912.79,C,0.2747659563578218
2,Maize (Meal),starch_rich,313,Maize,France,1.38,1.38,0.0,2.27,0.77,8.33,3.2,238.96,983.25,C,0.2747659563578218
2,Maize (Meal),starch_rich,314,Maize,France,1.83,1.83,0.0,6.59,0.98,11.26,5.17,98.12,813.29,C,0.4121489345367328
2,Maize (Meal),starch_rich,315,Maize,France,1.81,1.81,0.0,2.97,1.13,6.81,6.91,115.63,794.4,C,1.51121275996802
2,Maize (Meal),starch_rich,316,Maize,France,1.85,1.85,0.0,2.64,1.16,6.52,6.81,196.21,2069.33,C,0.8242978690734654
2,Maize (Meal),starch_rich,317,Maize,France,1.69,1.69,0.0,2.76,1.06,6.02,6.64,122.08,1384.74,C,0.8242978690734654
2,Maize (Meal),starch_rich,318,Maize,France,2.29,2.29,0.0,3.76,0.95,6.99,4.77,55.56,660.31,C,0.5495319127156436
2,Maize (Meal),starch_rich,319,Maize,France,1.61,1.61,0.0,2.64,1.01,5.79,4.4,143.87,722.89,C,0.2747659563578218
2,Maize (Meal),starch_rich,320,Maize,France,2.68,2.68,0.0,4.39,0.95,9.29,5.54,0.0,0.0,C,0.4121489345367328
2,Maize (Meal),starch_rich,321,Maize,France,1.75,1.75,0.0,6.31,0.97,5.02,3.61,0.0,0.0,C,1.2364468036101979
2,Maize (Meal),starch_rich,322,Maize,France,2.28,2.28,0.0,3.73,0.85,7.18,4.2,0.0,0.0,C,0.4121489345367328
2,Maize (Meal),starch_rich,330,Maize,Italy,1.17,1.17,0.0,17.81,0.96,4.34,6.73,175.92,845.23,C,4.345058723402117
2,Maize (Meal),starch_rich,331,Maize,Italy,1.43,1.43,0.0,4.71,1.06,12.37,5.05,557.73,1610.47,C,13.035176170206352
2,Maize (Meal),starch_rich,332,Maize,Italy,1.03,1.03,0.0,3.38,0.95,9.71,4.29,400.38,1156.11,C,13.035176170206352
2,Maize (Meal),starch_rich,333,Maize,Italy,0.77,0.77,0.0,2.53,0.89,8.00,2.87,375.35,1083.85,C,13.035176170206352
2,Maize (Meal),starch_rich,334,Maize,Italy,0.66,0.66,0.0,2.18,0.87,4.78,0.78,386.6,1116.32,C,13.035176170206352
2,Maize (Meal),starch_rich,335,Maize,Italy,0.71,0.71,0.0,2.32,0.87,4.97,0.78,413.14,1192.97,C,13.035176170206352
2,Maize (Meal),starch_rich,352,Maize,Portugal,2.53,2.53,0.0,41.4,0.74,7.70,2.14,1473.56,110208.11,C,4.345058723402117
2,Maize (Meal),starch_rich,353,Maize,Portugal,1.39,1.39,0.0,21.0,0.87,9.35,2.08,862.03,9184.69,C,4.345058723402117
2,Maize (Meal),starch_rich,354,Maize,Portugal,1.54,1.54,0.0,30.01,0.72,7.90,1.89,1177.31,60077.42,C,4.345058723402117
2,Maize (Meal),starch_rich,355,Maize,Portugal,2.05,2.05,0.0,26.79,0.87,6.82,1.75,1841.95,19625.4,C,4.345058723402117
2,Maize (Meal),starch_rich,356,Maize,Portugal,2.05,2.05,0.0,26.79,0.45,6.43,1.68,1473.56,15700.32,C,4.345058723402117
2,Maize (Meal),starch_rich,369,Maize,Switzerland,1.7,1.7,0.0,14.21,1.17,10.88,18.41,0.0,0.0,C,0.13527204996143602
2,Maize (Meal),starch_rich,370,Maize,Switzerland,1.93,1.93,0.0,16.13,1.2,11.02,18.42,0.0,0.0,C,0.13527204996143602
2,Maize (Meal),starch_rich,371,Maize,Switzerland,2.01,2.01,0.0,16.84,1.13,17.62,20.81,0.0,0.0,O,0.13527204996143602
2,Maize (Meal),starch_rich,372,Maize,Switzerland,1.59,1.59,0.0,13.31,1.17,10.18,17.42,0.0,0.0,C,0.13527204996143602
2,Maize (Meal),starch_rich,373,Maize,Switzerland,1.89,1.89,0.0,15.83,1.13,16.60,19.65,0.0,0.0,O,0.13527204996143602
2,Maize (Meal),starch_rich,379,Maize,United Kingdom,2.1,2.1,0.0,2.83,0.83,4.55,3.6,0.0,0.0,C,0.3590854880251634
2,Maize (Meal),starch_rich,380,Maize,United Kingdom,5.74,5.74,0.0,7.74,0.81,4.16,8.0,0.0,0.0,O,0.11969516267505442
3,Barley (Beer),alcohols,427,Barley,Belgium,0.55,0.55,0.0,0.9,1.04,5.44,1.45,6.96,8.1,C,0.05817527082915179
3,Barley (Beer),alcohols,435,Spring barley,Denmark,0.39,0.39,0.0,0.59,1.12,5.92,1.86,6.96,33.61,C,0.4658883014976606
3,Barley (Beer),alcohols,441,Barley,Denmark,0.28,0.28,0.0,0.41,1.06,5.33,1.55,6.96,33.61,C,0.4658883014976606
3,Barley (Beer),alcohols,443,Summer malting barley,France,0.22,0.22,0.0,0.35,1.03,5.60,1.46,25.47,92.27,C,0.38340458003412964
3,Barley (Beer),alcohols,444,Summer malting barley,France,0.23,0.23,0.0,0.38,1.03,5.56,1.47,27.18,99.31,C,0.38340458003412964
3,Barley (Beer),alcohols,445,Summer malting barley,France,0.34,0.34,0.0,0.48,1.04,5.70,2.83,6.96,16.1,C,0.10089594211424464
3,Barley (Beer),alcohols,446,Summer malting barley,France,0.3,0.3,0.0,0.42,1.05,5.77,2.87,6.96,16.1,C,0.10089594211424464
3,Barley (Beer),alcohols,447,Summer malting barley,France,0.3,0.3,0.0,0.43,1.04,5.76,3.3,6.96,16.1,C,0.10089594211424464
3,Barley (Beer),alcohols,448,Summer malting barley,France,0.32,0.32,0.0,0.45,1.05,5.79,2.19,6.96,16.1,C,0.2017918842284893
3,Barley (Beer),alcohols,449,Winter malting barley,France,0.24,0.24,0.0,0.34,1.03,5.69,2.75,6.96,16.1,C,0.10089594211424464
3,Barley (Beer),alcohols,450,Winter malting barley,France,0.21,0.21,0.0,0.31,1.03,5.71,2.6,6.96,16.1,C,0.10089594211424464
3,Barley (Beer),alcohols,451,Spring barley,France,0.31,0.31,0.0,1.11,1.05,5.68,1.69,6.96,16.1,C,0.7869883484911081
3,Barley (Beer),alcohols,452,Barley,France,0.27,0.27,0.0,0.97,1.04,5.74,1.56,7.81,23.19,C,0.7869883484911081
3,Barley (Beer),alcohols,453,Barley,France,0.27,0.27,0.0,0.38,1.07,5.95,2.64,7.25,16.49,C,0.2017918842284893
3,Barley (Beer),alcohols,454,Barley,France,0.42,0.42,0.0,0.69,1.05,5.77,1.56,6.96,16.1,C,0.24215026107418713
3,Barley (Beer),alcohols,456,Winter barley,Germany,0.22,0.22,0.0,0.36,1.03,5.68,2.38,9.42,12.61,C,1.8034333957037052
3,Barley (Beer),alcohols,457,Barley,Germany,0.23,0.23,0.0,0.34,1.08,5.41,1.62,7.19,9.2,C,0.3684433819179614
3,Barley (Beer),alcohols,467,Barley,Norway,0.49,0.49,0.0,0.23,1.29,5.83,1.9,6.96,4.42,C,0.09317766029953212
3,Barley (Beer),alcohols,468,Barley,Norway,0.34,0.34,0.0,0.15,1.18,5.90,1.58,6.96,4.42,C,0.09317766029953212
3,Barley (Beer),alcohols,475,Barley,Spain,0.38,0.38,0.0,6.26,0.99,5.10,1.04,102.76,9772.96,C,37.116527406741696
3,Barley (Beer),alcohols,476,Barley,Spain,0.77,0.77,0.0,12.51,1.13,5.71,4.28,7.52,256.0,C,53.50564340452374
3,Barley (Beer),alcohols,477,Barley,Sweden,0.39,0.39,0.0,0.25,1.09,5.21,1.69,6.96,28.01,C,0.18635532059906426
3,Barley (Beer),alcohols,478,Barley,Sweden,0.64,0.64,0.0,0.4,1.15,5.27,1.86,6.96,28.01,C,0.0776480502496101
3,Barley (Beer),alcohols,479,Barley,Sweden,0.4,0.4,0.0,0.25,1.1,5.26,1.33,6.96,28.01,C,0.3571810311482065
3,Barley (Beer),alcohols,481,Winter barley,Switzerland,0.23,0.23,0.0,1.91,1.02,5.59,2.34,7.85,7.3,C,0.03878351388610119
3,Barley (Beer),alcohols,482,Winter barley,Switzerland,0.31,0.31,0.0,2.55,1.03,5.72,2.91,7.85,7.3,C,0.03878351388610119
3,Barley (Beer),alcohols,483,Winter barley,Switzerland,0.25,0.25,0.0,2.13,1.05,5.71,4.49,6.96,5.71,C,0.03878351388610119
3,Barley (Beer),alcohols,484,Winter barley,Switzerland,0.27,0.27,0.0,2.24,1.06,6.00,4.72,6.96,5.71,C,0.019391756943050596
3,Barley (Beer),alcohols,485,Winter barley,Switzerland,0.32,0.32,0.0,2.69,1.07,5.78,5.7,6.96,5.71,C,0.03878351388610119
3,Barley (Beer),alcohols,486,Winter barley,Switzerland,0.33,0.33,0.0,2.8,1.08,6.40,5.98,6.96,5.71,C,0.03878351388610119
3,Barley (Beer),alcohols,487,Winter barley,Switzerland,0.43,0.43,0.0,3.58,1.08,7.67,7.36,6.96,5.71,O,0.019391756943050596
3,Barley (Beer),alcohols,488,Winter barley,Switzerland,0.42,0.42,0.0,3.51,1.08,7.77,7.38,6.96,5.71,O,0.019391756943050596
3,Barley (Beer),alcohols,489,Summer barley,Switzerland,0.27,0.27,0.0,2.25,1.06,5.64,3.68,6.96,5.71,C,0.019391756943050596
3,Barley (Beer),alcohols,490,Summer barley,Switzerland,0.28,0.28,0.0,2.37,1.07,5.68,3.86,6.96,5.71,C,0.019391756943050596
3,Barley (Beer),alcohols,491,Summer barley,Switzerland,0.37,0.37,0.0,3.07,1.08,5.75,4.48,6.96,5.71,C,0.019391756943050596
3,Barley (Beer),alcohols,492,Summer barley,Switzerland,0.34,0.34,0.0,2.84,1.09,6.03,4.63,6.96,5.71,C,0.019391756943050596
3,Barley (Beer),alcohols,493,Summer barley,Switzerland,0.35,0.35,0.0,2.96,1.1,7.11,5.05,6.96,5.71,C,0.019391756943050596
3,Barley (Beer),alcohols,494,Summer barley,Switzerland,0.4,0.4,0.0,3.35,1.11,6.63,4.93,6.96,5.71,C,0.019391756943050596
3,Barley (Beer),alcohols,495,Summer barley,Switzerland,0.45,0.45,0.0,3.78,1.08,7.00,4.79,6.96,5.71,O,0.019391756943050596
3,Barley (Beer),alcohols,496,Summer barley,Switzerland,0.44,0.44,0.0,3.71,1.08,7.02,4.79,6.96,5.71,O,0.019391756943050596
3,Barley (Beer),alcohols,497,Summer barley,Switzerland,0.45,0.45,0.0,3.75,1.08,6.93,4.47,6.96,5.71,O,0.019391756943050596
3,Barley (Beer),alcohols,501,Winter barley,United Kingdom,0.32,0.32,0.0,0.42,1.04,5.36,1.38,6.96,21.8,C,0.3882402512480505
3,Barley (Beer),alcohols,502,Winter barley,United Kingdom,0.79,0.79,0.0,1.06,1.04,5.24,1.89,6.96,21.8,O,0.031059220099844045
3,Barley (Beer),alcohols,503,Spring barley,United Kingdom,0.36,0.36,0.0,0.48,1.03,5.57,1.4,6.96,21.8,C,1.0404838733447752
3,Barley (Beer),alcohols,504,Spring barley,United Kingdom,0.94,0.94,0.0,1.27,1.05,5.37,2.2,6.96,21.8,O,0.031059220099844045
4,Oatmeal,starch_rich,511,Oats,Finland,2.65,2.65,0.0,1.15,1.09,8.45,25.38,1.9,3.27,C,13.862134093532896
4,Oatmeal,starch_rich,515,Oats,Norway,3.64,3.64,0.0,1.67,2.78,9.06,7.4,0.0,0.0,C,2.2107609596665423
4,Oatmeal,starch_rich,516,Oats,Norway,2.82,2.82,0.0,1.2,2.03,9.33,5.24,0.0,0.0,C,2.2107609596665423
4,Oatmeal,starch_rich,517,Oats,Portugal,9.58,9.58,0.0,151.23,1.81,16.82,5.85,1278.08,44509.01,C,64.87914064281053
4,Oatmeal,starch_rich,518,Oats,Sweden,3.08,3.08,0.0,4.39,1.35,4.77,6.8,0.0,0.0,C,2.446431255158117
4,Oatmeal,starch_rich,519,Oats,Sweden,5.45,5.45,0.0,3.41,1.87,5.12,7.99,0.0,0.0,C,7.483201486366002
4,Oatmeal,starch_rich,520,Oats,Sweden,3.33,3.33,0.0,2.08,1.41,5.01,3.4,0.0,0.0,C,6.907570602799387
5,Rice,starch_rich,528,Rice,China,1.2,1.2,0.0,5.61,2.05,-,5.34,1879.09,75662.22,C,0.008185317667320776
5,Rice,starch_rich,530,Rice,China,1.46,1.46,0.0,6.82,5.04,71.86,26.44,998.37,169.78,C,0.008185317667320776
5,Rice,starch_rich,531,Rice,China,2.24,2.24,0.0,21.78,6.23,18.05,22.86,2200.64,841.26,C,0.02967177654403781
5,Rice,starch_rich,532,Rice,China,5.78,5.78,0.0,9.5,5.0,32.19,14.7,2453.03,4416.29,C,0.042972917753434065
5,Rice,starch_rich,533,Rice,China,1.66,1.66,0.0,7.75,3.73,19.12,11.12,1572.34,55648.04,C,0.008185317667320776
5,Rice,starch_rich,534,Rice,China,2.34,2.34,0.0,8.23,4.25,17.89,11.15,1659.64,8267.16,C,0.02967177654403781
5,Rice,starch_rich,535,Rice,China,2.83,2.83,0.0,27.52,6.43,31.01,35.3,2733.39,3792.79,C,0.02046329416830194
5,Rice,starch_rich,537,Rice,China,1.49,1.49,0.0,14.48,3.9,12.94,5.87,1644.48,671.97,C,0.007162152958905679
5,Rice,starch_rich,538,Rice,China,1.45,1.45,0.0,14.04,5.71,12.81,7.47,1594.5,651.54,C,0.007162152958905679
5,Rice,starch_rich,539,Rice,China,1.41,1.41,0.0,13.67,4.44,12.37,10.59,1552.26,634.28,C,0.007162152958905679
5,Rice,starch_rich,541,Rice,China,1.32,1.32,0.0,6.18,2.56,26.35,6.7,1879.09,32929.54,C,0.008185317667320776
5,Rice,starch_rich,542,Rice,China,1.33,1.33,0.0,6.24,2.49,26.96,7.01,1879.09,32929.54,C,0.008185317667320776
5,Rice,starch_rich,543,Rice,China,1.85,1.85,0.0,8.64,3.51,29.83,34.68,1879.09,319.56,C,0.01739380004305665
5,Rice,starch_rich,544,Rice,China,1.53,1.53,0.0,7.13,2.77,22.91,31.67,1879.09,319.56,C,0.01739380004305665
5,Rice,starch_rich,545,Rice,China,2.73,2.73,0.0,12.77,2.6,21.12,36.7,1879.09,319.56,C,0.005115823542075485
5,Rice,starch_rich,546,Rice,India,2.4,2.4,0.0,35.78,8.44,23.86,6.52,3032.1,5927.58,C,0.9552768590248623
5,Rice,starch_rich,547,Rice,India,3.06,3.06,0.0,32.21,3.09,-,5.32,5063.93,11231.85,C,0.038211074360994496
5,Rice,starch_rich,548,Rice,India,4.82,4.82,0.0,50.71,6.92,-,10.89,12406.61,27517.99,C,1.4711263628982878
5,Rice,starch_rich,549,Rice,India,1.1,1.1,0.0,13.36,1.14,17.08,8.05,2738.64,37851.22,C,1.8723426436887298
5,Rice,starch_rich,550,Rice,India,1.13,1.13,0.0,13.32,1.47,10.09,9.27,303.9,1163.51,C,2.1207146270351944
5,Rice,starch_rich,551,Rice,India,1.88,1.88,0.0,3.5,1.44,14.68,5.41,2991.49,165977.68,C,0.019105537180497248
5,Rice,starch_rich,552,Rice,India,1.65,1.65,0.0,3.06,1.78,13.39,5.06,2990.22,165907.42,C,1.4711263628982878
5,Rice,starch_rich,553,Rice,India,1.58,1.58,0.0,2.93,2.11,17.60,4.79,10089.24,832397.39,C,0.4203218179709395
5,Rice,starch_rich,554,Rice,India,1.51,1.51,0.0,2.8,1.97,16.86,4.22,9857.22,813254.26,C,0.038211074360994496
5,Rice,starch_rich,555,Rice,India,1.74,1.74,0.0,3.23,1.73,18.87,4.83,8882.9,732870.24,C,0.038211074360994496
5,Rice,starch_rich,556,Rice,India,1.56,1.56,0.0,2.91,1.74,16.98,4.24,9609.66,792830.26,C,0.038211074360994496
5,Rice,starch_rich,557,Rice,India,1.63,1.63,0.0,3.03,1.83,17.55,4.39,9482.97,782377.73,C,0.038211074360994496
5,Rice,starch_rich,558,Rice,"Iran, Islamic Republic of",2.57,2.57,0.0,39.12,3.12,26.47,8.94,4058.85,378380.11,C,0.051501617496322295
5,Rice,starch_rich,559,Rice,"Iran, Islamic Republic of",4.89,4.89,0.0,74.41,3.41,20.99,3.17,3855.97,349615.4,C,0.030900970497793383
5,Rice,starch_rich,560,Rice,"Iran, Islamic Republic of",6.21,6.21,0.0,94.34,4.85,28.57,4.13,7250.25,657369.47,C,0.04120129399705784
5,Rice,starch_rich,561,Long grain rice,Italy,2.62,2.62,0.0,8.6,1.66,15.82,8.19,7963.05,22993.63,C,10.728379577931147
5,Rice,starch_rich,562,Long grain rice,Italy,2.16,2.16,0.0,7.1,1.13,8.56,7.52,6577.48,18992.74,C,10.728379577931147
5,Rice,starch_rich,563,Rice,Italy,2.82,2.82,0.0,9.25,4.43,10.32,8.35,5757.14,16623.98,C,10.728379577931147
5,Rice,starch_rich,564,Rice,Italy,3.86,3.86,0.0,12.67,5.04,12.15,7.52,5814.71,16790.22,O,5.364189788965573
5,Rice,starch_rich,565,Rice,Japan,7.1,7.1,0.0,14.3,3.58,9.01,3.65,1442.72,601.93,C,0.0009209637320600585
5,Rice,starch_rich,566,Rice,Japan,7.03,7.03,0.0,14.15,2.82,8.70,3.2,1442.72,601.93,C,0.0009209637320600585
5,Rice,starch_rich,567,Rice,Japan,6.85,6.85,0.0,13.8,3.52,8.79,3.53,1442.72,601.93,C,0.0009209637320600585
5,Rice,starch_rich,568,Rice,Japan,1.92,1.92,0.0,12.4,3.51,-,7.75,4446.13,1809.22,C,0.0006139758213733723
5,Rice,starch_rich,569,Rice,Japan,1.95,1.95,0.0,12.62,3.23,-,4.72,3388.36,1378.79,C,0.0006139758213733723
5,Rice,starch_rich,570,Rice,Japan,3.93,3.93,0.0,7.92,3.56,16.93,10.06,1554.83,575.15,C,0.0015349395534334307
5,Rice,starch_rich,571,Rice,Japan,3.86,3.86,0.0,7.77,3.28,27.23,10.45,1553.49,574.65,C,0.00030698791068668616
5,Rice,starch_rich,572,Rice,Japan,5.06,5.06,0.0,10.2,4.17,32.38,13.67,1552.67,574.35,O,0.00030698791068668616
5,Rice,starch_rich,573,Rice,Japan,3.7,3.7,0.0,9.28,3.41,-,44.7,1574.43,384.3,C,0.0009209637320600585
5,Rice,starch_rich,574,Rice,Japan,3.95,3.95,0.0,9.92,3.27,-,33.11,1574.43,384.3,C,0.00030698791068668616
5,Rice,starch_rich,575,Rice,Japan,4.43,4.43,0.0,11.13,3.75,-,35.04,1574.43,384.3,O,0.00030698791068668616
5,Rice,starch_rich,582,Jasmine rice,Thailand,3.14,3.14,0.0,78.84,9.33,61.72,138.45,7.73,60.15,C,11.943388537544827
5,Rice,starch_rich,583,Jasmine rice,Thailand,6.08,6.08,0.0,102.76,3.69,9.86,3.33,0.0,0.0,C,4.369532391784693
5,Rice,starch_rich,584,Jasmine rice,Thailand,6.8,6.8,0.0,115.0,3.72,9.00,3.35,0.0,0.0,C,4.223881312058536
5,Rice,starch_rich,585,Jasmine rice,Thailand,7.46,7.46,0.0,126.05,7.67,71.70,137.75,0.25,1.58,C,8.447762624117072
5,Rice,starch_rich,586,Jasmine rice,Thailand,6.75,6.75,0.0,114.04,13.53,71.70,137.75,657.0,4241.69,C,2.3304172756185024
5,Rice,starch_rich,587,Jasmine rice,Thailand,8.09,8.09,0.0,136.82,14.39,88.87,172.1,6475.77,41808.19,C,1.3108597175354078
5,Rice,starch_rich,588,Rice,United States,2.16,2.16,0.0,38.43,2.63,5.86,2.09,2711.87,192406.59,C,3.3722078538949383
5,Rice,starch_rich,589,Rice,Vietnam,1.0,1.0,0.0,29.4,4.2,11.21,3.45,707.58,4568.21,C,17.57517736657557
6,Potatoes,starch_rich,591,Potatoes,Australia,0.31,0.31,0.0,3.06,0.46,4.00,1.84,163.5,340.71,C,0.05726879839601916
6,Potatoes,starch_rich,592,Potatoes,Australia,0.44,0.44,0.0,1.91,0.38,3.37,1.02,228.94,20015.1,C,0.02863439919800958
6,Potatoes,starch_rich,593,Potatoes,Australia,0.55,0.55,0.0,6.7,0.49,4.03,1.11,149.15,917.6,C,0.02863439919800958
6,Potatoes,starch_rich,594,Potatoes,Chile,2.53,2.53,0.0,13.34,0.26,-,0.81,0.0,0.0,C,0.019777689788775733
6,Potatoes,starch_rich,595,Potatoes,Chile,1.45,1.45,0.0,31.45,0.38,-,1.31,246.12,21307.65,C,0.019777689788775733
6,Potatoes,starch_rich,596,Potatoes,Chile,1.52,1.52,0.0,33.02,0.46,-,1.73,328.09,28404.47,C,0.019777689788775733
6,Potatoes,starch_rich,597,Potatoes,Chile,0.88,0.88,0.0,19.11,0.31,-,1.37,169.73,14331.12,C,0.019777689788775733
6,Potatoes,starch_rich,598,Potatoes,Chile,1.06,1.06,0.0,23.05,0.35,-,1.68,230.77,19484.35,C,0.019777689788775733
6,Potatoes,starch_rich,599,Potatoes,Chile,0.78,0.78,0.0,16.92,0.29,-,1.41,183.03,16485.14,C,0.019777689788775733
6,Potatoes,starch_rich,600,Potatoes,Chile,1.27,1.27,0.0,27.53,0.38,-,2.14,415.62,37434.89,C,0.019777689788775733
6,Potatoes,starch_rich,601,Potatoes,Chile,1.06,1.06,0.0,23.04,0.36,-,1.28,34.0,3073.46,C,0.019777689788775733
6,Potatoes,starch_rich,602,Potatoes,Chile,1.01,1.01,0.0,22.04,0.31,-,0.96,40.25,3638.43,C,0.019777689788775733
6,Potatoes,starch_rich,603,Potatoes,Chile,0.73,0.73,0.0,15.87,0.33,-,1.05,43.67,3947.45,C,0.019777689788775733
6,Potatoes,starch_rich,604,Potatoes,Chile,0.82,0.82,0.0,17.87,0.36,-,1.77,47.16,2982.06,C,0.019777689788775733
6,Potatoes,starch_rich,605,Potatoes,Chile,0.83,0.83,0.0,18.09,0.38,-,1.87,0.0,0.0,C,0.019777689788775733
6,Potatoes,starch_rich,606,Potatoes,Chile,0.73,0.73,0.0,15.88,0.35,-,1.57,3.81,240.97,C,0.019777689788775733
6,Potatoes,starch_rich,607,Potatoes,Chile,0.75,0.75,0.0,16.39,0.35,-,1.58,5.9,373.07,C,0.019777689788775733
6,Potatoes,starch_rich,608,Potatoes,Chile,0.71,0.71,0.0,4.88,0.28,-,1.1,0.0,0.0,C,0.019777689788775733
6,Potatoes,starch_rich,609,Potatoes,Chile,0.55,0.55,0.0,3.78,0.29,-,1.11,13.22,14.23,C,0.019777689788775733
6,Potatoes,starch_rich,610,Potatoes,Chile,0.54,0.54,0.0,3.73,0.34,-,2.75,0.0,0.0,C,0.019777689788775733
6,Potatoes,starch_rich,611,Potatoes,Chile,1.65,1.65,0.0,11.38,0.32,-,4.3,0.0,0.0,C,0.019777689788775733
6,Potatoes,starch_rich,612,Potatoes,Chile,0.51,0.51,0.0,2.75,0.36,-,1.51,0.0,0.0,C,0.019777689788775733
6,Potatoes,starch_rich,613,Potatoes,Chile,0.3,0.3,0.0,2.1,0.24,2.55,2.12,39.53,27.47,C,0.019777689788775733
6,Potatoes,starch_rich,614,Potatoes,Chile,0.49,0.49,0.0,3.4,0.27,2.67,2.96,64.12,44.56,C,0.019777689788775733
6,Potatoes,starch_rich,615,Potatoes,China,1.17,1.17,0.0,8.88,0.52,3.54,4.46,1.68,76.72,C,1.8755531474696274
6,Potatoes,starch_rich,618,Sweet potatoes,China,0.71,0.71,0.0,3.32,0.1,2.47,0.65,93.9,8953.45,C,1.2026447663164024
6,Potatoes,starch_rich,619,Sweet potatoes,China,0.71,0.71,0.0,3.32,0.1,2.47,0.63,91.14,8690.09,C,1.2026447663164024
6,Potatoes,starch_rich,620,Potatoes,Cyprus,1.12,1.12,0.0,30.3,0.43,4.51,1.0,291.28,14528.53,C,0.16566234007623154
6,Potatoes,starch_rich,627,Potatoes,France,0.47,0.47,0.0,2.18,0.33,3.57,1.14,22.34,185.19,C,2.380147195469119
6,Potatoes,starch_rich,628,Potatoes,France,0.55,0.55,0.0,2.56,0.35,3.73,1.31,28.19,233.69,C,2.380147195469119
6,Potatoes,starch_rich,629,Potatoes,France,0.34,0.34,0.0,1.58,0.34,2.85,0.96,0.0,0.0,C,2.380147195469119
6,Potatoes,starch_rich,630,Potatoes,Germany,0.43,0.43,0.0,0.83,0.45,4.01,3.67,5.18,8.35,C,3.849094931563357
6,Potatoes,starch_rich,631,Potatoes,Germany,0.35,0.35,0.0,0.6,0.42,2.86,0.81,0.0,0.0,C,3.849094931563357
6,Potatoes,starch_rich,632,Potatoes,Germany,0.63,0.63,0.0,1.09,0.23,4.30,1.55,0.0,0.0,O,0.40516788753298494
6,Potatoes,starch_rich,633,Potatoes,India,0.44,0.44,0.0,8.52,0.58,4.28,6.16,2.62,78.32,C,2.591413127419867
6,Potatoes,starch_rich,634,Potatoes,"Iran, Islamic Republic of",0.61,0.61,0.0,6.1,0.55,8.35,2.65,364.45,27992.83,C,0.02863439919800958
6,Potatoes,starch_rich,635,Potatoes,"Iran, Islamic Republic of",1.22,1.22,0.0,4.28,0.66,10.93,3.48,638.87,40554.0,C,0.01431719959900479
6,Potatoes,starch_rich,636,Potatoes,"Iran, Islamic Republic of",1.07,1.07,0.0,3.73,0.51,8.44,2.64,460.28,29217.44,C,0.01431719959900479
6,Potatoes,starch_rich,637,Potatoes,"Iran, Islamic Republic of",0.82,0.82,0.0,2.88,0.44,7.09,2.11,238.53,15140.96,C,0.01431719959900479
6,Potatoes,starch_rich,638,Potatoes,"Iran, Islamic Republic of",1.35,1.35,0.0,4.72,0.55,9.71,3.04,405.54,25742.84,C,0.01431719959900479
6,Potatoes,starch_rich,639,Potatoes,"Iran, Islamic Republic of",1.07,1.07,0.0,3.75,0.44,7.50,2.25,328.35,20842.52,C,0.01431719959900479
6,Potatoes,starch_rich,640,Potatoes,"Iran, Islamic Republic of",0.91,0.91,0.0,3.21,0.4,6.57,1.91,273.23,17344.15,C,0.01431719959900479
6,Potatoes,starch_rich,641,Potatoes,Israel,0.39,0.39,0.0,8.58,0.56,8.71,2.41,131.25,10968.47,C,2.681094463096797
6,Potatoes,starch_rich,642,Potatoes,Israel,0.53,0.53,0.0,11.79,0.61,9.06,4.05,121.78,10174.72,C,2.681094463096797
6,Potatoes,starch_rich,644,Potatoes,Japan,0.42,0.42,0.0,1.16,0.34,3.14,2.25,0.0,0.0,C,0.07158599799502395
6,Potatoes,starch_rich,645,Sweet potatoes,Japan,1.21,1.21,0.0,9.17,0.76,9.88,1.37,0.0,0.0,C,0.05726879839601916
6,Potatoes,starch_rich,647,Potatoes,Netherlands,0.4,0.4,0.0,0.74,0.6,4.73,4.18,12.34,18.62,C,4.249317920213672
6,Potatoes,starch_rich,652,Potatoes,Spain,0.47,0.47,0.0,1.26,0.33,3.62,2.19,120.91,10881.05,C,59.52477469875398
6,Potatoes,starch_rich,656,Potatoes,Poland,1.19,1.19,0.0,2.98,0.7,5.21,2.04,0.0,0.0,C,1.988866609682135
6,Potatoes,starch_rich,659,Potatoes,Russia,1.66,1.66,0.0,1.06,0.38,3.51,4.45,0.96,19.1,C,1.8755531474696274
6,Potatoes,starch_rich,660,Potatoes,Sweden,1.38,1.38,0.0,1.5,0.44,2.06,2.56,0.0,0.0,O,0.01431719959900479
6,Potatoes,starch_rich,662,Potatoes,Switzerland,0.42,0.42,0.0,4.06,0.32,3.09,2.81,1.28,2.27,C,0.12350515417940304
6,Potatoes,starch_rich,663,Potatoes,Switzerland,0.68,0.68,0.0,6.53,0.39,5.96,12.06,0.0,0.0,C,0.06175257708970152
6,Potatoes,starch_rich,664,Potatoes,Switzerland,0.42,0.42,0.0,4.08,0.39,4.60,4.95,0.0,0.0,C,0.12350515417940304
6,Potatoes,starch_rich,665,Potatoes,Switzerland,0.51,0.51,0.0,4.92,0.42,5.35,6.88,0.0,0.0,C,0.06175257708970152
6,Potatoes,starch_rich,666,Potatoes,Switzerland,0.72,0.72,0.0,6.95,0.42,5.44,8.14,0.0,0.0,O,0.06175257708970152
6,Potatoes,starch_rich,667,Potatoes,Switzerland,0.66,0.66,0.0,6.41,0.41,5.56,7.99,0.0,0.0,O,0.06175257708970152
6,Potatoes,starch_rich,668,Potatoes,Ukraine,1.16,1.16,0.0,3.07,0.46,3.45,4.89,0.89,26.5,C,2.591413127419867
6,Potatoes,starch_rich,670,Potatoes,United Kingdom,0.34,0.34,0.0,0.52,0.42,2.49,0.94,42.58,196.19,C,0.250242605554229
6,Potatoes,starch_rich,671,Potatoes,United Kingdom,0.28,0.28,0.0,0.42,0.35,2.32,0.73,21.32,96.64,C,0.250242605554229
6,Potatoes,starch_rich,672,Potatoes,United Kingdom,0.58,0.58,0.0,0.86,0.32,2.37,2.58,31.44,143.27,C,0.250242605554229
6,Potatoes,starch_rich,673,Potatoes,United Kingdom,0.69,0.69,0.0,1.03,0.37,2.72,1.78,5.95,27.42,O,0.03128032569427863
6,Potatoes,starch_rich,674,Potatoes,United Kingdom,1.36,1.36,0.0,2.02,0.38,2.65,3.09,42.35,195.17,O,0.03128032569427863
6,Potatoes,starch_rich,675,Potatoes,United Kingdom,0.72,0.72,0.0,1.06,0.31,2.45,1.54,5.13,23.65,O,0.03128032569427863
7,Cassava,starch_rich,723,Cassava,Thailand,0.97,0.97,0.0,27.01,0.33,2.80,0.49,0.0,0.0,C,50.0
7,Cassava,starch_rich,724,Cassava,Thailand,0.9,0.9,0.0,16.85,0.3,3.06,0.83,0.0,0.0,C,50.0
8,Cane Sugar,sugars,733,Sugar,Argentina,1.7,1.7,0.0,67.98,2.38,21.74,9.19,8.14,39.96,C,1.4060580054982723
8,Cane Sugar,sugars,734,Sugar,Argentina,1.5,1.5,0.0,60.09,2.36,21.59,9.08,8.14,39.96,C,3.0933276120961994
8,Cane Sugar,sugars,735,Sugar,Argentina,1.26,1.26,0.0,50.43,2.3,21.33,9.1,8.14,39.96,C,3.0933276120961994
8,Cane Sugar,sugars,743,Sugar,Brazil,1.53,1.53,0.0,107.92,0.55,7.88,4.03,8.14,15.3,C,37.313611693456366
8,Cane Sugar,sugars,746,Sugar,India,2.66,2.66,0.0,37.1,1.12,30.49,26.2,2519.72,34890.79,C,0.3082391770434331
8,Cane Sugar,sugars,747,Sugar,India,1.25,1.25,0.0,10.84,0.94,24.20,41.67,3567.12,13739.61,C,0.26994859604424887
8,Cane Sugar,sugars,749,Sugar,Japan,2.39,2.39,0.0,425.32,3.07,34.90,10.2,8.98,8.52,C,0.002509968240508911
8,Cane Sugar,sugars,752,Sugar,Mauritius,3.37,3.37,0.0,0.0,0.78,5.46,2.48,680.83,528.93,C,23.263155402288117
8,Cane Sugar,sugars,753,Sugar,Mexico,1.45,1.45,0.0,191.62,2.45,18.18,133.73,820.55,1453.7,C,0.00689490981737396
8,Cane Sugar,sugars,754,Sugar,Mexico,1.3,1.3,0.0,172.71,2.08,16.74,13.81,623.96,1141.63,C,0.009652873744323545
8,Cane Sugar,sugars,755,Sugar,Mexico,1.65,1.65,0.0,209.02,2.56,16.11,8.98,994.22,6530.32,C,0.017926765525172292
8,Cane Sugar,sugars,756,Sugar,Mexico,1.65,1.65,0.0,97.95,2.43,16.33,7.27,1174.22,4572.65,C,0.01861625650690969
8,Cane Sugar,sugars,759,Sugar,South Africa,5.33,5.33,0.0,97.29,1.05,-,12.06,1502.67,5132.55,C,0.09024164447607506
8,Cane Sugar,sugars,760,Sugar,South Africa,0.79,0.79,0.0,14.5,1.9,19.03,25.47,767.87,1291.92,C,0.024611357584384104
8,Cane Sugar,sugars,774,Sugar cane,Brazil,2.12,2.12,0.0,136.76,5.19,18.49,8.92,8.14,15.3,C,30.767364027937703
8,Cane Sugar,sugars,776,Sugar cane,India,2.72,2.72,0.0,37.98,1.9,21.50,15.11,1073.31,14899.65,C,0.3082391770434331
8,Cane Sugar,sugars,780,Sugar cane,Japan,2.08,2.08,0.0,370.56,2.23,18.71,8.76,8.98,8.52,C,0.002509968240508911
8,Cane Sugar,sugars,781,Sugar cane,Japan,2.15,2.15,0.0,382.25,2.37,19.61,9.05,8.98,8.52,C,0.002509968240508911
8,Cane Sugar,sugars,782,Sugar cane,Japan,1.55,1.55,0.0,275.63,2.08,17.07,7.91,8.98,8.52,C,0.0012549841202544555
9,Beet Sugar,sugars,787,Sugar,Germany,1.26,1.26,0.0,1.96,1.61,9.89,3.69,12.1,15.02,C,16.03719203432356
9,Beet Sugar,sugars,788,Sugar,Germany,1.46,1.46,0.0,2.27,1.66,12.32,4.81,12.1,15.02,C,16.03719203432356
9,Beet Sugar,sugars,789,Sugar,Germany,1.37,1.37,0.0,2.12,1.6,14.98,4.76,12.1,15.02,C,16.03719203432356
9,Beet Sugar,sugars,793,Sugar,Sweden,1.36,1.36,0.0,2.12,1.61,4.41,2.11,12.1,48.7,C,5.7758775496392305
9,Beet Sugar,sugars,795,Sugar beet,France,1.31,1.31,0.0,5.2,1.54,11.13,3.0,23.13,119.49,C,20.782210611913072
9,Beet Sugar,sugars,796,Sugar beet,France,1.77,1.77,0.0,7.04,2.13,11.65,4.76,12.1,28.0,C,20.782210611913072
9,Beet Sugar,sugars,804,Sugar beet,Switzerland,1.18,1.18,0.0,10.96,1.77,13.56,6.48,12.1,9.93,C,1.5484239506788777
9,Beet Sugar,sugars,805,Sugar beet,United Kingdom,1.72,1.72,0.0,2.34,1.77,-,6.03,12.1,37.9,C,1.3998605473463674
9,Beet Sugar,sugars,806,Sugar beet,United Kingdom,3.53,3.53,0.0,4.8,1.72,-,6.34,12.1,37.9,O,0.1999800781923382
9,Beet Sugar,sugars,807,Sugar beet,United Kingdom,1.55,1.55,0.0,2.31,1.72,8.68,2.21,92.55,408.63,C,1.3998605473463674
10,Other Pulses,protein_rich,822,Chickpeas,Australia,15.68,15.68,0.0,161.93,0.67,5.75,1.31,0.0,0.0,C,0.3392679396913667
10,Other Pulses,protein_rich,823,Lupins,Australia,22.62,22.62,0.0,663.81,1.5,-,7.04,0.0,0.0,C,0.38450366498354893
10,Other Pulses,protein_rich,824,Chickpeas,Australia,10.18,10.18,0.0,83.34,0.87,5.91,3.23,0.0,0.0,C,0.03392679396913668
10,Other Pulses,protein_rich,826,Lupins,Belgium,10.46,10.46,0.0,16.18,1.19,5.41,10.34,0.0,0.0,C,0.1508274210564697
10,Other Pulses,protein_rich,831,Lentils,Canada,11.94,11.94,0.0,12.59,1.12,-,1.65,0.0,0.0,C,27.224259943600625
10,Other Pulses,protein_rich,833,Faba beans,France,4.79,4.79,0.0,7.3,2.03,5.75,8.01,0.0,0.0,O,0.6769944070713122
10,Other Pulses,protein_rich,834,Faba beans,France,2.38,2.38,0.0,7.95,1.3,5.01,5.61,0.0,0.0,C,1.184740212374796
10,Other Pulses,protein_rich,835,Spring faba beans,France,2.38,2.38,0.0,7.95,1.3,4.99,5.6,0.0,0.0,C,1.184740212374796
10,Other Pulses,protein_rich,836,Faba beans,France,2.97,2.97,0.0,9.93,0.86,4.18,9.85,23.81,197.35,C,1.184740212374796
10,Other Pulses,protein_rich,840,Runner beans,Greece,4.26,4.26,0.0,60.58,1.13,18.41,3.15,2245.6,108302.01,C,6.2969465956664825
10,Other Pulses,protein_rich,841,Runner beans,Greece,4.42,4.42,0.0,62.83,0.99,6.79,1.12,2327.02,112228.63,C,6.2969465956664825
10,Other Pulses,protein_rich,842,Runner beans,Greece,3.82,3.82,0.0,54.2,1.17,22.00,3.61,2515.6,121323.35,O,6.2969465956664825
10,Other Pulses,protein_rich,843,Runner beans,Greece,10.38,10.38,0.0,147.51,1.5,21.77,3.71,2734.46,131879.02,C,6.2969465956664825
10,Other Pulses,protein_rich,844,Runner beans,Greece,4.87,4.87,0.0,69.24,1.0,6.24,0.84,2567.05,123804.8,C,6.2969465956664825
10,Other Pulses,protein_rich,845,Runner beans,Greece,7.86,7.86,0.0,111.6,1.53,33.77,5.36,2858.47,137859.87,O,6.2969465956664825
10,Other Pulses,protein_rich,846,Runner beans,Greece,4.12,4.12,0.0,58.49,0.93,4.65,0.78,2163.27,104331.24,C,6.2969465956664825
10,Other Pulses,protein_rich,847,Pigeon peas,India,10.25,10.25,0.0,80.63,1.29,-,22.48,0.0,0.0,C,5.887883126382864
10,Other Pulses,protein_rich,848,Pigeon peas,India,10.63,10.63,0.0,83.65,1.26,-,14.84,0.0,0.0,C,5.887883126382864
10,Other Pulses,protein_rich,849,Pigeon peas,India,12.81,12.81,0.0,100.78,1.31,-,12.5,0.0,0.0,C,5.887883126382864
10,Other Pulses,protein_rich,850,Lentils,"Iran, Islamic Republic of",41.72,41.72,0.0,653.67,3.93,33.13,48.94,0.0,0.0,C,4.268506982229039
10,Other Pulses,protein_rich,857,Field beans,Switzerland,2.75,2.75,0.0,21.77,1.55,6.39,9.31,0.0,0.0,C,0.1508274210564697
10,Other Pulses,protein_rich,858,Field beans,Switzerland,3.15,3.15,0.0,24.94,1.81,16.09,21.78,0.0,0.0,O,0.1508274210564697
10,Other Pulses,protein_rich,861,Field beans,United Kingdom,3.72,3.72,0.0,4.65,1.08,5.70,6.95,0.0,0.0,C,1.1912056374124909
10,Other Pulses,protein_rich,862,Field beans,United Kingdom,4.11,4.11,0.0,5.14,1.16,5.01,6.62,0.0,0.0,O,0.1323561819347212
11,Peas,protein_rich,867,Peas,Belgium,9.54,9.54,0.0,14.76,0.92,3.92,8.93,0.0,0.0,C,0.013093698280865807
11,Peas,protein_rich,871,Spring peas,Canada,6.3,6.3,0.0,6.64,0.62,-,0.79,0.0,0.0,C,0.10234962433879065
11,Peas,protein_rich,872,Spring peas,France,2.11,2.11,0.0,3.23,0.54,3.77,2.63,188.0,773.57,C,0.0749562831850831
11,Peas,protein_rich,873,Spring peas,France,2.24,2.24,0.0,3.42,0.56,3.92,2.78,199.7,821.71,C,0.0749562831850831
11,Peas,protein_rich,874,Spring peas,France,2.03,2.03,0.0,2.71,0.49,4.00,4.31,0.0,0.0,C,0.0356934681833729
11,Peas,protein_rich,875,Spring peas,France,2.84,2.84,0.0,3.79,0.53,4.06,12.82,0.0,0.0,C,0.0356934681833729
11,Peas,protein_rich,876,Spring peas,France,2.5,2.5,0.0,3.34,0.55,3.90,3.74,0.0,0.0,C,0.014277387273349162
11,Peas,protein_rich,877,Winter peas,France,2.28,2.28,0.0,3.48,0.45,3.47,8.18,111.61,459.25,C,0.0749562831850831
11,Peas,protein_rich,878,Winter peas,France,2.46,2.46,0.0,3.77,0.47,3.62,8.99,120.99,497.86,C,0.0749562831850831
11,Peas,protein_rich,879,Winter peas,France,2.86,2.86,0.0,3.82,0.55,4.09,15.7,0.0,0.0,C,0.0356934681833729
11,Peas,protein_rich,880,Peas,France,3.51,3.51,0.0,11.78,0.58,4.35,6.71,18.84,156.13,C,0.18560603455353905
11,Peas,protein_rich,881,Peas,France,2.95,2.95,0.0,9.89,0.54,4.07,5.62,23.5,194.79,C,0.18560603455353905
11,Peas,protein_rich,882,Peas,France,3.27,3.27,0.0,5.0,0.66,3.26,8.44,0.0,0.0,C,0.12492713864180516
11,Peas,protein_rich,883,Peas,France,1.81,1.81,0.0,2.78,0.52,3.11,4.27,0.0,0.0,C,0.12492713864180516
11,Peas,protein_rich,884,Peas,France,2.81,2.81,0.0,3.75,1.03,3.84,14.44,1.83,2.44,C,0.014277387273349162
11,Peas,protein_rich,885,Peas,France,3.03,3.03,0.0,10.17,0.63,3.24,9.46,24.2,200.57,C,0.18560603455353905
11,Peas,protein_rich,886,Peas,France,2.48,2.48,0.0,8.33,0.99,3.85,7.61,0.0,0.0,C,0.18560603455353905
11,Peas,protein_rich,888,Peas,Germany,2.83,2.83,0.0,3.98,1.22,4.18,6.57,1.88,4.56,C,0.19225390724840577
11,Peas,protein_rich,892,Peas,Portugal,14.71,14.71,0.0,228.25,1.7,5.68,1.8,4050.65,302949.74,C,24.068248961735804
11,Peas,protein_rich,893,Peas,Spain,10.68,10.68,0.0,170.8,1.6,6.06,33.64,1.58,103.0,C,74.11926668898187
11,Peas,protein_rich,894,Peas,Sweden,5.48,5.48,0.0,3.19,1.38,3.81,9.38,0.0,0.0,C,0.014771382125728743
11,Peas,protein_rich,895,Peas,Sweden,5.73,5.73,0.0,3.34,1.41,3.41,7.42,0.0,0.0,C,0.0073856910628643715
11,Peas,protein_rich,896,Peas,Sweden,4.33,4.33,0.0,2.53,1.14,3.47,6.14,0.0,0.0,C,0.022157073188593113
11,Peas,protein_rich,897,Peas,Switzerland,2.77,2.77,0.0,21.93,1.25,5.99,9.96,0.0,0.0,C,0.026187396561731607
11,Peas,protein_rich,898,Peas,Switzerland,3.63,3.63,0.0,28.76,1.51,16.41,24.64,0.0,0.0,O,0.006546849140432904
12,Nuts,protein_rich,899,Almonds,Australia,7.41,7.41,0.0,32.62,2.95,52.34,40.04,9107.22,247325.18,C,0.38572473811903907
12,Nuts,protein_rich,900,Cashew nuts,Brazil,14.73,14.73,0.0,214.07,10.87,95.06,29.93,7.23,25.9,C,2.349754428873759
12,Nuts,protein_rich,901,Cashew nuts,Brazil,46.01,46.01,0.0,668.73,23.68,19.86,16.18,22.59,202.99,C,2.349754428873759
12,Nuts,protein_rich,902,Almonds,China,6.99,6.99,0.0,57.88,1.68,22.96,9.52,1089.59,49610.27,C,4.162189749549786
12,Nuts,protein_rich,903,Pistachios,Greece,9.48,9.48,0.0,394.81,3.57,18.65,7.13,4417.94,344554.83,C,5.957356191700012
12,Nuts,protein_rich,905,Hazelnuts,"Iran, Islamic Republic of",30.51,30.51,0.0,777.61,-8.09,37.49,90.74,8007.93,250115.65,C,1.5515494916346324
12,Nuts,protein_rich,906,Almonds,"Iran, Islamic Republic of",15.02,15.02,0.0,297.5,8.13,119.18,43.16,8609.89,645551.88,C,9.13690256184839
12,Nuts,protein_rich,907,Hazelnuts,Italy,12.56,12.56,0.0,496.04,3.05,40.52,47.17,1717.32,43497.29,C,52.73841324254171
12,Nuts,protein_rich,908,Chestnuts,Portugal,29.36,29.36,0.0,1519.68,3.52,11.52,5.34,0.0,0.0,C,5.840584121800711
12,Nuts,protein_rich,909,Chestnuts,Portugal,24.7,24.7,0.0,1278.42,2.1,10.93,6.27,0.0,0.0,C,5.840584121800711
12,Nuts,protein_rich,913,Almonds,United States,6.81,6.81,0.0,53.34,-2.91,34.91,13.61,6745.79,396604.25,C,1.5423021285712581
12,Nuts,protein_rich,914,Walnuts,United States,3.78,3.78,0.0,29.6,-0.22,-,7.84,1664.28,97847.79,C,0.5990760334119762
12,Nuts,protein_rich,915,Pistachios,United States,6.25,6.25,0.0,48.92,-4.09,-,10.74,3200.18,188147.92,C,0.9814649909089825
12,Nuts,protein_rich,916,Almonds,United States,4.49,4.49,0.0,266.27,-1.38,28.37,23.18,1823.32,129364.29,C,1.5423021285712581
12,Nuts,protein_rich,917,Almonds,United States,5.6,5.6,0.0,34.3,3.74,33.71,11.16,8280.95,302154.13,C,1.5423021285712581
12,Nuts,protein_rich,918,Almonds,United States,8.73,8.73,0.0,518.18,-1.96,66.42,17.56,9106.93,646134.54,C,1.5423021285712581
12,Nuts,protein_rich,919,Almonds,United States,10.91,10.91,0.0,647.71,-1.24,40.12,12.23,11383.53,807659.27,O,1.0324501852419168
12,Nuts,protein_rich,920,Walnuts,United States,4.15,4.15,0.0,62.69,-0.32,20.38,7.81,1069.8,5517.33,C,0.5990760334119762
12,Nuts,protein_rich,921,Walnuts,United States,20.76,20.76,0.0,313.46,-2.07,34.79,16.25,10697.94,55173.02,O,0.30591116599760493
13,Groundnuts,protein_rich,922,Peanuts,Argentina,7.03,7.03,0.0,46.76,6.18,10.70,8.17,748.49,15394.46,C,61.696737170103
13,Groundnuts,protein_rich,924,Peanuts,Australia,6.1,6.1,0.0,63.67,1.89,11.71,6.47,0.0,0.0,C,0.050926909757857054
13,Groundnuts,protein_rich,927,Peanuts,China,5.65,5.65,0.0,35.1,1.31,10.10,5.75,831.71,37868.44,C,5.133823683564287
13,Groundnuts,protein_rich,930,Peanuts,China,4.6,4.6,0.0,17.48,3.59,57.03,19.01,880.9,83995.08,C,5.133823683564287
13,Groundnuts,protein_rich,931,Peanuts,China,7.12,7.12,0.0,27.08,3.37,55.64,18.49,852.46,81282.88,C,5.133823683564287
13,Groundnuts,protein_rich,932,Peanuts,India,15.38,15.38,0.0,220.09,3.62,27.56,19.67,6524.68,195134.86,C,9.920822653579602
13,Groundnuts,protein_rich,934,Peanuts,"Iran, Islamic Republic of",5.64,5.64,0.0,88.93,1.32,14.47,5.32,0.0,0.0,C,0.019295508220646334
13,Groundnuts,protein_rich,935,Peanuts,"Iran, Islamic Republic of",5.18,5.18,0.0,81.59,1.28,13.22,5.09,0.0,0.0,C,0.019295508220646334
13,Groundnuts,protein_rich,936,Peanuts,"Iran, Islamic Republic of",5.09,5.09,0.0,80.22,1.3,12.82,5.17,0.0,0.0,C,0.019295508220646334
13,Groundnuts,protein_rich,937,Peanuts,United States,10.27,10.27,0.0,12.79,1.96,13.73,8.65,0.0,0.0,C,6.436077845602373
13,Groundnuts,protein_rich,938,Peanuts,United States,7.1,7.1,0.0,8.84,1.75,12.97,7.75,838.46,966.5,C,3.63778313012308
13,Groundnuts,protein_rich,939,Peanuts,United States,10.27,10.27,0.0,12.79,1.94,13.10,5.99,0.0,0.0,C,1.6789768292875753
13,Groundnuts,protein_rich,940,Peanuts,United States,7.1,7.1,0.0,8.84,1.75,12.36,5.28,838.46,966.5,C,1.119317886191717
14,Soymilk,milks,948,Soybeans,Argentina,0.6,0.6,0.0,5.23,1.07,3.18,0.52,1.27,6.25,C,0.04504594969808653
14,Soymilk,milks,958,Soybeans,Brazil,0.28,0.28,0.0,5.38,1.28,3.84,1.46,1.27,2.39,C,0.31756734148760396
14,Soymilk,milks,959,Soybeans,Brazil,0.31,0.31,0.0,3.96,1.25,3.46,1.48,1.27,2.39,C,0.25802346495867823
14,Soymilk,milks,963,Soybeans,Brazil,0.35,0.35,0.0,21.8,1.27,3.23,1.45,1.27,2.39,C,0.08600782165289274
14,Soymilk,milks,964,Soybeans,Brazil,0.58,0.58,0.0,7.33,0.74,3.26,1.53,1.27,2.39,C,0.25802346495867823
14,Soymilk,milks,965,Soybeans,Brazil,0.28,0.28,0.0,5.29,0.92,3.36,0.56,1.27,2.39,C,0.30433536892562046
14,Soymilk,milks,967,Soybeans,Brazil,0.37,0.37,0.0,4.62,0.76,3.74,1.48,1.27,2.39,C,1.1313336540495893
14,Soymilk,milks,968,Soybeans,Brazil,0.34,0.34,0.0,6.61,0.84,3.99,1.45,1.27,2.39,C,0.6086707378512409
14,Soymilk,milks,969,Soybeans,Brazil,0.45,0.45,0.0,8.56,1.4,3.34,1.11,1.27,2.39,C,0.4432710808264472
14,Soymilk,milks,970,Soybeans,Brazil,0.39,0.39,0.0,7.29,1.29,3.26,1.07,1.27,2.39,C,0.31756734148760396
14,Soymilk,milks,971,Soybeans,Brazil,0.29,0.29,0.0,5.5,1.14,3.23,1.05,1.27,2.39,C,0.30433536892562046
14,Soymilk,milks,1020,Soybeans,Switzerland,0.51,0.51,0.0,4.01,0.86,4.03,4.2,1.22,1.0,C,47.267544293201766
14,Soymilk,milks,1021,Soybeans,Switzerland,0.54,0.54,0.0,4.26,0.83,3.75,4.28,1.22,1.0,O,47.267544293201766
14,Soymilk,milks,1033,Soybeans,United States,0.72,0.72,0.0,2.34,0.76,3.38,1.27,1.22,11.61,C,0.9470614103310349
14,Soymilk,milks,1036,Soybeans,United States,0.92,0.92,0.0,3.02,0.75,3.45,1.72,1.22,11.61,C,0.4266042388878536
14,Soymilk,milks,1037,Soybeans,United States,0.93,0.93,0.0,3.05,0.77,3.30,1.71,1.22,11.61,O,0.017064169555514142
15,Tofu,protein_rich,1043,Soybeans,Argentina,3.25,3.25,0.0,28.1,3.65,8.83,2.93,6.61,32.44,C,0.04504594969808653
15,Tofu,protein_rich,1053,Soybeans,Brazil,1.53,1.53,0.0,28.9,4.78,12.37,7.98,6.61,12.43,C,0.31756734148760396
15,Tofu,protein_rich,1054,Soybeans,Brazil,1.69,1.69,0.0,21.3,4.64,10.34,8.09,6.61,12.43,C,0.25802346495867823
15,Tofu,protein_rich,1058,Soybeans,Brazil,1.91,1.91,0.0,117.22,4.74,9.09,7.93,6.61,12.43,C,0.08600782165289274
15,Tofu,protein_rich,1059,Soybeans,Brazil,3.12,3.12,0.0,39.4,1.9,9.24,8.4,6.61,12.43,C,0.25802346495867823
15,Tofu,protein_rich,1060,Soybeans,Brazil,1.51,1.51,0.0,28.44,2.86,9.78,3.15,6.61,12.43,C,0.30433536892562046
15,Tofu,protein_rich,1062,Soybeans,Brazil,1.97,1.97,0.0,24.86,1.98,11.67,8.09,6.61,12.43,C,1.1313336540495893
15,Tofu,protein_rich,1063,Soybeans,Brazil,1.83,1.83,0.0,35.53,2.4,13.04,7.91,6.61,12.43,C,0.6086707378512409
15,Tofu,protein_rich,1064,Soybeans,Brazil,2.44,2.44,0.0,46.03,5.44,9.68,6.14,6.61,12.43,C,0.4432710808264472
15,Tofu,protein_rich,1065,Soybeans,Brazil,2.08,2.08,0.0,39.22,4.87,9.24,5.9,6.61,12.43,C,0.31756734148760396
15,Tofu,protein_rich,1066,Soybeans,Brazil,1.57,1.57,0.0,29.55,4.06,9.08,5.8,6.61,12.43,C,0.30433536892562046
15,Tofu,protein_rich,1115,Soybeans,Switzerland,2.72,2.72,0.0,21.55,2.54,13.49,22.71,6.34,5.2,C,47.267544293201766
15,Tofu,protein_rich,1116,Soybeans,Switzerland,2.89,2.89,0.0,22.89,2.41,11.97,23.12,6.34,5.2,O,47.267544293201766
15,Tofu,protein_rich,1128,Soybeans,United States,3.85,3.85,0.0,12.6,2.0,9.98,6.91,6.34,60.29,C,0.9470614103310349
15,Tofu,protein_rich,1131,Soybeans,United States,4.95,4.95,0.0,16.21,1.98,10.38,9.37,6.34,60.29,C,0.4266042388878536
15,Tofu,protein_rich,1132,Soybeans,United States,5.01,5.01,0.0,16.42,2.05,9.58,9.3,6.34,60.29,O,0.017064169555514142
16,Soybean Oil,oils,1136,Soybean oil,Argentina,9.25,9.25,0.0,79.98,7.72,15.19,2.61,1.58,7.77,C,0.10844094556654392
16,Soybean Oil,oils,1139,Soybean oil,Brazil,5.26,5.26,0.0,323.51,2.87,18.05,16.24,1.58,2.98,C,11.183590443646885
16,Soybean Oil,oils,1140,Soybean oil,Brazil,11.76,11.76,0.0,723.04,21.31,15.03,20.25,1.58,2.98,C,1.3921481880058364
16,Soybean Oil,oils,1143,Soybean oil,United States,11.09,11.09,0.0,36.35,2.87,12.32,6.51,44.3,1575.31,C,0.026689332402014817
16,Soybean Oil,oils,1155,Soybeans,Brazil,4.42,4.42,0.0,83.42,10.95,21.56,17.21,1.58,2.98,C,2.0418173424085593
16,Soybean Oil,oils,1156,Soybeans,Brazil,4.87,4.87,0.0,61.48,10.53,15.70,17.53,1.58,2.98,C,1.6705778256070034
16,Soybean Oil,oils,1160,Soybeans,Brazil,5.5,5.5,0.0,338.32,10.83,12.10,17.07,1.58,2.98,C,0.5568592752023346
16,Soybean Oil,oils,1161,Soybeans,Brazil,9.01,9.01,0.0,113.7,2.29,12.55,18.42,1.58,2.98,C,1.6705778256070034
16,Soybean Oil,oils,1162,Soybeans,Brazil,4.35,4.35,0.0,82.07,5.41,14.09,3.26,1.58,2.98,C,1.9490074632081702
16,Soybean Oil,oils,1163,Soybeans,Brazil,7.04,7.04,0.0,132.86,12.83,13.80,11.89,1.58,2.98,C,2.8771062552120616
16,Soybean Oil,oils,1164,Soybeans,Brazil,6.0,6.0,0.0,113.19,11.19,12.53,11.2,1.58,2.98,C,2.0418173424085593
16,Soybean Oil,oils,1165,Soybeans,Brazil,4.52,4.52,0.0,85.28,8.86,12.08,10.9,1.58,2.98,C,1.9490074632081702
16,Soybean Oil,oils,1213,Soybeans,Switzerland,7.85,7.85,0.0,62.19,4.57,25.39,59.93,1.52,1.25,C,33.677314905763
16,Soybean Oil,oils,1214,Soybeans,Switzerland,8.33,8.33,0.0,66.05,4.2,21.01,61.13,1.52,1.25,O,33.677314905763
16,Soybean Oil,oils,1226,Soybeans,United States,11.1,11.1,0.0,36.38,3.01,15.25,14.35,1.52,14.44,C,2.6956225726034964
16,Soybean Oil,oils,1228,Soybeans,United States,14.28,14.28,0.0,46.79,2.97,16.41,21.46,1.52,14.44,C,2.4287292485833483
16,Soybean Oil,oils,1229,Soybeans,United States,14.46,14.46,0.0,47.4,3.17,14.09,21.25,1.52,14.44,O,0.053378664804029634
17,Palm Oil,oils,1234,Palm oil,Cameroon,4.72,4.72,0.0,282.19,6.67,14.96,10.17,6.39,31.57,C,0.3754656898102797
17,Palm Oil,oils,1241,Palm oil,Malaysia,2.59,2.59,0.0,272.04,7.34,18.12,17.1,7.41,6.01,C,9.148585554412547
17,Palm Oil,oils,1242,Palm oil,Malaysia,2.38,2.38,0.0,257.78,5.45,17.74,10.29,6.39,3.75,C,9.148585554412547
17,Palm Oil,oils,1243,Palm oil,Malaysia,2.38,2.38,0.0,257.78,3.55,17.86,5.49,6.39,3.75,C,2.442382568825068
17,Palm Oil,oils,1245,Palm oil,Malaysia,2.57,2.57,0.0,278.3,4.69,15.73,6.66,6.39,3.75,C,9.148585554412547
17,Palm Oil,oils,1247,Palm oil,Thailand,3.05,3.05,0.0,100.43,2.9,7.13,1.97,6.39,34.76,C,0.253198783033311
17,Palm Oil,oils,1248,Palm oil,Thailand,2.93,2.93,0.0,96.64,1.64,7.38,2.02,6.39,34.76,C,0.1222338952574605
17,Palm Oil,oils,1249,Palm oil,Thailand,2.7,2.7,0.0,88.83,-0.27,6.81,1.9,6.39,34.76,C,0.0480204588511452
17,Palm Oil,oils,1251,Palm fruit,Brazil,2.6,2.6,0.0,198.66,5.13,10.16,5.36,6.47,12.05,C,13.384905560948297
17,Palm Oil,oils,1252,Palm fruit,Indonesia,2.02,2.02,0.0,804.79,9.0,15.84,16.3,6.39,67.22,C,55.9280363800368
18,Sunflower Oil,oils,1263,Sunflower oil,Italy,13.3,13.3,0.0,190.27,4.52,-,27.4,2.87,50.96,C,0.6696909846598691
18,Sunflower Oil,oils,1264,Sunflower oil,Italy,9.86,9.86,0.0,141.01,3.35,-,19.91,2.87,50.96,C,0.6696909846598691
18,Sunflower Oil,oils,1265,Sunflower oil,Portugal,6.33,6.33,0.0,114.69,2.14,12.55,9.83,2461.45,125503.66,C,0.12404983292871549
18,Sunflower Oil,oils,1266,Sunflower oil,Portugal,6.54,6.54,0.0,118.53,2.64,18.41,15.26,1132.09,57667.31,C,0.12404983292871549
18,Sunflower Oil,oils,1267,Sunflower oil,Portugal,6.54,6.54,0.0,118.51,2.46,13.70,11.07,1696.42,86464.91,C,0.12404983292871549
18,Sunflower Oil,oils,1268,Sunflower oil,Portugal,29.18,29.18,0.0,529.03,3.16,9.19,10.79,2.87,44.0,C,0.12404983292871549
18,Sunflower Oil,oils,1269,Sunflower oil,Portugal,23.68,23.68,0.0,429.26,2.9,9.29,9.74,2.87,44.0,C,0.12404983292871549
18,Sunflower Oil,oils,1270,Sunflower oil,Portugal,17.74,17.74,0.0,321.54,2.65,8.71,8.31,2.87,44.0,C,0.12404983292871549
18,Sunflower Oil,oils,1273,Sunflower oil,Spain,19.29,19.29,0.0,282.37,3.41,14.32,175.69,6.06,190.99,C,36.09850138225621
18,Sunflower Oil,oils,1279,Sunflower seeds,France,6.43,6.43,0.0,8.74,2.23,16.13,27.65,2.87,6.64,C,3.1482982996376854
18,Sunflower Oil,oils,1280,Sunflower seeds,France,8.63,8.63,0.0,11.74,2.48,18.12,52.63,2.87,6.64,C,3.1482982996376854
18,Sunflower Oil,oils,1281,Sunflower seeds,France,10.06,10.06,0.0,34.49,2.64,17.52,16.09,22.31,167.75,C,3.1482982996376854
18,Sunflower Oil,oils,1282,Sunflower seeds,France,8.69,8.69,0.0,29.8,3.56,16.00,17.37,2.87,6.64,C,3.1482982996376854
18,Sunflower Oil,oils,1284,Sunflower seeds,Germany,10.81,10.81,0.0,14.3,2.6,25.05,11.22,2.87,3.56,O,0.07465555050889844
18,Sunflower Oil,oils,1285,Sunflower seeds,Italy,6.59,6.59,0.0,94.22,4.1,9.91,24.61,724.63,3518.71,C,0.6696909846598691
18,Sunflower Oil,oils,1286,Sunflower seeds,Italy,9.66,9.66,0.0,138.19,2.86,15.11,15.85,15.88,751.97,C,0.6696909846598691
18,Sunflower Oil,oils,1287,Sunflower seeds,Italy,15.79,15.79,0.0,225.85,4.29,54.70,33.16,15.63,738.36,C,0.6696909846598691
18,Sunflower Oil,oils,1288,Sunflower seeds,Italy,14.2,14.2,0.0,203.06,3.38,33.74,22.29,16.25,772.01,C,0.6696909846598691
18,Sunflower Oil,oils,1289,Sunflower seeds,Italy,6.76,6.76,0.0,96.61,2.84,14.68,14.76,15.15,712.58,C,0.6696909846598691
18,Sunflower Oil,oils,1290,Sunflower seeds,Italy,10.52,10.52,0.0,150.47,3.87,47.68,28.53,15.62,737.9,C,0.6696909846598691
18,Sunflower Oil,oils,1291,Sunflower seeds,Spain,27.04,27.04,0.0,417.97,3.67,13.79,94.63,5.03,231.41,C,36.09850138225621
18,Sunflower Oil,oils,1292,Sunflower seeds,Switzerland,7.91,7.91,0.0,62.74,3.8,22.33,49.72,2.87,2.36,C,9.033321611576712
19,Rapeseed Oil,oils,1294,Canola oil,Australia,21.04,21.04,0.0,145.61,1.95,63.97,9.18,1.43,36.48,C,1.844417983276956
19,Rapeseed Oil,oils,1295,Canola oil,Australia,24.84,24.84,0.0,662.31,2.39,34.80,10.88,1.43,36.48,C,0.6671299088448567
19,Rapeseed Oil,oils,1296,Rapeseed oil,Australia,46.91,46.91,0.0,1250.73,7.83,23.19,3.33,11.65,169.91,C,0.6671299088448567
19,Rapeseed Oil,oils,1297,Canola oil,Australia,20.79,20.79,0.0,608.37,3.88,-,11.47,1.43,36.48,C,0.6671299088448567
19,Rapeseed Oil,oils,1300,Rapeseed oil,Denmark,6.0,6.0,0.0,8.37,3.6,23.08,19.41,1.43,6.92,C,0.21420368855790411
19,Rapeseed Oil,oils,1301,Rapeseed oil,France,4.66,4.66,0.0,15.65,2.27,17.47,12.63,1.43,3.32,C,0.8258511491842221
19,Rapeseed Oil,oils,1302,Rapeseed oil,Germany,5.97,5.97,0.0,8.96,3.08,28.66,55.75,7.24,8.99,C,4.428194752117249
19,Rapeseed Oil,oils,1309,Rapeseed oil,Spain,27.07,27.07,0.0,390.33,4.43,21.66,5.64,4994.79,395154.76,C,26.100701183170205
19,Rapeseed Oil,oils,1310,Rapeseed oil,Sweden,9.51,9.51,0.0,3.73,6.31,19.66,3.65,1.43,5.77,C,0.006907715683864866
19,Rapeseed Oil,oils,1312,Canola,Australia,25.03,25.03,0.0,732.65,2.12,-,14.5,1.43,36.48,C,0.6671299088448567
19,Rapeseed Oil,oils,1323,Rapeseed,Chile,10.85,10.85,0.0,68.44,2.76,46.18,15.95,1.49,58.66,C,1.0787517247837795
19,Rapeseed Oil,oils,1324,Rapeseed,Denmark,6.86,6.86,0.0,9.58,4.95,27.85,26.93,680.26,2231.81,C,0.21420368855790411
19,Rapeseed Oil,oils,1326,Winter rapeseed,France,5.1,5.1,0.0,7.79,3.69,26.84,25.12,76.86,313.67,C,0.327224040242805
19,Rapeseed Oil,oils,1327,Winter rapeseed,France,5.53,5.53,0.0,8.46,3.73,26.58,20.04,83.31,340.22,C,0.327224040242805
19,Rapeseed Oil,oils,1328,Winter rapeseed,France,4.74,4.74,0.0,7.25,3.34,23.55,16.22,73.63,300.38,C,0.327224040242805
19,Rapeseed Oil,oils,1329,Winter rapeseed,France,5.12,5.12,0.0,7.83,3.37,22.96,18.25,79.52,324.61,C,0.327224040242805
19,Rapeseed Oil,oils,1330,Winter rapeseed,France,6.27,6.27,0.0,8.35,3.82,25.60,25.7,1.43,3.32,C,0.24931355447070858
19,Rapeseed Oil,oils,1331,Winter rapeseed,France,5.61,5.61,0.0,7.47,3.86,28.03,24.96,1.43,3.32,C,0.24931355447070858
19,Rapeseed Oil,oils,1332,Winter rapeseed,France,5.26,5.26,0.0,7.01,3.54,24.62,21.77,1.43,3.32,C,0.24931355447070858
19,Rapeseed Oil,oils,1333,Winter rapeseed,France,5.59,5.59,0.0,7.45,3.72,27.11,24.92,1.43,3.32,C,0.21814936016186998
19,Rapeseed Oil,oils,1334,Winter rapeseed,France,5.22,5.22,0.0,6.95,3.45,24.14,20.3,1.43,3.32,C,0.21814936016186998
19,Rapeseed Oil,oils,1335,Rapeseed,France,6.47,6.47,0.0,21.73,4.13,26.40,16.73,1.43,3.32,C,0.8258511491842221
19,Rapeseed Oil,oils,1336,Rapeseed,France,6.84,6.84,0.0,9.12,4.9,27.46,37.14,9.15,13.58,C,0.21814936016186998
19,Rapeseed Oil,oils,1337,Rapeseed,France,6.85,6.85,0.0,10.49,3.38,16.39,17.2,1.43,3.32,C,0.6544480804856099
19,Rapeseed Oil,oils,1338,Rapeseed,France,6.31,6.31,0.0,21.19,4.09,15.05,13.19,1.43,3.32,C,0.8258511491842221
19,Rapeseed Oil,oils,1340,Winter rapeseed,Germany,5.51,5.51,0.0,8.27,2.92,16.81,27.93,1.43,1.78,C,4.428194752117249
19,Rapeseed Oil,oils,1341,Rapeseed,Germany,5.48,5.48,0.0,7.68,3.35,14.72,12.95,6.55,14.18,C,3.3527760266030593
19,Rapeseed Oil,oils,1343,Rapeseed,Germany,5.06,5.06,0.0,7.6,3.36,26.06,6.5,1.43,1.78,C,4.428194752117249
19,Rapeseed Oil,oils,1348,Rapeseed,Italy,6.91,6.91,0.0,21.49,3.14,33.84,7.6,528.85,5217.56,C,5.220140236634041
19,Rapeseed Oil,oils,1349,Rapeseed,Italy,7.73,7.73,0.0,24.04,3.59,41.04,9.33,528.4,5213.12,C,5.220140236634041
19,Rapeseed Oil,oils,1350,Rapeseed,Italy,6.79,6.79,0.0,21.12,3.29,36.24,8.17,529.14,5220.42,C,5.220140236634041
19,Rapeseed Oil,oils,1351,Rapeseed,Italy,19.47,19.47,0.0,403.03,7.75,69.07,16.15,12110.25,1044364.87,C,5.220140236634041
19,Rapeseed Oil,oils,1352,Rapeseed,Italy,64.03,64.03,0.0,199.06,13.64,190.76,45.54,791.78,999.18,C,5.220140236634041
19,Rapeseed Oil,oils,1354,Rapeseed,Poland,6.99,6.99,0.0,14.07,3.92,30.39,8.64,1.43,2.78,C,18.141976080120408
19,Rapeseed Oil,oils,1355,Winter rapeseed,Sweden,5.56,5.56,0.0,3.25,3.55,11.98,13.82,1.43,5.77,C,0.048354009787054064
19,Rapeseed Oil,oils,1356,Winter rapeseed,Sweden,12.71,12.71,0.0,7.42,5.49,14.52,20.53,1.43,5.77,C,0.010361573525797299
19,Rapeseed Oil,oils,1357,Winter rapeseed,Sweden,8.23,8.23,0.0,4.8,4.37,13.67,9.57,1.43,5.77,C,0.006907715683864866
19,Rapeseed Oil,oils,1358,Spring rapeseed,Sweden,10.3,10.3,0.0,6.02,4.84,13.45,24.97,1.43,5.77,C,0.003453857841932433
19,Rapeseed Oil,oils,1359,Spring rapeseed,Sweden,16.36,16.36,0.0,9.55,6.22,14.47,26.85,1.43,5.77,C,0.006907715683864866
19,Rapeseed Oil,oils,1360,Spring rapeseed,Sweden,12.35,12.35,0.0,7.21,5.42,14.71,14.33,1.43,5.77,C,0.013815431367729732
19,Rapeseed Oil,oils,1361,Winter rapeseed,Switzerland,6.13,6.13,0.0,48.59,3.7,33.89,61.29,1.43,1.18,C,0.001047586044673917
19,Rapeseed Oil,oils,1362,Winter rapeseed,Switzerland,6.66,6.66,0.0,52.81,3.69,33.53,43.59,1.43,1.18,C,0.005237930223369585
19,Rapeseed Oil,oils,1363,Winter rapeseed,Switzerland,7.71,7.71,0.0,61.11,3.75,45.72,66.17,1.43,1.18,C,0.002095172089347834
19,Rapeseed Oil,oils,1364,Winter rapeseed,Switzerland,10.15,10.15,0.0,80.42,4.35,78.70,66.65,1.43,1.18,O,0.001047586044673917
19,Rapeseed Oil,oils,1367,Rapeseed,United Kingdom,6.73,6.73,0.0,8.45,3.43,21.43,17.55,1.43,4.49,C,1.0384542766595675
19,Rapeseed Oil,oils,1368,Rapeseed,United Kingdom,19.3,19.3,0.0,24.25,3.49,12.63,34.25,1.43,4.49,O,0.011287546485430082
20,Olive Oil,oils,1373,Extra virgin olive oil,Greece,14.78,14.78,0.0,823.06,3.35,33.92,37.45,390.1,31082.73,C,12.779746324311532
20,Olive Oil,oils,1374,Extra virgin olive oil,Greece,18.39,18.39,0.0,1024.02,5.35,45.81,39.86,317.87,24395.66,C,12.779746324311532
20,Olive Oil,oils,1375,Olive oil,"Iran, Islamic Republic of",20.08,20.08,0.0,541.58,3.32,111.78,63.74,2360.56,71851.91,C,0.899245105431857
20,Olive Oil,oils,1376,Extra virgin olive oil,Italy,22.61,22.61,0.0,905.71,1.89,9.83,17.09,3.21,130.32,C,9.41356543706744
20,Olive Oil,oils,1377,Extra virgin olive oil,Italy,12.75,12.75,0.0,649.41,2.87,20.07,5.87,591.34,50637.01,C,9.41356543706744
20,Olive Oil,oils,1378,Extra virgin olive oil,Italy,24.37,24.37,0.0,976.12,4.79,64.57,21.25,171.98,2833.17,C,8.327384809713505
20,Olive Oil,oils,1380,"Extra virgin olive oil (""GranFruttato"")",Italy,9.24,9.24,0.0,470.76,2.18,11.39,3.21,6131.72,476013.48,C,9.41356543706744
20,Olive Oil,oils,1382,Virgin olive oil,Portugal,30.4,30.4,0.0,1095.84,5.25,40.65,39.24,8.51,130.37,C,11.76775036731901
20,Olive Oil,oils,1383,Virgin olive oil,Portugal,36.32,36.32,0.0,1309.32,10.71,59.90,53.03,8.51,130.37,C,9.167142551336909
20,Olive Oil,oils,1388,Olives,Greece,15.01,15.01,0.0,618.84,5.14,-,26.43,6589.34,532468.57,C,12.779746324311532
20,Olive Oil,oils,1389,Olives,Italy,6.72,6.72,0.0,342.38,5.77,54.70,39.5,1132.3,97791.01,C,0.5430903136769679
20,Olive Oil,oils,1390,Olives,Italy,14.16,14.16,0.0,721.29,6.93,75.84,52.38,1408.25,121766.63,C,0.18103010455898927
20,Olive Oil,oils,1391,Olives,Italy,13.38,13.38,0.0,535.99,3.68,26.22,27.74,8.51,151.0,C,1.2672107319129249
20,Olive Oil,oils,1392,Olives,Italy,5.79,5.79,0.0,231.84,3.6,37.57,30.92,2166.25,172476.95,C,1.2672107319129249
21,Tomatoes,vegetables,1414,Tomatoes,China,0.21,0.21,0.0,0.86,0.45,5.99,1.97,71.64,6830.73,O,0.062085386629234435
21,Tomatoes,vegetables,1415,Tomatoes,China,0.21,0.21,0.0,0.86,0.43,5.98,1.92,71.1,6733.57,C,0.5488348178024325
21,Tomatoes,vegetables,1417,Tomatoes,China,0.18,0.18,0.0,0.85,0.73,4.28,2.04,83.35,2949.78,C,0.22599080733041332
21,Tomatoes,vegetables,1425,Tomatoes,France,0.05,0.05,0.0,0.19,2.64,5.77,3.35,33.99,281.72,C,1.487215471160307
21,Tomatoes,vegetables,1426,Tomatoes,France,0.11,0.11,0.0,0.41,0.77,3.86,1.46,10.62,88.04,O,0.37180386779007674
21,Tomatoes,vegetables,1428,Tomatoes,France,0.07,0.07,0.0,0.27,0.73,3.56,1.97,11.34,94.01,C,0.7436077355801535
21,Tomatoes,vegetables,1429,Tomatoes,Hungary,0.02,0.02,0.0,0.04,1.03,4.56,1.72,17.25,22.21,C,0.4132928027417271
21,Tomatoes,vegetables,1430,Tomatoes,Hungary,0.02,0.02,0.0,0.04,6.25,8.33,2.29,17.25,22.21,C,0.4132928027417271
21,Tomatoes,vegetables,1433,Tomatoes,Italy,0.13,0.13,0.0,1.82,0.88,3.12,1.69,43.95,2131.56,C,19.68365206736926
21,Tomatoes,vegetables,1434,Tomatoes,Italy,0.16,0.16,0.0,0.54,0.6,2.99,0.61,93.64,270.4,O,19.68365206736926
21,Tomatoes,vegetables,1435,Tomatoes,Italy,0.17,0.17,0.0,3.75,1.0,4.29,1.29,32.64,2815.46,C,19.68365206736926
21,Tomatoes,vegetables,1436,Tomatoes,Morocco,0.09,0.09,0.0,0.84,0.72,4.46,1.25,48.3,3399.94,C,1.175100762916189
21,Tomatoes,vegetables,1437,Tomatoes,Netherlands,0.02,0.02,0.0,0.04,2.9,6.04,1.2,16.6,15.43,C,4.11160725422613
21,Tomatoes,vegetables,1440,Tomatoes,Netherlands,0.02,0.02,0.0,0.04,2.9,6.04,1.2,16.6,25.04,C,4.11160725422613
21,Tomatoes,vegetables,1445,Tomatoes,Spain,0.12,0.12,0.0,1.59,0.87,4.61,1.55,73.07,5056.52,C,3.336708664899778
21,Tomatoes,vegetables,1446,Tomatoes,Spain,0.12,0.12,0.0,1.55,0.71,3.67,0.62,68.96,4771.68,C,3.336708664899778
21,Tomatoes,vegetables,1447,Tomatoes,Spain,0.08,0.08,0.0,1.04,0.74,3.84,1.12,40.99,2836.09,C,1.1122362216332595
21,Tomatoes,vegetables,1448,Tomatoes,Spain,0.07,0.07,0.0,1.0,0.7,3.72,0.76,50.06,3464.25,C,1.1122362216332595
21,Tomatoes,vegetables,1449,Tomatoes,Spain,0.07,0.07,0.0,0.97,0.72,3.81,0.68,71.82,4969.5,C,3.336708664899778
21,Tomatoes,vegetables,1450,Tomatoes,Spain,0.07,0.07,0.0,0.96,0.9,4.75,1.63,71.46,4944.5,C,3.336708664899778
21,Tomatoes,vegetables,1451,Tomatoes,Spain,0.14,0.14,0.0,1.85,0.58,3.37,0.53,60.57,4190.94,C,3.336708664899778
21,Tomatoes,vegetables,1452,Tomatoes,Spain,0.07,0.07,0.0,0.97,0.61,3.19,0.49,31.02,2146.8,C,1.1122362216332595
21,Tomatoes,vegetables,1455,Tomatoes (loose classic),Spain,0.07,0.07,0.0,1.27,0.82,3.80,0.93,36.83,3561.79,C,1.1122362216332595
21,Tomatoes,vegetables,1456,Tomatoes (vine),Spain,0.19,0.19,0.0,3.15,1.22,6.51,0.6,65.27,6347.58,C,1.1122362216332595
21,Tomatoes,vegetables,1457,Tomatoes (loose classic),Spain,0.13,0.13,0.0,2.15,0.86,5.02,0.59,46.07,4480.65,C,1.1122362216332595
21,Tomatoes,vegetables,1458,Tomatoes (baby plum),Spain,0.27,0.27,0.0,4.49,3.67,11.32,0.83,89.58,8712.37,C,1.1122362216332595
21,Tomatoes,vegetables,1465,Tomatoes,Turkey,0.16,0.16,0.0,0.98,0.37,4.04,1.07,61.14,384.65,C,2.367675493330743
21,Tomatoes,vegetables,1471,Tomatoes,United States,0.14,0.14,0.0,0.98,0.67,3.32,0.74,140.25,8245.92,C,0.18748796992195232
21,Tomatoes,vegetables,1472,Tomatoes,United States,0.17,0.17,0.0,0.39,0.64,3.12,0.64,28.35,24.27,C,0.011193311637131484
21,Tomatoes,vegetables,1473,Tomatoes,United States,0.14,0.14,0.0,1.04,0.63,3.34,0.79,131.25,7716.83,O,0.005596655818565742
21,Tomatoes,vegetables,1474,Tomatoes,United States,0.15,0.15,0.0,0.64,0.8,4.49,1.48,50.7,85.3,C,0.03637826282067732
21,Tomatoes,vegetables,1475,Tomatoes,United States,0.15,0.15,0.0,0.64,0.84,5.04,1.68,50.7,85.3,C,0.019588295364980093
21,Tomatoes,vegetables,1476,Tomatoes,United States,0.21,0.21,0.0,1.52,0.65,3.72,1.56,133.04,7821.81,C,0.18748796992195232
22,Onions & Leeks,vegetables,1478,Onions,Australia,0.28,0.28,0.0,2.65,0.35,2.70,1.0,58.18,121.24,C,0.1534254535949986
22,Onions & Leeks,vegetables,1479,Leeks,Belgium,0.31,0.31,0.0,0.5,0.35,2.79,1.05,61.53,140.53,C,2.9536999253383978
22,Onions & Leeks,vegetables,1480,Leeks,Belgium,0.43,0.43,0.0,0.69,0.29,2.71,1.07,61.5,140.48,O,2.9536999253383978
22,Onions & Leeks,vegetables,1481,Onions,China,0.3,0.3,0.0,2.06,0.36,3.08,1.57,1.06,48.25,C,4.963242322576385
22,Onions & Leeks,vegetables,1485,Onions,Denmark,0.37,0.37,0.0,0.57,0.7,3.86,1.98,31.43,103.03,C,0.07935881051792301
22,Onions & Leeks,vegetables,1486,Onions,India,0.62,0.62,0.0,12.16,0.77,4.78,7.44,1.91,57.03,C,3.9953328318653645
22,Onions & Leeks,vegetables,1491,Onions,Netherlands,0.3,0.3,0.0,0.5,0.33,2.93,1.52,0.62,0.94,C,24.139935911915224
22,Onions & Leeks,vegetables,1492,Onions,New Zealand,0.5,0.5,0.0,9.63,0.37,3.12,4.12,0.7,8.5,C,0.18616260798600304
22,Onions & Leeks,vegetables,1494,Onions,Spain,0.1,0.1,0.0,1.41,0.42,3.49,0.98,72.36,5007.27,C,28.00764107229694
22,Onions & Leeks,vegetables,1495,Onions,Spain,0.1,0.1,0.0,1.43,0.61,4.61,2.01,75.47,5222.18,C,28.00764107229694
22,Onions & Leeks,vegetables,1499,Onions,Switzerland,0.35,0.35,0.0,2.96,0.33,3.55,6.22,1.54,2.73,C,4.04037440863231
22,Onions & Leeks,vegetables,1500,Onions,United Kingdom,0.34,0.34,0.0,0.5,0.32,2.45,0.66,17.51,80.68,C,0.5194856576411041
23,Root Vegetables,vegetables,1509,Carrots,Denmark,0.19,0.19,0.0,0.29,0.37,3.32,0.67,16.28,53.37,C,3.81316948148633
23,Root Vegetables,vegetables,1510,Carrots,Denmark,0.22,0.22,0.0,0.33,0.4,3.03,0.65,16.28,53.37,C,3.81316948148633
23,Root Vegetables,vegetables,1511,Carrots,Denmark,0.23,0.23,0.0,0.35,0.47,4.26,2.23,19.0,62.26,O,0.23345935600936724
23,Root Vegetables,vegetables,1512,Carrots,Denmark,0.3,0.3,0.0,0.46,0.52,4.22,1.26,25.08,82.19,O,0.23345935600936724
23,Root Vegetables,vegetables,1513,Carrots,Denmark,0.25,0.25,0.0,0.39,0.49,4.00,2.36,19.0,62.26,O,0.23345935600936724
23,Root Vegetables,vegetables,1514,Carrots,France,0.27,0.27,0.0,0.49,0.29,2.92,0.98,7.65,27.59,O,18.899432666333944
23,Root Vegetables,vegetables,1515,Carrots,France,0.2,0.2,0.0,0.37,0.3,3.27,1.31,10.5,37.89,C,9.394454834142604
23,Root Vegetables,vegetables,1516,Carrots,France,0.18,0.18,0.0,0.34,0.29,3.05,1.05,62.48,429.27,C,35.47788237364442
23,Root Vegetables,vegetables,1529,Carrots,Sweden,0.25,0.25,0.0,0.43,0.27,3.21,0.78,0.0,0.0,C,1.3229363507197476
23,Root Vegetables,vegetables,1530,Carrots,Switzerland,0.28,0.28,0.0,2.4,0.31,2.91,2.46,20.49,36.36,C,6.942430058008156
23,Root Vegetables,vegetables,1531,Carrots,Switzerland,0.31,0.31,0.0,2.67,0.3,2.96,2.84,22.91,40.66,O,0.8815784200645277
23,Root Vegetables,vegetables,1532,Carrots,United Kingdom,0.19,0.19,0.0,0.27,0.27,2.35,0.49,9.89,45.58,C,12.528985439169373
23,Root Vegetables,vegetables,1533,Celeriac,United Kingdom,2.41,2.41,0.0,3.2,1.47,-,9.89,0.0,0.0,C,5.914303685570635
23,Root Vegetables,vegetables,1534,Celeriac,United Kingdom,1.14,1.14,0.0,1.51,0.38,-,2.03,0.0,0.0,O,0.31127914134582296
24,Brassicas,vegetables,1539,Broccoli,Australia,1.06,1.06,0.0,9.74,0.47,3.52,1.62,259.32,540.36,C,0.0006055974355931415
24,Brassicas,vegetables,1543,Pakchoi,China,0.77,0.77,0.0,3.62,0.93,9.62,6.64,148.78,5265.52,C,0.06676711727414385
24,Brassicas,vegetables,1549,Cauliflower,Spain,0.27,0.27,0.0,3.9,0.63,3.81,0.94,191.72,13266.69,C,18.392550959847412
24,Brassicas,vegetables,1550,Cauliflower,Spain,0.3,0.3,0.0,4.28,0.83,4.86,2.09,200.64,13883.67,C,18.392550959847412
24,Brassicas,vegetables,1551,Broccoli,Spain,0.42,0.42,0.0,7.49,0.82,8.08,2.59,380.28,37922.84,C,18.392550959847412
24,Brassicas,vegetables,1552,Broccoli,Spain,0.64,0.64,0.0,10.89,0.97,7.30,1.55,253.15,19799.1,C,18.392550959847412
24,Brassicas,vegetables,1553,Broccoli,Spain,0.72,0.72,0.0,12.3,1.45,10.61,2.72,201.97,15929.92,C,18.392550959847412
24,Brassicas,vegetables,1557,Cabbage,Switzerland,0.16,0.16,0.0,1.38,0.28,1.93,2.73,7.86,13.95,C,5.124185203370371
24,Brassicas,vegetables,1558,Cabbage,Switzerland,0.18,0.18,0.0,1.56,0.25,2.40,2.5,8.99,15.96,O,1.7080617344567908
24,Brassicas,vegetables,1561,Savoy cabbage,United Kingdom,1.15,1.15,0.0,1.53,0.76,-,3.92,0.0,0.0,C,0.6132777109886223
24,Brassicas,vegetables,1562,Savoy cabbage,United Kingdom,4.01,4.01,0.0,5.33,0.65,-,3.12,0.0,0.0,O,0.04487397885282603
24,Brassicas,vegetables,1563,Cauliflower,United Kingdom,1.07,1.07,0.0,1.56,0.61,1.97,1.07,53.41,246.13,C,0.14957992950942006
24,Brassicas,vegetables,1564,Broccoli,United Kingdom,0.61,0.61,0.0,0.88,0.74,4.11,1.22,6.09,26.31,C,0.14957992950942006
24,Brassicas,vegetables,1565,Broccoli,United Kingdom,0.89,0.89,0.0,1.3,0.81,4.26,1.58,4.31,18.09,C,0.14957992950942006
24,Brassicas,vegetables,1566,Broccoli,United States,2.3,2.3,0.0,46.12,0.73,5.67,1.94,641.65,60922.85,C,0.03043127113855536
24,Brassicas,vegetables,1567,Broccoli,United States,2.36,2.36,0.0,47.18,0.8,2.98,1.21,656.46,62328.7,O,0.00030279871779657073
25,Other Vegetables,vegetables,1572,Cucumber,China,0.19,0.19,0.0,0.89,0.4,3.44,1.78,83.05,2939.44,C,13.292130878514138
25,Other Vegetables,vegetables,1573,Cucumber,Denmark,0.03,0.03,0.0,0.04,5.61,11.13,3.74,20.48,67.14,C,0.010705330200674781
25,Other Vegetables,vegetables,1574,Cucumber,Denmark,0.03,0.03,0.0,0.04,5.61,11.13,3.2,12.29,40.28,C,0.010705330200674781
25,Other Vegetables,vegetables,1575,Hokkaido pumpkins,Germany,0.8,0.8,0.0,1.01,0.14,1.46,0.8,0.41,0.38,C,2.8092482935439667
25,Other Vegetables,vegetables,1576,Hokkaido pumpkins,Germany,1.73,1.73,0.0,2.19,0.25,2.40,1.2,0.71,0.66,O,0.5618496587087934
25,Other Vegetables,vegetables,1577,Hokkaido pumpkins,Germany,0.55,0.55,0.0,0.84,0.09,2.37,0.63,9.57,8.9,C,2.8092482935439667
25,Other Vegetables,vegetables,1578,Cucumber,"Iran, Islamic Republic of",0.08,0.08,0.0,0.15,0.53,3.91,0.92,16.31,248.84,C,0.7855703437652163
25,Other Vegetables,vegetables,1579,Cucumber,"Iran, Islamic Republic of",0.09,0.09,0.0,1.75,0.71,2.31,0.28,335.41,27373.85,C,0.7855703437652163
25,Other Vegetables,vegetables,1580,Cucumber,"Iran, Islamic Republic of",0.11,0.11,0.0,0.45,1.55,9.48,2.48,127.11,6590.89,C,0.7855703437652163
25,Other Vegetables,vegetables,1581,Cucumber,"Iran, Islamic Republic of",0.1,0.1,0.0,0.42,1.55,10.19,2.68,128.95,6686.33,C,0.7855703437652163
25,Other Vegetables,vegetables,1582,Cucumber,"Iran, Islamic Republic of",0.11,0.11,0.0,0.44,1.45,9.40,2.47,115.94,6012.02,C,0.7855703437652163
25,Other Vegetables,vegetables,1583,Pumpkins,United States,1.07,1.07,0.0,10.3,0.4,3.64,4.92,74.91,899.6,C,0.035453691557819605
25,Other Vegetables,vegetables,1586,Lettuce,Australia,0.32,0.32,0.0,3.61,0.56,3.34,1.29,69.55,427.92,C,0.21964723653330032
25,Other Vegetables,vegetables,1587,Lettuce,Australia,0.37,0.37,0.0,4.25,0.62,3.78,1.48,171.43,1054.68,C,0.21964723653330032
25,Other Vegetables,vegetables,1588,Lettuce,Greece,0.44,0.44,0.0,8.82,0.47,3.05,0.65,145.04,8990.64,C,3.46574847861739
25,Other Vegetables,vegetables,1589,Lettuce,Greece,1.04,1.04,0.0,21.18,0.86,7.94,2.61,278.47,17262.04,O,0.43321855982717383
25,Other Vegetables,vegetables,1590,Lettuce,Italy,1.27,1.27,0.0,21.52,0.67,3.49,1.69,36.0,337.97,C,12.096570408075182
25,Other Vegetables,vegetables,1591,Lettuce,Italy,1.57,1.57,0.0,26.54,0.62,3.19,1.39,13.88,130.26,C,2.880135811446472
25,Other Vegetables,vegetables,1592,Lambs lettuce,Italy,2.08,2.08,0.0,6.77,3.0,12.58,2.74,200.77,669.27,C,2.880135811446472
25,Other Vegetables,vegetables,1593,Artichokes,Italy,1.54,1.54,0.0,37.48,0.94,6.47,2.57,359.65,33220.25,C,16.128760544100246
25,Other Vegetables,vegetables,1594,Chicory,Italy,0.77,0.77,0.0,2.82,0.77,3.69,2.86,93.66,270.45,C,8.640407434339414
25,Other Vegetables,vegetables,1597,Lettuce,Spain,0.73,0.73,0.0,13.13,0.63,3.38,1.58,150.23,14784.85,C,1.0108651903525865
25,Other Vegetables,vegetables,1598,Lettuce,Spain,0.2,0.2,0.0,3.55,0.62,4.74,1.31,168.19,16771.94,C,4.043460761410346
25,Other Vegetables,vegetables,1599,Artichokes,Spain,1.16,1.16,0.0,20.74,1.09,9.08,2.67,785.3,78311.65,C,5.054325951762933
25,Other Vegetables,vegetables,1600,Lettuce,Spain,0.32,0.32,0.0,5.44,0.73,7.46,1.78,109.57,8669.87,C,4.043460761410346
25,Other Vegetables,vegetables,1601,Lettuce,Spain,0.33,0.33,0.0,5.68,0.46,6.20,1.32,103.6,8197.33,C,4.043460761410346
25,Other Vegetables,vegetables,1611,Lettuce,Thailand,0.64,0.64,0.0,21.86,1.09,-,7.23,1435.82,11169.61,C,0.2778181849558455
25,Other Vegetables,vegetables,1612,Lettuce,Thailand,0.28,0.28,0.0,9.66,0.51,4.52,1.96,746.71,5808.85,O,0.09260606165194848
25,Other Vegetables,vegetables,1614,Lettuce,United Kingdom,0.15,0.15,0.0,0.21,1.1,2.06,0.54,34.47,158.86,C,0.039307111697346984
25,Other Vegetables,vegetables,1615,Lettuce,United Kingdom,0.53,0.53,0.0,0.78,0.57,4.34,1.17,52.91,243.83,C,0.05896066754602049
25,Other Vegetables,vegetables,1616,Lettuce,United Kingdom,0.34,0.34,0.0,0.5,0.41,2.18,0.77,61.93,285.38,C,0.05896066754602049
25,Other Vegetables,vegetables,1617,Lettuce,United Kingdom,0.57,0.57,0.0,0.84,0.46,3.96,1.31,209.67,966.17,C,0.05896066754602049
25,Other Vegetables,vegetables,1618,Lettuce,United Kingdom,0.09,0.09,0.0,0.14,6.78,8.58,1.38,123.61,569.62,C,0.039307111697346984
25,Other Vegetables,vegetables,1619,Lettuce,United Kingdom,0.1,0.1,0.0,0.14,2.87,3.47,0.53,15.67,72.2,C,0.039307111697346984
25,Other Vegetables,vegetables,1620,Lettuce,United States,0.45,0.45,0.0,3.29,1.0,3.28,0.88,247.47,14549.73,C,0.06363483100121468
25,Other Vegetables,vegetables,1621,Lettuce,United States,0.48,0.48,0.0,3.88,1.13,-,1.22,390.48,11097.2,C,0.06363483100121468
25,Other Vegetables,vegetables,1622,Iceberg lettuce,United States,1.05,1.05,0.0,21.09,0.64,4.45,1.23,146.68,13926.58,C,0.06363483100121468
25,Other Vegetables,vegetables,1623,Lettuce,United States,1.8,1.8,0.0,35.99,0.77,3.65,1.15,283.71,26937.11,O,0.001818138028606134
25,Other Vegetables,vegetables,1627,Runner beans,Kenya,0.82,0.82,0.0,12.0,12.0,57.38,12.87,192.67,1863.16,C,2.629065821045049
25,Other Vegetables,vegetables,1628,Green beans,Spain,0.49,0.49,0.0,8.81,0.52,3.00,0.81,101.36,9798.14,C,2.5271629758814664
25,Other Vegetables,vegetables,1629,Green beans,Spain,0.39,0.39,0.0,7.09,2.33,6.11,1.18,80.37,7769.18,C,2.5271629758814664
25,Other Vegetables,vegetables,1630,Green beans,Spain,1.24,1.24,0.0,22.34,0.67,4.84,1.92,289.22,27958.84,C,2.5271629758814664
25,Other Vegetables,vegetables,1632,Runner beans,United Kingdom,1.61,1.61,0.0,2.35,1.15,6.62,2.47,105.33,485.38,C,0.1572284467893879
25,Other Vegetables,vegetables,1633,Runner beans,United Kingdom,1.6,1.6,0.0,2.34,0.89,6.39,2.37,49.37,227.5,C,0.1572284467893879
26,Citrus Fruit,fruit,1634,Oranges,Brazil,1.02,1.02,0.0,16.6,0.33,2.00,0.25,0.0,0.0,O,0.5134206633872243
26,Citrus Fruit,fruit,1635,Oranges,Brazil,0.81,0.81,0.0,13.28,0.38,2.29,0.28,41.42,25.25,O,0.359394464371057
26,Citrus Fruit,fruit,1636,Oranges,Brazil,0.93,0.93,0.0,15.09,0.38,2.85,0.35,0.0,0.0,C,7.726980983977725
26,Citrus Fruit,fruit,1641,Oranges,"Iran, Islamic Republic of",0.69,0.69,0.0,25.43,0.43,4.05,2.88,139.19,4347.29,C,4.72423706315785
26,Citrus Fruit,fruit,1642,Oranges,"Iran, Islamic Republic of",0.83,0.83,0.0,30.66,0.56,5.15,3.51,139.24,4348.84,C,13.99773944639363
26,Citrus Fruit,fruit,1643,Blood oranges,Italy,0.53,0.53,0.0,28.63,0.38,3.09,1.1,248.63,22965.34,C,5.921749993735286
26,Citrus Fruit,fruit,1644,Lemons,Italy,0.42,0.42,0.0,22.57,0.87,6.43,2.24,230.52,21292.41,C,2.6318888861045715
26,Citrus Fruit,fruit,1645,Lemons,Italy,0.47,0.47,0.0,25.17,0.29,3.44,0.83,214.73,19834.19,O,0.4934791661446072
26,Citrus Fruit,fruit,1646,Oranges,Italy,0.45,0.45,0.0,24.18,0.94,5.70,2.23,244.67,22599.51,C,5.921749993735286
26,Citrus Fruit,fruit,1647,Oranges,Italy,0.52,0.52,0.0,28.02,0.28,3.27,0.91,234.35,21646.66,O,1.9739166645784287
26,Citrus Fruit,fruit,1649,Clementine,Morocco,0.5,0.5,0.0,10.52,0.52,3.20,6.48,465.79,46578.87,C,10.339844251140617
26,Citrus Fruit,fruit,1650,Clementine,Morocco,1.1,1.1,0.0,16.66,0.36,5.97,1.74,504.85,35538.7,C,12.67464779172076
26,Citrus Fruit,fruit,1654,Oranges,Spain,0.29,0.29,0.0,14.19,0.27,1.73,1.55,118.85,11330.54,C,6.503542982668912
26,Citrus Fruit,fruit,1655,Oranges,Spain,0.39,0.39,0.0,18.97,0.36,3.08,0.81,175.53,17504.34,C,6.503542982668912
26,Citrus Fruit,fruit,1656,Mandarin,Spain,0.42,0.42,0.0,20.23,0.4,3.50,0.96,185.34,18482.4,C,9.34884303758656
26,Citrus Fruit,fruit,1657,Lemons,Spain,0.34,0.34,0.0,16.52,0.32,2.65,0.65,140.69,14030.09,C,3.048535773126052
26,Citrus Fruit,fruit,1658,Citrus,Spain,0.43,0.43,0.0,21.03,0.58,3.83,2.1,116.8,11135.22,C,6.503542982668912
26,Citrus Fruit,fruit,1659,Citrus,Spain,0.79,0.79,0.0,38.28,0.32,3.97,2.27,116.8,11135.26,O,0.812942872833614
27,Bananas,fruit,1664,Bananas,Australia,0.26,0.26,0.0,3.44,0.86,5.85,2.52,159.96,219.14,C,0.009865290814289685
27,Bananas,fruit,1666,Bananas,Colombia,17.64,17.64,0.0,1764.08,0.75,7.31,3.51,1.94,1.07,C,38.09790072782916
27,Bananas,fruit,1668,Bananas,Costa Rica,0.41,0.41,0.0,46.94,0.86,-,6.77,51.52,38.21,C,6.0100286145746376
27,Bananas,fruit,1670,Bananas,Costa Rica,2.99,2.99,0.0,355.85,0.69,9.89,4.5,0.45,0.6,C,6.0100286145746376
27,Bananas,fruit,1672,Bananas,Ecuador,6.27,6.27,0.0,1471.83,0.54,5.95,7.12,0.0,0.0,O,2.8115740150380852
27,Bananas,fruit,1674,Bananas,Ecuador,0.51,0.51,0.0,32.3,1.26,4.83,1.87,376.17,236.91,C,22.492592120304682
27,Bananas,fruit,1681,Bananas,Ecuador,9.44,9.44,0.0,1419.31,0.77,6.24,2.8,0.53,2.44,C,22.492592120304682
27,Bananas,fruit,1682,Bananas,Guadeloupe,0.43,0.43,0.0,106.1,0.77,7.75,5.9,76.97,1213.1,C,0.34101276174328665
27,Bananas,fruit,1683,Bananas,India,1.39,1.39,0.0,44.81,0.8,6.15,1.85,1.05,31.27,C,0.36238501591157446
27,Bananas,fruit,1684,Bananas,Panama,2.2,2.2,0.0,228.86,1.62,13.77,37.37,830.94,349.21,C,1.1124308772881208
27,Bananas,fruit,1685,Bananas,Peru,0.74,0.74,0.0,60.77,0.49,3.36,1.54,0.0,0.0,O,0.1990827246225468
27,Bananas,fruit,1686,Bananas,Thailand,1.43,1.43,0.0,53.82,0.72,4.61,3.14,0.0,0.0,C,0.060507116994310065
28,Apples,fruit,1690,Apples,China,0.99,0.99,0.0,9.86,0.55,4.19,2.0,1.72,78.34,C,3.0595363618545965
28,Apples,fruit,1696,Apples,France,0.34,0.34,0.0,14.55,0.22,1.48,0.44,49.49,51.19,C,0.5215186109947688
28,Apples,fruit,1697,Apples,France,0.38,0.38,0.0,16.15,0.23,1.49,0.49,49.48,51.18,C,0.5215186109947688
28,Apples,fruit,1698,Apples,France,0.42,0.42,0.0,17.99,0.23,1.51,0.55,49.47,51.17,C,0.5215186109947688
28,Apples,fruit,1699,Apples,France,0.39,0.39,0.0,16.47,0.23,1.52,0.47,49.5,51.2,C,0.5215186109947688
28,Apples,fruit,1700,Apples,France,0.34,0.34,0.0,14.52,0.22,1.47,0.27,49.5,51.2,C,0.5215186109947688
28,Apples,fruit,1701,Apples,France,0.47,0.47,0.0,20.1,0.24,1.55,0.61,49.46,51.16,C,0.5215186109947688
28,Apples,fruit,1702,Apples,France,0.86,0.86,0.0,36.73,0.31,2.54,0.46,49.49,51.19,O,0.052151861099476886
28,Apples,fruit,1703,Apples,France,0.56,0.56,0.0,24.03,0.25,2.01,0.34,49.46,51.16,O,0.052151861099476886
28,Apples,fruit,1704,Apples,France,0.91,0.91,0.0,38.86,0.31,2.45,0.45,49.48,51.18,O,0.052151861099476886
28,Apples,fruit,1705,Apples,France,0.28,0.28,0.0,0.98,0.3,2.44,0.62,0.0,0.0,C,0.5215186109947688
28,Apples,fruit,1706,Apples,France,0.35,0.35,0.0,1.04,0.3,2.11,0.36,39.25,63.65,C,0.5215186109947688
28,Apples,fruit,1707,Apples,France,0.37,0.37,0.0,1.1,0.38,3.31,0.74,39.68,64.34,C,0.5215186109947688
28,Apples,fruit,1708,Apples,France,0.31,0.31,0.0,2.89,0.26,1.92,0.56,21.48,178.03,C,0.5215186109947688
28,Apples,fruit,1709,Apples,France,0.32,0.32,0.0,3.01,0.26,1.89,0.59,22.66,187.86,C,0.5736704720942458
28,Apples,fruit,1710,Apples,France,0.64,0.64,0.0,5.94,0.33,2.56,1.2,44.11,365.63,O,0.052151861099476886
28,Apples,fruit,1711,Apples,Germany,0.42,0.42,0.0,1.22,0.37,2.51,0.56,14.12,13.13,C,3.1682054425249824
28,Apples,fruit,1712,Apples,Germany,0.9,0.9,0.0,2.6,0.55,4.28,1.12,14.09,13.09,O,0.26401712021041523
28,Apples,fruit,1713,Apples,Italy,0.56,0.56,0.0,3.44,0.48,2.33,0.46,107.33,309.92,C,10.498817806337852
28,Apples,fruit,1714,Apples,Italy,0.61,0.61,0.0,3.74,0.47,2.35,0.45,107.3,309.83,C,10.498817806337852
28,Apples,fruit,1715,Apples,Italy,0.7,0.7,0.0,4.3,0.48,2.32,0.46,107.28,309.78,C,10.498817806337852
28,Apples,fruit,1716,Apples,Italy,0.31,0.31,0.0,1.93,0.3,2.28,0.47,107.31,309.87,C,10.498817806337852
28,Apples,fruit,1717,Apples,Italy,0.53,0.53,0.0,3.29,0.35,2.73,0.67,107.29,309.82,O,6.299290683802712
28,Apples,fruit,1718,Apples,Italy,0.39,0.39,0.0,14.92,0.29,2.00,0.37,0.67,32.36,C,10.498817806337852
28,Apples,fruit,1719,Apples,Italy,0.28,0.28,0.0,1.73,0.3,3.06,0.9,354.87,1024.7,C,10.498817806337852
28,Apples,fruit,1735,Apples,Spain,0.62,0.62,0.0,31.26,0.43,3.17,0.73,185.94,16734.28,C,15.95531053922666
28,Apples,fruit,1736,Apples,Spain,0.84,0.84,0.0,42.28,0.48,5.24,1.23,185.94,16733.69,O,1.4504827762933332
28,Apples,fruit,1737,Apples,Switzerland,0.52,0.52,0.0,1.54,0.38,2.57,0.6,1.99,1.85,C,0.2541543747103515
28,Apples,fruit,1738,Apples,Switzerland,0.72,0.72,0.0,2.16,0.44,3.91,0.97,1.98,1.84,O,0.15249262482621095
28,Apples,fruit,1739,Apples,Switzerland,0.43,0.43,0.0,6.8,0.34,2.12,0.2,0.0,0.0,C,0.2541543747103515
28,Apples,fruit,1741,Apples,United Kingdom,0.92,0.92,0.0,2.16,0.43,1.54,0.29,36.85,169.82,C,0.0759924186867171
28,Apples,fruit,1743,Apples,United Kingdom,0.48,0.48,0.0,1.12,0.44,2.37,0.48,13.38,61.65,C,0.0759924186867171
29,Berries & Grapes,fruit,1758,Strawberries,"Iran, Islamic Republic of",6.86,6.86,0.0,154.59,1.6,6.83,0.79,403.46,12264.55,C,4.231935379635031
29,Berries & Grapes,fruit,1759,Strawberries,"Iran, Islamic Republic of",0.23,0.23,0.0,5.12,1.69,6.70,0.97,765.52,23270.86,C,1.7861583651349255
29,Berries & Grapes,fruit,1763,Raspberries,Spain,1.59,1.59,0.0,66.92,8.3,11.64,5.69,108.93,8619.34,C,6.766991334992198
29,Berries & Grapes,fruit,1765,Strawberries,Spain,0.36,0.36,0.0,5.37,1.04,8.14,17.42,157.29,13440.59,C,86.7405252939909
29,Berries & Grapes,fruit,1768,Strawberries,United Kingdom,0.73,0.73,0.0,1.0,1.79,2.84,0.56,172.04,792.75,C,0.10541991694376618
29,Berries & Grapes,fruit,1769,Raspberries,United Kingdom,1.52,1.52,0.0,3.55,8.41,3.71,4.56,10.95,50.46,C,0.2635497923594155
29,Berries & Grapes,fruit,1770,Strawberries,United Kingdom,0.71,0.71,0.0,0.97,1.21,8.55,3.07,145.21,669.12,C,0.10541991694376618
30,Wine,alcohols,1793,Wine,Canada,3.03,3.03,0.0,9.19,3.11,35.68,10.06,1.67,4.37,C,0.010486855397477025
30,Wine,alcohols,1794,Wine grapes,France,1.85,1.85,0.0,76.53,1.51,10.73,5.19,2.92,38.17,O,0.6583016990088311
30,Wine,alcohols,1795,Wine grapes,France,2.41,2.41,0.0,6.94,1.99,14.40,5.77,4.97,7.23,O,0.32915084950441553
30,Wine,alcohols,1796,Wine grapes,France,2.31,2.31,0.0,6.66,1.89,13.35,5.37,4.84,7.1,C,0.5023881387172657
30,Wine,alcohols,1797,Wine grapes,France,1.72,1.72,0.0,71.06,1.56,10.87,5.38,2.82,35.55,C,2.2694084886883386
30,Wine,alcohols,1799,Wine grapes,Italy,1.84,1.84,0.0,77.1,1.83,11.75,4.05,2.93,52.08,C,1.5730327650887945
30,Wine,alcohols,1800,Wine grapes,Italy,2.36,2.36,0.0,99.13,2.16,13.00,4.63,3.31,58.67,C,1.5730327650887945
30,Wine,alcohols,1806,Red wine,Italy,1.89,1.89,0.0,100.67,1.42,10.33,3.83,1.63,28.99,O,5.3089855821746825
30,Wine,alcohols,1808,Wine,Italy,2.09,2.09,0.0,111.7,1.67,10.55,2.85,7.17,526.55,O,1.9662909563609936
30,Wine,alcohols,1809,Wine,Italy,1.72,1.72,0.0,91.92,1.57,9.95,2.68,6.2,438.95,O,1.9662909563609936
30,Wine,alcohols,1810,Wine,Italy,2.19,2.19,0.0,117.04,1.67,10.70,2.9,5.59,384.64,C,9.634825686168867
30,Wine,alcohols,1811,Wine,Italy,1.9,1.9,0.0,101.2,1.63,10.33,2.78,6.16,435.45,C,9.634825686168867
30,Wine,alcohols,1812,White wine,Italy,1.69,1.69,0.0,89.89,1.75,14.57,1.8,220.25,21483.57,C,5.3089855821746825
30,Wine,alcohols,1813,Red wine,Italy,2.29,2.29,0.0,96.11,1.21,12.66,4.15,1.63,28.99,O,2.162920051997093
30,Wine,alcohols,1814,White wine,Portugal,1.64,1.64,0.0,7.86,4.7,24.01,12.43,3.63,115.17,C,9.888223250671892
30,Wine,alcohols,1818,Red wine,Spain,3.48,3.48,0.0,145.33,1.65,11.11,0.45,15.24,1486.14,C,8.8272157590534
30,Wine,alcohols,1819,Wine,Spain,2.2,2.2,0.0,10.61,4.67,32.35,10.3,14.97,413.87,C,8.8272157590534
30,Wine,alcohols,1820,Wine,Spain,1.37,1.37,0.0,6.6,1.81,13.21,4.16,4.53,60.4,C,8.8272157590534
30,Wine,alcohols,1821,Wine,Spain,3.74,3.74,0.0,18.0,1.28,8.04,2.2,2.48,53.73,O,2.331717370315993
30,Wine,alcohols,1822,Wine,Spain,2.74,2.74,0.0,13.22,1.31,9.18,2.31,2.87,54.8,C,8.8272157590534
30,Wine,alcohols,1823,Wine,Spain,1.61,1.61,0.0,7.75,1.61,13.66,4.93,3.14,55.53,C,8.8272157590534
30,Wine,alcohols,1824,Red wine,Switzerland,2.26,2.26,0.0,6.58,1.15,6.85,3.97,1.63,1.34,O,0.010633389345214612
30,Wine,alcohols,1825,Red wine,Switzerland,2.36,2.36,0.0,6.87,1.16,6.58,4.39,1.63,1.34,O,0.010633389345214612
30,Wine,alcohols,1826,White wine,Switzerland,2.26,2.26,0.0,6.58,1.02,6.24,3.76,1.63,1.34,O,0.010633389345214612
30,Wine,alcohols,1827,White wine,Switzerland,1.44,1.44,0.0,4.2,1.11,6.24,4.64,1.63,1.34,O,0.010633389345214612
30,Wine,alcohols,1828,Red wine,Switzerland,2.44,2.44,0.0,7.09,1.41,9.96,6.08,1.63,1.34,O,0.010633389345214612
30,Wine,alcohols,1829,Red wine,Switzerland,2.93,2.93,0.0,8.54,1.36,9.43,5.7,1.63,1.34,O,0.010633389345214612
30,Wine,alcohols,1830,White wine,Switzerland,1.91,1.91,0.0,5.55,1.32,9.50,5.39,1.63,1.34,O,0.010633389345214612
30,Wine,alcohols,1831,Red wine,Switzerland,1.91,1.91,0.0,5.55,1.14,7.86,4.41,1.63,1.34,O,0.010633389345214612
30,Wine,alcohols,1832,White wine,Switzerland,1.46,1.46,0.0,4.26,0.99,6.97,3.56,1.63,1.34,O,0.010633389345214612
30,Wine,alcohols,1833,White wine,Switzerland,1.81,1.81,0.0,5.28,1.01,7.12,4.02,1.63,1.34,O,0.010633389345214612
30,Wine,alcohols,1834,Red wine,Switzerland,1.85,1.85,0.0,5.38,1.38,8.84,4.94,30.49,28.17,O,0.010633389345214612
30,Wine,alcohols,1835,Red wine,Switzerland,4.01,4.01,0.0,11.65,1.59,9.08,7.06,64.11,59.42,O,0.010633389345214612
30,Wine,alcohols,1836,White wine,Switzerland,2.47,2.47,0.0,7.18,1.45,8.74,5.46,1.63,1.34,O,0.010633389345214612
30,Wine,alcohols,1837,White wine,Switzerland,2.0,2.0,0.0,5.83,1.28,8.17,4.6,1.63,1.34,O,0.010633389345214612
30,Wine,alcohols,1838,Red wine,Switzerland,2.51,2.51,0.0,7.3,1.89,9.31,6.22,1.63,1.34,C,0.021266778690429224
30,Wine,alcohols,1839,Red wine,Switzerland,2.59,2.59,0.0,7.54,1.82,8.79,5.86,1.63,1.34,C,0.021266778690429224
30,Wine,alcohols,1840,White wine,Switzerland,1.85,1.85,0.0,5.38,1.71,8.40,5.05,1.63,1.34,C,0.021266778690429224
30,Wine,alcohols,1841,White wine,Switzerland,2.74,2.74,0.0,7.97,1.94,9.32,6.6,1.63,1.34,C,0.021266778690429224
30,Wine,alcohols,1842,Red wine,Switzerland,2.78,2.78,0.0,8.07,2.08,12.81,7.27,1.63,1.34,C,0.021266778690429224
30,Wine,alcohols,1843,White wine,Switzerland,1.83,1.83,0.0,5.33,1.93,12.06,6.49,5.72,5.14,C,0.021266778690429224
30,Wine,alcohols,1844,Red wine,Switzerland,2.77,2.77,0.0,8.06,1.65,7.27,5.74,1.63,1.34,C,0.021266778690429224
30,Wine,alcohols,1845,White wine,Switzerland,1.45,1.45,0.0,4.21,1.27,5.61,3.53,1.63,1.34,C,0.021266778690429224
30,Wine,alcohols,1846,Red wine,Switzerland,2.03,2.03,0.0,5.92,1.58,7.98,5.56,1.63,1.34,C,0.021266778690429224
30,Wine,alcohols,1847,White wine,Switzerland,1.53,1.53,0.0,4.44,1.49,7.62,4.81,1.63,1.34,C,0.021266778690429224
30,Wine,alcohols,1848,Wine grapes,United States,1.26,1.26,0.0,18.82,1.14,10.78,3.48,336.19,1741.11,C,0.1812727861563886
30,Wine,alcohols,1849,Wine grapes,United States,1.26,1.26,0.0,18.82,1.08,11.24,3.7,336.19,1741.11,O,0.010486855397477025
30,Wine,alcohols,1850,Wine grapes,United States,1.31,1.31,0.0,19.64,1.01,8.91,3.61,311.32,1612.86,C,0.1812727861563886
30,Wine,alcohols,1851,Wine grapes,United States,1.51,1.51,0.0,22.58,0.97,10.78,3.74,249.0,1291.44,O,0.010486855397477025
31,Other Fruit,fruit,1853,Chinese pear,China,0.43,0.43,0.0,3.17,0.03,-,3.12,700.98,19158.11,O,0.3971347639822694
31,Other Fruit,fruit,1855,Chinese pear,China,0.86,0.86,0.0,7.93,2.22,-,10.04,797.64,76055.45,O,0.3971347639822694
31,Other Fruit,fruit,1856,Chinese pear,China,0.72,0.72,0.0,6.61,0.06,-,4.54,797.6,76052.08,O,0.3971347639822694
31,Other Fruit,fruit,1858,Pears,Italy,0.48,0.48,0.0,2.75,0.8,6.84,1.8,117.77,340.06,O,2.0295420446421915
31,Other Fruit,fruit,1862,Peach / Nectarine,France,1.07,1.07,0.0,10.46,0.62,4.62,3.1,189.1,1567.4,O,0.2629381214371582
31,Other Fruit,fruit,1863,Peach / Nectarine,France,0.63,0.63,0.0,6.16,0.58,4.22,2.11,110.27,913.98,C,2.629381214371582
31,Other Fruit,fruit,1866,Peaches,Greece,0.42,0.42,0.0,1.79,0.59,5.34,1.44,260.6,1328.74,C,0.6144779923727739
31,Other Fruit,fruit,1867,Peaches,Greece,0.44,0.44,0.0,19.03,0.57,5.70,1.77,301.23,27675.72,C,2.4579119694910956
31,Other Fruit,fruit,1868,Peaches,Greece,1.53,1.53,0.0,66.06,0.72,7.22,1.99,260.65,1328.99,O,2.4579119694910956
31,Other Fruit,fruit,1869,Nectarines,"Iran, Islamic Republic of",0.68,0.68,0.0,25.11,0.25,6.06,1.89,274.26,23872.76,C,0.45586769420511875
31,Other Fruit,fruit,1870,Peaches,Italy,1.03,1.03,0.0,5.98,0.7,7.64,2.69,46.72,459.9,C,14.206794312495344
31,Other Fruit,fruit,1871,Peaches,Italy,0.8,0.8,0.0,44.02,1.18,6.15,2.79,1540.24,142268.55,C,14.206794312495344
31,Other Fruit,fruit,1873,Peaches,South Africa,1.14,1.14,0.0,72.86,0.6,4.57,2.1,442.69,16869.23,C,2.7757805321064115
31,Other Fruit,fruit,1874,Peaches,Spain,0.4,0.4,0.0,19.79,0.56,3.12,0.67,296.68,26699.93,C,3.643052510467385
31,Other Fruit,fruit,1875,Avocado,Australia,1.17,1.17,0.0,22.86,0.94,8.85,5.2,757.11,4657.98,C,0.20819693183598598
31,Other Fruit,fruit,1885,Kiwi,Greece,0.58,0.58,0.0,27.41,1.3,6.40,14.71,590.35,3010.12,C,1.843433977118322
31,Other Fruit,fruit,1886,Kiwi,"Iran, Islamic Republic of",1.39,1.39,0.0,51.16,0.51,17.18,18.95,1028.87,32135.13,C,0.02681574671794816
31,Other Fruit,fruit,1887,Kiwi,"Iran, Islamic Republic of",1.38,1.38,0.0,50.87,0.48,16.94,18.9,1028.93,32137.18,C,0.02681574671794816
31,Other Fruit,fruit,1888,Kiwi,"Iran, Islamic Republic of",1.31,1.31,0.0,48.41,0.71,18.35,20.09,1028.88,32135.38,C,0.02681574671794816
31,Other Fruit,fruit,1900,Canary melon,Brazil,1.06,1.06,0.0,29.43,2.94,5.62,2.16,0.34,3.62,C,8.319203063937598
31,Other Fruit,fruit,1901,Watermelon,"Iran, Islamic Republic of",0.55,0.55,0.0,0.98,0.85,5.23,1.22,325.97,4973.68,C,4.317335221589654
31,Other Fruit,fruit,1902,Watermelon,"Iran, Islamic Republic of",1.24,1.24,0.0,27.99,0.73,5.79,2.08,0.0,0.0,C,4.317335221589654
31,Other Fruit,fruit,1903,Watermelon,"Iran, Islamic Republic of",1.37,1.37,0.0,30.99,1.0,8.66,4.32,85.61,2602.4,C,4.317335221589654
31,Other Fruit,fruit,1904,Melon,Spain,0.21,0.21,0.0,3.69,0.55,4.19,1.01,181.0,18050.02,C,29.664856156662992
32,Coffee,stimulants,1905,Coffee beans,Brazil,8.4,8.4,0.0,276.64,4.73,52.73,41.13,10.41,19.56,C,32.53498219538796
32,Coffee,stimulants,1906,Coffee beans,Brazil,11.88,11.88,0.0,391.33,7.37,69.97,45.55,34.55,78.78,C,32.53498219538796
32,Coffee,stimulants,1914,Coffee beans,Costa Rica,22.07,22.07,0.0,2194.46,6.1,33.35,192.39,10.41,5.08,O,0.19521181295764548
32,Coffee,stimulants,1915,Coffee beans,Costa Rica,16.05,16.05,0.0,1595.97,7.13,127.11,177.96,10.41,5.08,O,0.19521181295764548
32,Coffee,stimulants,1916,Coffee beans,Costa Rica,15.13,15.13,0.0,1504.77,8.63,58.55,143.17,10.41,5.08,C,0.19521181295764548
32,Coffee,stimulants,1917,Coffee beans,Costa Rica,10.7,10.7,0.0,1063.98,9.73,73.79,112.48,10.41,5.08,C,0.19521181295764548
32,Coffee,stimulants,1918,Coffee beans,Indonesia,40.05,40.05,0.0,12196.61,84.59,105.05,268.8,38.28,811.17,C,9.916403187297046
32,Coffee,stimulants,1923,Coffee beans,Nicaragua,22.53,22.53,0.0,6503.75,37.93,46.40,22.74,10.41,27.83,O,0.274205170894427
32,Coffee,stimulants,1924,Coffee beans,Nicaragua,16.55,16.55,0.0,4776.19,31.38,181.56,59.91,10.41,27.83,O,0.274205170894427
32,Coffee,stimulants,1925,Coffee beans,Nicaragua,19.26,19.26,0.0,5557.75,34.39,37.77,15.58,10.41,27.83,C,0.274205170894427
32,Coffee,stimulants,1926,Coffee beans,Nicaragua,14.92,14.92,0.0,4305.3,29.13,53.35,20.33,10.41,27.83,C,0.274205170894427
32,Coffee,stimulants,1932,Coffee beans,Vietnam,9.58,9.58,0.0,436.83,6.51,87.64,50.0,33.28,501.22,C,23.135964486518763
33,Dark Chocolate,stimulants,1935,Chocolate,Ghana,130.2,130.2,0.0,2264.42,-3.66,27.46,4.46,24.94,542.74,C,5.33019273413109
33,Dark Chocolate,stimulants,1936,Cocoa,Brazil,103.72,103.72,0.0,3929.73,10.74,123.35,40.11,132.41,320.94,C,9.734326701642724
33,Dark Chocolate,stimulants,1941,Cocoa,Ivory Coast,53.8,53.8,0.0,1212.09,4.88,59.24,67.21,31.16,220.56,C,63.590451092931154
33,Dark Chocolate,stimulants,1943,Cocoa,Ghana,39.66,39.66,0.0,1663.48,2.0,6.27,3.38,7.56,153.48,C,5.33019273413109
33,Dark Chocolate,stimulants,1944,Cocoa,Ghana,55.74,55.74,0.0,2338.08,2.3,10.07,36.47,7.56,153.48,C,5.33019273413109
33,Dark Chocolate,stimulants,1945,Cocoa,Ghana,62.93,62.93,0.0,2639.72,3.54,8.17,4.98,7.56,153.48,C,5.33019273413109
33,Dark Chocolate,stimulants,1946,Cocoa,Ghana,77.91,77.91,0.0,1354.97,2.81,72.84,93.03,265.8,5934.7,C,5.33019273413109
33,Dark Chocolate,stimulants,1948,Cocoa,Indonesia,111.57,111.57,0.0,60168.59,257.95,167.50,237.74,68.05,1625.52,C,0.01212926738533844
33,Dark Chocolate,stimulants,1949,Cocoa,Indonesia,44.84,44.84,0.0,32679.49,134.05,6.90,96.89,22.82,751.16,C,0.01212926738533844
34,Bovine Meat (beef herd),protein_rich,1975,Beef,Brazil,742.89,0.0,742.89,1408.28,205.32,437.14,388.3,716.47,450.8,C,0.3416835819164906
34,Bovine Meat (beef herd),protein_rich,1976,Beef,Brazil,66.45,0.0,66.45,125.96,55.77,273.14,114.19,330.12,228.71,C,0.047193864905592624
34,Bovine Meat (beef herd),protein_rich,1977,Beef,Brazil,1971.94,0.0,1971.94,20348.71,374.22,73.56,276.54,573.22,281.0,C,0.13969384012055416
34,Bovine Meat (beef herd),protein_rich,1978,Beef,Brazil,881.83,0.0,881.83,9099.69,266.38,669.06,345.21,470.09,238.31,C,0.3416835819164906
34,Bovine Meat (beef herd),protein_rich,1979,Beef,Brazil,271.51,0.0,271.51,2801.75,145.31,430.79,181.6,367.32,195.78,C,0.10571425738852747
34,Bovine Meat (beef herd),protein_rich,1980,Beef,Brazil,131.33,0.0,131.33,1355.22,111.68,415.68,158.03,305.91,170.36,C,0.0717346746565008
34,Bovine Meat (beef herd),protein_rich,2004,Beef,France,64.89,18.18,46.72,223.1,43.97,235.48,132.45,230.25,1732.07,C,6.815156104602769
34,Bovine Meat (beef herd),protein_rich,2005,Beef,France,63.72,17.85,45.87,224.07,43.9,239.79,132.45,245.39,1857.59,C,6.815156104602769
34,Bovine Meat (beef herd),protein_rich,2006,Beef,France,62.54,16.22,46.32,146.69,43.56,232.61,125.28,176.13,1283.47,C,6.815156104602769
34,Bovine Meat (beef herd),protein_rich,2007,Beef,France,62.8,17.05,45.75,144.19,42.02,239.79,132.45,205.38,1525.97,C,6.815156104602769
34,Bovine Meat (beef herd),protein_rich,2008,Beef,France,70.17,21.37,48.81,232.55,47.86,250.41,128.58,228.74,1719.59,C,6.815156104602769
34,Bovine Meat (beef herd),protein_rich,2009,Beef,France,63.29,20.51,42.78,219.31,48.17,248.97,128.29,228.74,1719.59,C,6.815156104602769
34,Bovine Meat (beef herd),protein_rich,2010,Beef,France,71.14,19.89,51.25,244.12,48.14,253.14,142.22,228.74,1719.59,C,6.815156104602769
34,Bovine Meat (beef herd),protein_rich,2011,Beef,France,63.88,21.82,42.06,227.77,47.12,244.81,137.33,276.13,2112.36,C,6.815156104602769
34,Bovine Meat (beef herd),protein_rich,2012,Beef,France,69.32,20.8,48.52,227.17,47.96,250.27,141.5,239.13,1805.64,C,6.815156104602769
34,Bovine Meat (beef herd),protein_rich,2013,Beef,France,63.36,20.58,42.78,215.8,45.15,233.04,132.02,213.7,1594.86,C,6.815156104602769
34,Bovine Meat (beef herd),protein_rich,2014,Beef,France,70.38,21.0,49.38,170.35,48.71,254.29,142.65,228.74,1719.59,C,6.815156104602769
34,Bovine Meat (beef herd),protein_rich,2015,Beef,France,70.2,21.39,48.81,177.28,48.3,251.99,142.5,234.38,1766.31,C,6.815156104602769
34,Bovine Meat (beef herd),protein_rich,2016,Beef,France,69.85,21.18,48.66,204.44,46.63,258.59,153.13,171.11,1241.85,C,6.815156104602769
34,Bovine Meat (beef herd),protein_rich,2017,Beef,France,56.85,19.1,37.75,147.08,51.52,222.42,103.74,228.33,1716.2,C,6.815156104602769
34,Bovine Meat (beef herd),protein_rich,2035,Beef,Sweden,172.57,31.09,141.48,89.58,50.22,178.03,80.83,658.88,1857.17,O,3.3190021879017046
34,Bovine Meat (beef herd),protein_rich,2044,Beef,United States,131.29,93.78,37.51,283.67,61.61,-,307.29,4898.91,177953.94,C,0.11055427337769645
34,Bovine Meat (beef herd),protein_rich,2045,Beef,United States,160.66,114.76,45.91,347.13,62.52,-,351.34,2490.91,90091.46,C,0.10323279831957086
34,Bovine Meat (beef herd),protein_rich,2046,Beef,United States,202.08,0.0,202.08,243.97,71.78,-,418.9,1848.57,66653.77,C,0.007321475058125593
35,Bovine Meat (dairy herd),protein_rich,2073,Beef,France,65.31,34.91,30.41,143.9,73.92,533.18,204.03,3088.42,86399.99,C,15.385258613907405
35,Bovine Meat (dairy herd),protein_rich,2074,Beef,France,48.57,25.75,22.82,104.98,55.01,385.56,147.5,1984.28,54119.97,C,15.385258613907405
35,Bovine Meat (dairy herd),protein_rich,2075,Beef,France,44.43,27.85,16.57,126.38,53.19,328.37,154.88,3140.91,112868.45,C,15.385258613907405
35,Bovine Meat (dairy herd),protein_rich,2076,Beef,France,35.24,25.95,9.29,146.82,46.67,301.18,140.61,2055.71,60492.46,C,15.385258613907405
35,Bovine Meat (dairy herd),protein_rich,2077,Beef,France,45.78,29.46,16.32,122.2,51.81,324.36,157.03,3167.54,120025.98,C,15.385258613907405
35,Bovine Meat (dairy herd),protein_rich,2078,Beef,France,40.53,30.01,10.52,195.15,46.04,304.97,150.6,2141.83,65250.33,C,15.385258613907405
35,Bovine Meat (dairy herd),protein_rich,2080,Beef,Mexico,104.68,0.45,104.23,2700.26,26.79,464.59,1545.26,8340.28,168179.14,C,0.42695619594043976
35,Bovine Meat (dairy herd),protein_rich,2081,Beef,Mexico,353.4,0.5,352.89,9577.9,41.86,1155.19,2637.27,9328.98,43897.44,C,0.42695619594043976
35,Bovine Meat (dairy herd),protein_rich,2088,Beef,Sweden,47.68,47.68,0.0,62.09,38.22,138.07,87.16,4908.96,149060.98,C,2.468026861688083
35,Bovine Meat (dairy herd),protein_rich,2089,Beef,Sweden,47.2,47.2,0.0,23.12,36.95,136.28,90.88,5370.64,165880.7,C,2.468026861688083
35,Bovine Meat (dairy herd),protein_rich,2090,Beef,Sweden,64.0,36.71,27.3,33.95,38.13,322.44,148.07,2487.85,51125.07,O,1.8984822012985259
36,Lamb & Mutton,protein_rich,2105,Mutton,Australia,43.66,43.66,0.0,558.23,31.97,140.50,23.53,86.27,995.28,C,50.0
36,Lamb & Mutton,protein_rich,2106,Mutton,Australia,43.66,43.66,0.0,558.23,29.84,139.99,23.48,86.27,995.28,C,50.0
37,Pig Meat,protein_rich,2140,Pork,Austria,12.85,12.85,0.0,245.88,10.99,104.00,62.36,1484.13,46991.24,C,12.715031466442749
37,Pig Meat,protein_rich,2147,Pork,Denmark,15.22,15.22,0.0,46.54,9.54,113.56,54.9,1569.82,32595.68,O,0.04357320666066701
37,Pig Meat,protein_rich,2148,Pork,Denmark,20.09,20.09,0.0,61.76,10.66,121.01,76.84,1572.77,32618.86,O,0.04357320666066701
37,Pig Meat,protein_rich,2149,Pork,Denmark,18.78,18.78,0.0,57.37,9.4,101.92,55.1,1567.08,32574.17,O,0.04357320666066701
37,Pig Meat,protein_rich,2155,Pork,Denmark,9.85,9.85,0.0,32.07,8.04,71.28,29.43,2151.48,55363.75,C,2.0043675063906825
37,Pig Meat,protein_rich,2156,Pork,France,16.86,16.86,0.0,156.42,10.22,102.79,46.91,3366.36,119977.55,C,1.8370856711966748
37,Pig Meat,protein_rich,2157,Pork,France,17.06,17.06,0.0,176.89,12.63,57.89,37.89,2849.58,104796.3,C,0.34020105022160646
37,Pig Meat,protein_rich,2158,Pork,France,24.31,24.31,0.0,156.93,13.94,89.26,59.37,3209.2,84170.98,O,0.06804021004432129
37,Pig Meat,protein_rich,2159,Pork,France,265.85,16.38,249.46,2638.27,15.19,124.44,122.49,3590.19,48510.63,C,0.06804021004432129
37,Pig Meat,protein_rich,2160,Pork,France,286.68,20.63,266.05,2825.08,13.07,97.71,125.11,6318.16,69851.46,C,0.06804021004432129
37,Pig Meat,protein_rich,2167,Pork,Germany,12.84,12.84,0.0,178.23,9.58,78.96,36.66,1597.8,45965.62,C,4.976512513905773
37,Pig Meat,protein_rich,2168,Pork,Germany,13.03,13.03,0.0,180.98,9.26,77.14,34.42,1962.89,64450.35,C,4.976512513905773
37,Pig Meat,protein_rich,2169,Pork,Germany,12.92,12.92,0.0,179.41,9.23,77.14,34.25,1932.23,62819.26,C,4.976512513905773
37,Pig Meat,protein_rich,2170,Pork,Germany,12.38,12.38,0.0,171.93,8.6,71.69,30.2,1281.95,32366.0,C,4.976512513905773
37,Pig Meat,protein_rich,2181,Pork,Netherlands,34.35,34.35,0.0,496.54,22.42,123.20,134.14,4542.57,190374.69,C,3.4936211546677733
37,Pig Meat,protein_rich,2188,Pork,Portugal,12.72,12.72,0.0,192.76,10.32,91.34,155.26,5214.66,236070.73,C,5.146204232947695
37,Pig Meat,protein_rich,2189,Pork,Spain,23.82,23.82,0.0,346.74,12.32,132.44,68.37,3166.49,141634.87,C,26.69312647298717
37,Pig Meat,protein_rich,2190,Pork,Spain,31.48,31.48,0.0,458.29,12.75,129.96,79.47,2532.95,101918.69,C,26.69312647298717
37,Pig Meat,protein_rich,2191,Pork,Sweden,41.1,41.1,0.0,264.29,15.74,120.89,53.64,1029.44,21478.53,O,0.01328975793944163
37,Pig Meat,protein_rich,2192,Pork,Sweden,23.47,23.47,0.0,220.11,16.8,86.58,51.11,1193.19,2417.39,C,0.039869273818324905
37,Pig Meat,protein_rich,2193,Pork,Sweden,41.26,41.26,0.0,25.1,16.31,99.01,97.99,1230.29,10091.33,O,0.01328975793944163
37,Pig Meat,protein_rich,2194,Pork,Sweden,42.6,42.6,0.0,26.05,16.82,92.31,63.45,2024.74,49652.75,O,0.01328975793944163
37,Pig Meat,protein_rich,2197,Pork,Sweden,25.25,25.25,0.0,371.49,19.2,86.51,44.26,1261.38,3157.87,C,0.039869273818324905
37,Pig Meat,protein_rich,2198,Pork,Sweden,30.48,30.48,0.0,18.89,11.79,90.01,45.82,1337.48,3354.21,C,0.039869273818324905
37,Pig Meat,protein_rich,2199,Pork,Sweden,24.82,24.82,0.0,15.38,10.72,71.27,37.25,1243.49,3119.21,C,0.039869273818324905
37,Pig Meat,protein_rich,2205,Pork,United Kingdom,11.97,11.97,0.0,76.72,12.33,88.02,34.87,1161.61,31233.84,C,0.12739985946575993
37,Pig Meat,protein_rich,2206,Pork,United Kingdom,29.04,29.04,0.0,128.93,12.91,93.00,73.96,2354.8,86124.15,O,0.015924982433219992
37,Pig Meat,protein_rich,2207,Pork,United Kingdom,15.98,15.98,0.0,222.88,12.85,110.61,48.89,2948.84,117119.61,C,0.23887473649829988
37,Pig Meat,protein_rich,2208,Pork,United Kingdom,16.19,16.19,0.0,226.29,13.38,129.85,51.36,2946.67,117943.32,C,0.12739985946575993
37,Pig Meat,protein_rich,2209,Pork,United Kingdom,16.07,16.07,0.0,224.71,13.17,123.39,50.45,2953.13,117534.94,C,0.12739985946575993
38,Poultry Meat,protein_rich,2227,Chicken,France,14.88,14.88,0.0,211.73,10.29,125.25,50.22,764.49,22063.42,C,4.083418683438784
38,Poultry Meat,protein_rich,2228,Chicken,France,14.36,14.36,0.0,204.29,9.79,112.94,49.6,704.79,17429.06,C,4.083418683438784
38,Poultry Meat,protein_rich,2229,Chicken,France,14.65,14.65,0.0,208.43,9.18,111.26,52.07,824.32,21540.18,C,4.083418683438784
38,Poultry Meat,protein_rich,2230,Chicken,France,12.96,12.96,0.0,184.44,9.11,110.14,48.54,962.63,30825.91,C,4.083418683438784
38,Poultry Meat,protein_rich,2231,Chicken,France,7.24,7.24,0.0,198.88,11.69,70.44,26.88,1050.89,29651.79,C,4.083418683438784
38,Poultry Meat,protein_rich,2232,Chicken,France,10.76,10.76,0.0,287.63,16.1,104.66,40.89,1106.18,20398.53,C,4.083418683438784
38,Poultry Meat,protein_rich,2233,Chicken,France,22.91,22.91,0.0,61.75,9.04,106.47,50.67,3597.99,149220.51,O,0.37121988031261677
38,Poultry Meat,protein_rich,2234,Duck,France,10.71,10.71,0.0,211.47,14.12,121.40,42.68,1376.46,37230.84,C,8.538057247190185
38,Poultry Meat,protein_rich,2235,Turkey,France,11.11,11.11,0.0,334.43,17.5,101.73,42.14,1579.16,50514.81,C,11.879036170003737
38,Poultry Meat,protein_rich,2236,Turkey,France,15.16,15.16,0.0,456.69,23.33,150.66,60.54,2154.98,68991.76,C,0.7424397606252335
38,Poultry Meat,protein_rich,2237,Chicken,France,7.19,7.19,0.0,170.5,6.11,63.47,32.3,712.23,13382.64,C,4.083418683438784
38,Poultry Meat,protein_rich,2238,Chicken,France,10.86,10.86,0.0,197.02,7.5,107.53,45.83,1194.02,21310.54,C,4.083418683438784
38,Poultry Meat,protein_rich,2247,Chicken,Sweden,11.24,11.24,0.0,159.84,5.53,53.98,24.8,1372.09,52605.82,C,3.4316467084358577
38,Poultry Meat,protein_rich,2251,Chicken,United Kingdom,11.77,11.77,0.0,167.44,9.73,71.54,32.97,1600.1,66435.05,C,38.23656776436874
38,Poultry Meat,protein_rich,2252,Chicken,United Kingdom,15.13,15.13,0.0,215.29,11.09,89.04,38.97,1837.03,75382.27,C,0.688947166925563
38,Poultry Meat,protein_rich,2253,Chicken,United Kingdom,52.54,52.54,0.0,747.52,14.86,131.95,76.31,3780.44,171337.17,O,0.688947166925563
38,Poultry Meat,protein_rich,2254,Turkey,United Kingdom,19.48,19.48,0.0,277.07,13.45,171.76,66.81,4710.25,214879.15,C,0.688947166925563
38,Poultry Meat,protein_rich,2255,Turkey,United Kingdom,16.57,16.57,0.0,235.72,12.22,155.61,61.51,4258.24,194100.81,C,0.688947166925563
38,Poultry Meat,protein_rich,2256,Turkey,United Kingdom,18.02,18.02,0.0,256.4,13.01,156.88,65.65,4710.1,214878.43,C,0.688947166925563
38,Poultry Meat,protein_rich,2257,Turkey,United Kingdom,15.12,15.12,0.0,215.04,11.58,142.46,56.63,3955.44,180241.86,C,0.688947166925563
39,Milk,milks,2304,Cow's milk,Denmark,2.38,1.19,1.19,5.58,2.68,22.69,9.8,231.75,2841.08,P,0.024776306480155236
39,Milk,milks,2305,Cow's milk,Denmark,2.24,1.2,1.04,8.33,2.28,21.00,8.73,301.15,7270.48,P,0.024776306480155236
39,Milk,milks,2306,Cow's milk,Denmark,1.76,1.4,0.36,6.1,2.96,25.92,12.16,435.84,7321.41,P,0.13626968564085382
39,Milk,milks,2307,Cow's milk,Denmark,1.41,0.86,0.55,4.93,2.45,22.04,9.81,452.2,7774.83,P,0.13626968564085382
39,Milk,milks,2308,Cow's milk,Denmark,2.26,2.26,0.0,20.07,3.1,26.66,10.46,527.75,20133.57,I,0.13626968564085382
39,Milk,milks,2312,Cow's milk,France,1.73,0.92,0.81,3.42,2.42,16.25,6.0,223.8,6221.33,P,0.5358083747589641
39,Milk,milks,2313,Cow's milk,France,1.78,0.95,0.84,3.52,2.44,16.20,6.0,204.98,5624.54,P,0.5358083747589641
39,Milk,milks,2314,Cow's milk,France,1.63,1.03,0.61,4.32,2.37,14.04,6.25,328.2,11829.14,P,0.5358083747589641
39,Milk,milks,2315,Cow's milk,France,1.36,1.0,0.36,5.17,2.2,13.62,6.01,206.62,6115.93,P,0.5358083747589641
39,Milk,milks,2316,Cow's milk,France,1.7,1.1,0.61,4.16,2.35,14.09,6.44,331.0,12579.55,P,0.5358083747589641
39,Milk,milks,2317,Cow's milk,France,1.55,1.15,0.4,6.83,2.19,13.78,6.4,215.33,6597.39,P,0.5358083747589641
39,Milk,milks,2321,Cow's milk,Germany,1.36,1.36,0.0,10.44,2.32,21.62,8.83,458.51,18961.17,I,2.0191013646006857
39,Milk,milks,2322,Cow's milk,Germany,1.83,0.12,1.71,2.26,1.45,10.55,5.7,54.15,1529.68,P,2.0191013646006857
39,Milk,milks,2326,Cow's milk,Ireland,0.8,0.33,0.48,1.8,1.7,9.70,4.24,28.23,728.96,P,0.02686920876204251
39,Milk,milks,2327,Cow's milk,Ireland,1.21,1.17,0.03,10.6,1.9,15.01,5.52,222.54,8868.32,P,0.02686920876204251
39,Milk,milks,2331,Cow's milk,Italy,1.19,1.17,0.02,14.9,2.36,-,18.91,252.27,9151.09,P,15.22220541472427
39,Milk,milks,2336,Cow's milk,Italy,1.93,1.93,0.0,24.58,2.5,22.76,8.96,514.13,23828.59,I,15.22220541472427
39,Milk,milks,2337,Cow's milk,Italy,1.43,1.43,0.0,18.08,3.33,33.48,14.12,275.37,12827.76,I,15.22220541472427
39,Milk,milks,2338,Cow's milk,Italy,1.61,1.61,0.0,20.64,2.58,23.31,9.31,585.34,27087.4,I,15.22220541472427
39,Milk,milks,2339,Cow's milk,Italy,1.45,1.45,0.0,18.58,2.25,20.67,7.94,739.81,34159.11,I,15.22220541472427
39,Milk,milks,2340,Cow's milk,Italy,1.01,1.01,0.0,12.94,2.06,19.37,7.16,783.33,35928.94,I,15.22220541472427
39,Milk,milks,2353,Cow's milk,Netherlands,1.32,1.13,0.19,8.86,2.0,25.53,23.24,377.53,11912.54,P,0.9016144464922585
40,Cheese,protein_rich,2411,Cow's cheese (Gouda),Netherlands,6.9,5.92,0.98,45.16,9.58,132.56,122.31,2006.75,63234.37,C,0.900191530575921
40,Cheese,protein_rich,2468,Cow's milk,Denmark,21.24,10.63,10.6,49.14,20.18,188.56,88.14,2054.83,25257.23,P,0.04349693164290123
40,Cheese,protein_rich,2469,Cow's milk,Denmark,19.95,10.7,9.25,73.46,16.61,173.46,78.58,2672.83,64701.76,P,0.04349693164290123
40,Cheese,protein_rich,2470,Cow's milk,Denmark,15.71,12.5,3.21,53.74,22.73,217.30,109.13,3872.27,65155.36,P,0.23923312403595678
40,Cheese,protein_rich,2471,Cow's milk,Denmark,12.55,7.69,4.87,43.48,18.16,182.80,88.23,4017.99,69193.14,P,0.23923312403595678
40,Cheese,protein_rich,2472,Cow's milk,Denmark,20.11,20.11,0.0,176.88,23.94,223.88,94.01,4690.82,179249.85,I,0.23923312403595678
40,Cheese,protein_rich,2475,Cow's milk,France,15.58,8.3,7.27,30.98,18.11,132.87,54.9,2010.63,56131.59,P,0.8010616289817464
40,Cheese,protein_rich,2476,Cow's milk,France,16.09,8.53,7.56,31.88,18.33,132.40,54.9,1840.85,50745.03,P,0.8010616289817464
40,Cheese,protein_rich,2477,Cow's milk,France,14.73,9.26,5.47,39.15,17.65,112.93,57.18,2953.02,106747.19,P,0.8010616289817464
40,Cheese,protein_rich,2478,Cow's milk,France,12.26,9.03,3.23,46.81,16.17,109.14,55.0,1855.59,55180.24,P,0.8010616289817464
40,Cheese,protein_rich,2479,Cow's milk,France,15.38,9.9,5.48,37.63,17.53,113.41,58.89,2978.22,113520.34,P,0.8010616289817464
40,Cheese,protein_rich,2480,Cow's milk,France,14.02,10.38,3.64,61.86,16.06,110.56,58.51,1934.25,59525.9,P,0.8010616289817464
40,Cheese,protein_rich,2483,Cow's milk,Germany,12.38,12.38,0.0,95.53,17.34,182.28,80.84,4150.91,172036.15,I,2.57829761563931
40,Cheese,protein_rich,2484,Cow's milk,Germany,16.58,1.09,15.49,20.67,9.42,81.83,52.45,481.86,13868.1,P,2.57829761563931
40,Cheese,protein_rich,2488,Cow's milk,Ireland,7.53,3.07,4.46,17.57,12.02,76.34,40.34,254.32,6830.37,P,0.038882438708899694
40,Cheese,protein_rich,2489,Cow's milk,Ireland,11.33,11.01,0.32,103.62,13.94,126.13,52.28,2077.0,83179.57,P,0.038882438708899694
40,Cheese,protein_rich,2493,Cow's milk,Italy,10.84,10.63,0.22,136.88,17.74,-,172.62,2283.95,83025.8,P,14.559032303477927
40,Cheese,protein_rich,2497,Cow's milk,Italy,17.53,17.53,0.0,225.79,19.01,192.99,82.21,4664.56,216463.29,I,14.559032303477927
40,Cheese,protein_rich,2498,Cow's milk,Italy,12.99,12.99,0.0,166.08,26.55,290.41,129.12,2493.95,116451.46,I,14.559032303477927
40,Cheese,protein_rich,2499,Cow's milk,Italy,14.64,14.64,0.0,189.62,19.68,197.97,85.4,5311.97,246090.04,I,14.559032303477927
40,Cheese,protein_rich,2500,Cow's milk,Italy,13.14,13.14,0.0,170.67,16.67,174.00,72.9,6716.25,310381.02,I,14.559032303477927
40,Cheese,protein_rich,2501,Cow's milk,Italy,9.17,9.17,0.0,118.88,15.0,162.12,65.86,7111.96,326471.12,I,14.559032303477927
40,Cheese,protein_rich,2514,Cow's milk,Netherlands,11.69,10.03,1.66,77.46,17.79,225.97,208.92,3340.4,105671.58,P,0.900191530575921
41,Eggs,protein_rich,2564,Chicken's eggs,France,3.73,3.73,0.0,87.14,4.64,43.64,14.36,457.84,11743.56,C,11.755387747767541
41,Eggs,protein_rich,2565,Chicken's eggs,France,4.49,4.49,0.0,104.91,5.85,54.11,17.77,550.76,14133.4,C,1.9798547785713752
41,Eggs,protein_rich,2566,Chicken's eggs,France,4.25,4.25,0.0,111.61,5.83,44.70,16.32,701.27,21502.63,C,4.083450480803461
41,Eggs,protein_rich,2567,Chicken's eggs,France,8.66,8.66,0.0,21.39,2.56,38.12,17.89,1411.1,56161.4,O,1.3611501602678207
41,Eggs,protein_rich,2581,Chicken's eggs,Sweden,11.36,11.36,0.0,65.18,4.2,39.31,20.89,777.93,25500.89,O,2.102258414720544
41,Eggs,protein_rich,2582,Chicken's eggs,Sweden,5.94,5.94,0.0,43.77,3.28,25.80,14.48,1035.56,38868.13,C,18.80353359833375
41,Eggs,protein_rich,2583,Chicken's eggs,Sweden,5.71,5.71,0.0,42.55,2.95,20.26,11.97,938.03,35439.52,C,18.80353359833375
41,Eggs,protein_rich,2584,Chicken's eggs,United Kingdom,5.71,5.71,0.0,74.41,3.84,53.50,19.4,740.73,29533.13,C,22.307297622867996
41,Eggs,protein_rich,2585,Chicken's eggs,United Kingdom,5.99,5.99,0.0,78.13,4.41,59.26,21.31,803.99,32066.92,C,1.7518820122671195
41,Eggs,protein_rich,2586,Chicken's eggs,United Kingdom,7.28,7.28,0.0,94.87,4.44,63.73,23.07,855.18,34116.22,C,15.299769573799512
41,Eggs,protein_rich,2587,Chicken's eggs,United Kingdom,24.12,24.12,0.0,314.37,5.82,88.75,39.16,2145.41,97886.67,O,1.7518820122671195
42,Fish (farmed),protein_rich,2590,"Grass carp, silver carp, big head carp, common carp, catfish",Brazil,27.01,27.01,0.0,1132.89,34.78,93.39,58.14,16248.32,8457.93,C,2.4056333779932833
42,Fish (farmed),protein_rich,2591,"Grass carp, silver carp, big head carp, common carp, catfish",Brazil,26.26,26.26,0.0,1118.57,32.3,94.33,61.12,11893.6,6194.17,C,2.4056333779932833
42,Fish (farmed),protein_rich,2592,"Grass carp, silver carp, big head carp, common carp, catfish",Brazil,27.27,27.27,0.0,1109.46,32.03,97.27,70.79,10826.0,5639.19,C,2.4056333779932833
42,Fish (farmed),protein_rich,2593,"Tilapia, African catfish",Cameroon,17.73,17.73,0.0,1484.56,87.78,149.37,3505.64,9582.98,9944.75,C,1.21793259400842
42,Fish (farmed),protein_rich,2594,"Tilapia, African catfish",Cameroon,14.7,14.7,0.0,1412.24,40.37,91.25,1237.24,11590.21,12020.48,C,1.21793259400842
42,Fish (farmed),protein_rich,2595,"Tilapia, African catfish",Cameroon,10.84,10.84,0.0,1455.47,34.94,75.85,1556.33,20031.12,12353.76,C,1.21793259400842
42,Fish (farmed),protein_rich,2596,"Tilapia, African catfish",Cameroon,7.59,7.59,0.0,1018.32,28.01,59.91,614.77,19242.93,11869.17,C,1.21793259400842
42,Fish (farmed),protein_rich,2598,Tilapia,China,3.69,3.69,0.0,56.67,14.23,82.35,155.74,3446.41,84956.49,C,2.457712220488458
42,Fish (farmed),protein_rich,2599,Tilapia,China,4.46,4.46,0.0,68.57,17.0,97.82,205.66,3940.22,120318.82,C,2.5927513534823294
42,Fish (farmed),protein_rich,2600,Tilapia,China,4.07,4.07,0.0,62.62,13.23,87.22,172.79,3105.83,135696.05,C,2.40369656729091
42,Fish (farmed),protein_rich,2601,Tilapia,China,3.69,3.69,0.0,56.67,16.72,85.40,171.57,4408.79,84756.32,C,1.1073208905497447
42,Fish (farmed),protein_rich,2603,Rainbow trout,France,7.26,7.26,0.0,110.47,10.63,87.66,153.64,135.95,786.97,C,0.8753753692157517
42,Fish (farmed),protein_rich,2604,Trout,France,5.12,5.12,0.0,138.93,8.84,56.80,98.51,318.82,2827.38,C,0.8753753692157517
42,Fish (farmed),protein_rich,2605,Trout,France,7.12,7.12,0.0,132.81,9.78,57.56,110.66,303.07,3017.06,C,0.8753753692157517
42,Fish (farmed),protein_rich,2612,"Sea bass, sea bream",France,0.82,0.82,0.0,12.41,13.27,95.65,27.45,601.71,14942.7,C,22.176176020132374
42,Fish (farmed),protein_rich,2613,Salmon,France,1.97,1.97,0.0,14.1,8.14,60.92,19.93,839.51,22269.41,C,0.2917917897385839
42,Fish (farmed),protein_rich,2614,"Common carp, tench, roach, perch, sander, pike",France,94.56,94.56,0.0,720.86,38.97,77.64,47.82,45248.93,61658.61,C,5.835835794771677
42,Fish (farmed),protein_rich,2615,"Common carp, tench, roach, perch, pike",France,173.63,173.63,0.0,1309.04,68.72,129.59,57.76,60809.14,121531.73,C,5.835835794771677
42,Fish (farmed),protein_rich,2624,Trout,Peru,26.94,26.94,0.0,569.0,15.34,146.45,226.28,1147.83,24725.79,C,0.24408666849022947
42,Fish (farmed),protein_rich,2625,Trout,Peru,19.08,19.08,0.0,402.93,14.14,88.88,179.52,1409.84,44564.1,C,0.24408666849022947
42,Fish (farmed),protein_rich,2626,Trout,Peru,19.21,19.21,0.0,405.68,14.94,100.98,213.17,786.07,26653.84,C,0.24408666849022947
42,Fish (farmed),protein_rich,2627,Tambaqui,Peru,41.21,41.21,0.0,977.8,31.38,111.59,242.18,108722.88,56453.6,C,0.5491950041030162
42,Fish (farmed),protein_rich,2628,Tambaqui,Peru,22.68,22.68,0.0,586.34,29.05,96.82,194.45,110939.56,129472.81,C,0.5491950041030162
42,Fish (farmed),protein_rich,2629,Tilapia,Peru,93.45,93.45,0.0,2048.36,31.05,116.48,244.05,21297.42,182625.1,C,0.06102166712255737
42,Fish (farmed),protein_rich,2630,Tilapia,Peru,93.52,93.52,0.0,1978.31,32.43,138.58,249.22,6270.3,123606.42,C,0.06102166712255737
42,Fish (farmed),protein_rich,2631,Tilapia,Peru,18.41,18.41,0.0,392.0,24.35,173.88,169.32,5594.82,102861.28,C,0.06102166712255737
42,Fish (farmed),protein_rich,2632,Tilapia,Thailand,0.93,0.93,0.0,15.51,20.08,110.33,147.37,2924.24,48150.32,C,0.5583104308142259
42,Fish (farmed),protein_rich,2633,Tilapia,Thailand,1.02,1.02,0.0,16.9,17.97,114.94,231.68,3741.7,60464.66,C,0.20302197484153672
42,Fish (farmed),protein_rich,2636,Salmon,United Kingdom,4.3,4.3,0.0,113.95,8.69,51.24,84.8,1156.33,830.05,C,13.073652655026397
42,Fish (farmed),protein_rich,2637,Salmon,United Kingdom,6.64,6.64,0.0,140.99,8.31,59.04,91.94,919.61,1307.35,C,13.073652655026397
42,Fish (farmed),protein_rich,2640,Pangasius,Vietnam,0.27,0.27,0.0,4.59,12.95,76.16,129.2,3344.9,121059.23,C,5.523740428602558
42,Fish (farmed),protein_rich,2641,Pangasius,Vietnam,0.33,0.33,0.0,5.57,13.58,80.55,132.52,3321.64,127755.52,C,5.102080853900073
42,Fish (farmed),protein_rich,2642,Pangasius,Vietnam,0.3,0.3,0.0,5.02,12.04,72.04,114.46,2940.07,113381.2,C,3.0359489378578943
43,Crustaceans (farmed),protein_rich,2644,Giant river prawn,Bangladesh,2.41,2.41,0.0,40.34,82.75,393.49,900.4,34806.78,1308548.04,C,4.322353593301463
43,Crustaceans (farmed),protein_rich,2645,Giant river prawn,Bangladesh,2.31,2.31,0.0,38.8,94.58,487.80,1147.46,28834.32,980850.54,C,3.10322822083182
43,Crustaceans (farmed),protein_rich,2646,Tiger prawn,Bangladesh,0.26,0.26,0.0,4.43,17.51,105.78,132.12,5337.93,67788.09,C,2.1057620069930203
43,Crustaceans (farmed),protein_rich,2647,Tiger prawn,Bangladesh,0.08,0.08,0.0,1.27,48.11,166.35,250.87,13549.98,547706.89,C,1.2191253724696436
43,Crustaceans (farmed),protein_rich,2648,Tiger prawn,Bangladesh,1.35,1.35,0.0,22.66,30.88,218.16,493.95,2998.44,91349.07,C,0.2216591586308443
43,Crustaceans (farmed),protein_rich,2649,Giant river prawn,Bangladesh,1.93,1.93,0.0,32.33,43.6,307.15,703.81,4320.62,133713.47,C,5.541478965771106
43,Crustaceans (farmed),protein_rich,2650,Amazon river prawn,Brazil,24.6,24.6,0.0,754.99,87.75,281.92,628.27,10474.68,12574.03,C,6.390307076151308
43,Crustaceans (farmed),protein_rich,2651,Amazon river prawn,Brazil,25.13,25.13,0.0,775.73,69.55,285.99,123.52,10474.68,12574.03,C,3.195153538075654
43,Crustaceans (farmed),protein_rich,2652,Giant giver prawn,Brazil,14.25,14.25,0.0,446.36,48.54,168.53,407.22,6634.04,7888.25,C,6.390307076151308
43,Crustaceans (farmed),protein_rich,2653,Giant giver prawn,Brazil,15.21,15.21,0.0,484.47,38.3,170.96,93.83,6634.04,7888.25,C,3.195153538075654
43,Crustaceans (farmed),protein_rich,2654,Shrimp,China,2.59,2.59,0.0,46.44,12.93,127.18,131.4,1217.26,46979.7,C,11.669955989433689
43,Crustaceans (farmed),protein_rich,2655,Shrimp,China,5.19,5.19,0.0,82.08,8.33,63.82,68.56,864.13,36156.43,C,11.669955989433689
43,Crustaceans (farmed),protein_rich,2656,Shrimp,China,0.62,0.62,0.0,9.6,15.09,88.32,142.35,673.28,23147.34,C,11.669955989433689
43,Crustaceans (farmed),protein_rich,2657,Shrimp,China,0.7,0.7,0.0,10.69,16.32,92.58,147.22,658.55,24258.78,C,11.669955989433689
43,Crustaceans (farmed),protein_rich,2658,Shrimp,Thailand,1.01,1.01,0.0,16.75,21.85,114.68,196.11,1331.45,50918.21,C,1.5374351411757745
43,Crustaceans (farmed),protein_rich,2659,Shrimp,Thailand,0.82,0.82,0.0,13.72,19.12,113.49,192.16,1333.85,50474.59,C,4.099827043135398
43,Crustaceans (farmed),protein_rich,2660,Tiger prawn,Vietnam,0.61,0.61,0.0,10.28,17.26,91.97,120.43,1187.16,51647.14,C,8.648186815433442
43,Crustaceans (farmed),protein_rich,2661,Shrimp,Vietnam,0.45,0.45,0.0,7.54,13.98,82.14,93.2,926.29,40260.05,C,1.0128507081138267
43,Crustaceans (farmed),protein_rich,2662,Tiger prawn,Vietnam,0.6,0.6,0.0,10.07,16.91,95.69,131.99,1352.78,56900.34,C,2.3373477879549847
