product_id,product_name,ingredients_text,country,Department,Aisle,Shelf,country_group,mean_Land,mean_GHG,mean_Eut,mean_WatScar,mean_Biodiversity,mean_Acidification,mean_WaterUse,se_Land,se_GHG,se_Eut,se_WatScar,se_Biodiversity,se_Acidification,se_WaterUse,lower_ci_Land,lower_ci_GHG,lower_ci_Eut,lower_ci_WatScar,lower_ci_Biodiversity,lower_ci_Acidification,lower_ci_WaterUse,upper_ci_Land,upper_ci_GHG,upper_ci_Eut,upper_ci_WatScar,upper_ci_Biodiversity,upper_ci_Acidification,upper_ci_WaterUse,min.impact_Land,min.impact_GHG,min.impact_Eut,min.impact_WatScar,min.impact_Biodiversity,min.impact_Acidification,min.impact_WaterUse,max.impact_Land,max.impact_GHG,max.impact_Eut,max.impact_WatScar,max.impact_Biodiversity,max.impact_Acidification,max.impact_WaterUse,lower_fifth.impact_Land,lower_fifth.impact_GHG,lower_fifth.impact_Eut,lower_fifth.impact_WatScar,lower_fifth.impact_Biodiversity,lower_fifth.impact_Acidification,lower_fifth.impact_WaterUse,lower_tenth.impact_Land,lower_tenth.impact_GHG,lower_tenth.impact_Eut,lower_tenth.impact_WatScar,lower_tenth.impact_Biodiversity,lower_tenth.impact_Acidification,lower_tenth.impact_WaterUse,lower_twentyfifth.impact_Land,lower_twentyfifth.impact_GHG,lower_twentyfifth.impact_Eut,lower_twentyfifth.impact_WatScar,lower_twentyfifth.impact_Biodiversity,lower_twentyfifth.impact_Acidification,lower_twentyfifth.impact_WaterUse,fifty.impact_Land,fifty.impact_GHG,fifty.impact_Eut,fifty.impact_WatScar,fifty.impact_Biodiversity,fifty.impact_Acidification,fifty.impact_WaterUse,upper_seventyfifth.impact_Land,upper_seventyfifth.impact_GHG,upper_seventyfifth.impact_Eut,upper_seventyfifth.impact_WatScar,upper_seventyfifth.impact_Biodiversity,upper_seventyfifth.impact_Acidification,upper_seventyfifth.impact_WaterUse,upper_ninety.impact_Land,upper_ninety.impact_GHG,upper_ninety.impact_Eut,upper_ninety.impact_WatScar,upper_ninety.impact_Biodiversity,upper_ninety.impact_Acidification,upper_ninety.impact_WaterUse,upper_ninetyfifth.impact_Land,upper_ninetyfifth.impact_GHG,upper_ninetyfifth.impact_Eut,upper_ninetyfifth.impact_WatScar,upper_ninetyfifth.impact_Biodiversity,upper_ninetyfifth.impact_Acidification,upper_ninetyfifth.impact_WaterUse
291120242460529,Lye football,"wheat flour, water, yeast, rapeseed oil, dining salt, wheat malt flour, wheat glue",Austria,Cereals and Cereal Products,Bread,"White bread (not high fibre, not multiseed bread)",EUwest,0.184258341290227,0.101096212681495,0.476565830580729,312.023212516637,0.690435213278186,0.677796326097683,5.48426780452111,0.0015987320747478,0.0003836728251708,0.0073580078715651,23.059811506949,0.020105316826491,0.0041326269252939,0.305241524271421,0.181123618870681,0.100343924148707,0.462138577507803,266.808564444514,0.651013606366336,0.669693255871622,4.88576386216358,0.187393063709773,0.101848501214283,0.490993083653655,357.237860588759,0.729856820190036,0.685899396323744,6.08277174687863,0.113985316911765,0.0855755355698529,0.106914549632353,2.07531450073529,0.299579125091912,0.549799486213235,0.127710716636029,0.206256045220588,0.18235659273897,0.437812573713235,13394.1529470782,3.52653671341912,1.95817461681985,150.174541415257,0.13584471148897,0.0754214616727941,0.263268493198529,0.29177814742647,0.244406799908088,0.487946481158088,0.127710716636029,0.102388068106618,0.0761006704044117,0.444228785202206,13.4541847070772,0.161292432444853,0.568114204963235,3.32902614117647,0.145364565716912,0.0844124351102941,0.283365963235294,0.167491161672794,0.243349038327206,0.789408531709558,0.127710716636029,0.139546877022059,0.0907590045955882,0.703826191636029,0.167491161672794,0.248637846231617,0.615935632444853,0.127710716636029,0.187146148161765,0.1230207328125,0.590645702481617,12.0683667081801,0.316334587408088,0.628099890624999,5.3948345086397,0.219212012775735,0.0996514996323529,1.53990415027573,43.4254253658088,1.55692293180147,1.38248109990809,4.50776136369485,0.287936284650735,0.0838915079963235,0.355215853768382,3295.90745627803,3.34746287178309,0.557653707904411,44.3545513183823
291120242558123,Helical,durum wheat semolina,France,Cereals and Cereal Products,"Pasta, rice and other miscellaneous cereals",Other cereals,EUwest,0.151220333333333,0.100256666666667,0.480713666666667,62.7145133333333,0.369506333333333,0.711720976915356,2.53565733333333,0.000751976637215,0.0002138492618611,0.003410153996042,12.1482558838668,0.0106792393525377,0.0029145245393298,0.213842359502896,0.149745891141996,0.0998373605889643,0.474027189079618,38.8947559899743,0.348566957967778,0.706006307421911,2.11636478946662,0.152694775524671,0.100675972744369,0.487400144253715,86.5342706766924,0.390445708698888,0.717435646408802,2.95494987720005,0.137,0.096,0.267,0.508,0.225,0.529,0.219,0.118,0.099,0.351,10479.972,0.227,1.323,127.181,0.099,0.097,0.397,23.436,0.162,0.802,5.792,0.147,0.081,0.362,0.508,0.241,0.445,0.219,0.147,0.104,0.384,0.508,0.528,0.736,0.219,0.153,0.112,0.359,0.508,0.551,0.582,0.219,0.205,0.1,0.374,0.508,0.336,0.785,0.219,0.274,0.086,0.415,0.508,0.984,0.469,0.219,0.155,0.123,0.935,0.748,0.22,0.959,0.4
291120242035935,Natural bread,"t65 wheat flour, filtered water, natural sourdough (t70 wheat flour, water, salt), guerande salt",France,Cereals and Cereal Products,Bread,"White bread (not high fibre, not multiseed bread)",EUwest,0.0896885410741146,0.0585550852300079,0.284303276713922,33.0131336892488,0.232690467824157,0.41608442550806,1.32061973574806,0.0005923713179463,0.0001283317009487,0.0021108488582674,6.26656319480893,0.0109400641532299,0.0018861602745237,0.108584823652752,0.0885270458615066,0.0583034581647499,0.280164418587035,20.725936571891,0.211239678843264,0.412386126716913,1.10771146518596,0.0908500362867226,0.0588067122952659,0.288442134840808,45.3003308066067,0.25414125680505,0.419782724299206,1.53352800631016,0.0804578173262231,0.0563792004621709,0.156804651285413,0.298339935778988,0.132138751083213,0.310672885880088,0.128615051054327,0.0692994339014184,0.0581410504766138,0.206136451689813,6154.71293985353,0.133313317759508,0.776975856369293,74.6912822289517,0.0581410504766138,0.0569664838003186,0.233151485244603,13.7635723128275,0.0951399007799135,0.471001237194386,3.40154509455098,0.0863306507076993,0.0475699503899567,0.212596568409436,0.298339935778988,0.141535284493575,0.261341085475688,0.128615051054327,0.0863306507076993,0.0610774671673519,0.225516801848684,0.298339935778988,0.31008560254194,0.432240536876644,0.128615051054327,0.0898543507365849,0.0657757338725328,0.210834718394993,0.298339935778988,0.323593119319335,0.341798902801911,0.128615051054327,0.120393084320261,0.0587283338147614,0.219643968467208,0.298339935778988,0.197327201617598,0.461017420445877,0.128615051054327,0.160915634652446,0.0505063670806948,0.24372258533126,0.298339935778988,0.577886804737252,0.275435885591231,0.128615051054327,0.0910289174128802,0.0722358505921565,0.549109921168019,0.439287936934415,0.129202334392475,0.563204721283562,0.234913335259046
291120242009849,Rice Crackers Taste Chile,"rice powder, palm oil, sugar, soy sauce, seaweed, malt dextrin, salt, chilli, e150c coloring",France,Cereals and Cereal Products,Biscuits,Biscuits,EUwest,0.201292348132835,0.287241788341673,1.2380333970685,1260.16483720354,12.6182065346497,1.10709800768127,91.9464768026748,0.0009041517207888,0.0015201064303281,0.0218963863265674,48.1156873237414,0.10262193207796,0.0096944914711097,1.36313286589741,0.199519527836929,0.284261231572649,1.19509994110731,1165.82174734629,12.4169900354607,1.0880894819623,89.2737067850828,0.20306516842874,0.290222345110697,1.28096685302969,1354.50792706078,12.8194230338386,1.12610653340024,94.6192468202667,0.13473978105644,0.15953559234037,0.456998127673305,26.685892848535,5.98498131248951,0.624214944163682,7.17311577037999,0.161390800035398,0.251825157409611,0.991441713344931,18968.4819432007,16.2706476239725,1.27419954871346,264.313061753239,0.178048496722592,0.149616233169233,0.436555820699256,517.325455827157,5.91109897482987,0.609243787807062,144.773370019123,0.304106922507306,0.216454249864104,0.414750442498448,251.019057836255,7.56668700804024,0.732086159006238,13.7556768812268,0.21063095058453,0.214362890286746,0.494295043991815,616.177665636466,5.72642704262882,0.70146299666558,139.601841599483,0.180714261932508,0.368921141401415,0.78437515660883,469.457079835207,18.1003001425155,0.909925278705204,127.214871813135,0.198953834424414,0.409706293398294,3.45671674599882,253.544602696488,17.2878096704475,1.83563795609398,13.9242074149194,0.197990883310683,0.183072000643358,0.332636037382019,4309.29127382061,4.89092618589577,0.489600859106104,71.8933015629492,0.177587738302972,0.263631962772109,0.483777085672463,4447.10840438748,16.4067852375215,0.617770477171788,72.8802432984256
291120242332342,Instant noodles soup beef flavour,"noodles (92%) (wheat flour , refined palm oil (contains antioxidant tertiary butylhydroquinone), salt, acidity regulator (potassium carbonate, sodium carbonate, polyphosphates), thickener (guar gum), vitamin b2 (riboflavin),) seasoning powder (7,6%) (salt, sugar, flavour enhancer (monosodium glutamate), artificial beef flavour powder, yeast extract, leek, pepper powder, celery powder, acidity regulator (citric acid), garlic powder, caramel, onion powder,) chili powder (0,4%)",France,Cereals and Cereal Products,"Pasta, rice and other miscellaneous cereals",Pasta,EUwest,0.151674244435152,0.163921195953131,0.54438829600606,137.161802149844,6.51365106397938,,5.28792945601333,0.0006152733943863,0.0004363229484478,0.0028023929114297,8.68751670481626,0.0567207489123849,,0.169225861164579,0.150467843854343,0.163065673411071,0.538893489198471,120.127707560191,6.40243555384011,,4.95611894858779,0.15288064501596,0.164776718495192,0.54988310281365,154.195896739498,6.62486657411865,,5.61973996343888,0.149964738181818,0.0800487624242425,0.33859620969697,37.4981823551515,1.82097881454545,,0.721861898181818,0.126154563636364,0.174101869090909,0.45481762060606,7902.32925746667,8.88686559030301,,98.4688849757576,0.153056812121212,0.139606105454545,0.371762424242424,37.1634458375758,3.88476265090908,,0.721953898181818,0.148466713939394,0.138535071515151,0.376075048484849,86.853448849697,2.98875544,,1.19094091757576,0.141653573333333,0.18004000969697,0.49441870060606,1.60402822424242,9.51520438060604,,0.429302898181818,0.110532835151515,0.180714351515151,0.61317902060606,87.5457012242424,9.06493721939392,,1.19019889818182,0.144595774545455,0.172446281212121,0.700569813333333,75.1477384193939,9.2760903442424,,10.7654613672727,0.153908503030303,0.178599421818182,0.787507852121212,107.406623224242,9.25168820363634,,7.01877389818182,0.149751641212121,0.160893019393939,0.851260046060606,223.303259385455,3.26339905212121,,11.0034291454545
291120242008552,Black sepia twists,"higher quality durum wheat semolina, sepia black (3%) (mollusk) , anise",France,Cereals and Cereal Products,"Pasta, rice and other miscellaneous cereals",Other cereals,EUwest,0.146532503,0.09714871,0.465811543,60.77036342,0.358051637,0.68965762663098,2.457051956,0.0007286653614613,0.0002072199347434,0.0033044392221647,11.7716599514669,0.0103481829326091,0.0028241742786105,0.207213246358306,0.145103768516594,0.0967424024107064,0.45933234621815,37.6890185542851,0.337761382270777,0.684120111891832,2.05075748099315,0.147961237483406,0.0975550175892936,0.47229073978185,83.8517082857149,0.378341891729223,0.695195141370129,2.86334643100685,0.132753,0.093024,0.258723,0.492252,0.218025,0.512601,0.212211,0.114342,0.095931,0.340119,10155.092868,0.219963,1.281987,123.238389,0.095931,0.093993,0.384693,22.709484,0.156978,0.777138,5.612448,0.142443,0.078489,0.350778,0.492252,0.233529,0.431205,0.212211,0.142443,0.100776,0.372096,0.492252,0.511632,0.713184,0.212211,0.148257,0.108528,0.347871,0.492252,0.533919,0.563958,0.212211,0.198645,0.0969,0.362406,0.492252,0.325584,0.760665,0.212211,0.265506,0.083334,0.402135,0.492252,0.953496,0.454461,0.212211,0.150195,0.119187,0.906015,0.724812,0.21318,0.929271,0.3876
291120241928391,4 cheese family pizza,"ble flour, water, mozzarella (20.2%) , edam (7.5%) , double concentrated tomato puree, sunflower oil, auvergne blue (1.6%) , fresh cream salt, onion, emmental (0.7%) , yeast, modified corn starch, oregano, skimmed milk powder, powdered onion, parsley, aromatic plants, garlic powder, black pepper",France,Cereals and Cereal Products,"Pasta, rice and other miscellaneous cereals",Pizza,EUwest,0.350650728238411,0.362721707252615,1.38909586246392,1490.17931123631,1.27319818767173,,43.4528482061971,0.0005569434728132,0.0003183975137828,0.0045945260384135,8.74860894313206,0.0100546910224556,,0.168598906826972,0.349558698361595,0.362097407633843,1.38008712109487,1473.02542971542,1.25348339876648,,43.1222670028239,0.351742758115226,0.363346006871386,1.39810460383297,1507.33319275721,1.29291297657697,,43.7834294095703,0.254025074067662,0.30300290673567,1.0595938763482,621.978436380609,0.7541229024976,,19.2646251451655,0.346481059080858,0.366759279470847,1.90816237628058,5687.49361291885,2.17142739333704,,100.16915811392,0.375529154098271,0.374243406616124,1.18437199122994,951.177377417245,0.780899053075876,,33.9219524859637,0.341009138070437,0.358838980687981,1.25132092170485,1067.49955730832,1.05849322522634,,39.2264659830305,0.33918211178749,0.361179290183198,1.2437399936283,1165.50192435407,1.08883026816335,,36.8754166445774,0.359685392438351,0.361643396783969,1.19750039061262,1512.96034501288,0.861024437382253,,44.3777425573579,0.399264649485215,0.357926614169675,1.49128091090732,1589.55466385842,2.3026900596124,,43.8486164081348,0.348752264836391,0.371553461662921,1.27304668102475,2132.59559754811,0.892389523336689,,55.4943497683202,0.473430729191626,0.379057459529801,1.52831709804822,2016.01130753825,2.42715607987294,,53.923203556931
291120241875400,8minis cereal packs,"rice semolina, sugar, whole milk powder (16%), purple chocolate (11%) (sugar, cocoa powder), complete wheat flour, wheat flour, sunflower oil, oatmeal, oilcoco, skimmed milk powder (2%), lactoserum powder, salt, emulsifier sunflower lecithin",France,Cereals and Cereal Products,Breakfast cereals,Other breakfast cereals (not high fibre),EUwest,0.525625051574406,0.290632527261445,2.0777788796215,2081.75431612954,10.9683394708631,1.83461349330532,156.815338010392,0.0020508737455075,0.0023782994345453,0.0381755485981123,87.0755199290666,0.113523592011237,0.0170182622938585,2.34418941968965,0.521603789968883,0.285969263994497,2.00292596964418,1911.02052725605,10.7457474839717,1.801244844989,152.218956136511,0.529646313179928,0.295295790528393,2.15263178959883,2252.48810500303,11.1909314577544,1.86798214162163,161.411719884273,0.29633634744226,0.130509737906534,0.673559892886444,164.195119306102,9.5686552287836,0.92886754716732,15.5817754662427,0.485370195079307,0.191689814282536,1.31822658254886,32157.721598382,7.79026154902424,2.07217532597232,439.828806311131,0.398252678422394,0.256344104614223,0.71843022965923,397.990558386291,6.27085036198669,,48.0019193966022,0.463079534685744,0.258180813943404,1.12686238738494,246.308916253575,10.6473898649249,1.52799487531005,18.3756810544837,0.414035782111834,0.153224815659391,0.879509914454279,1092.10609259957,7.59883419493829,1.39700263506238,305.421927058829,0.465116150086549,0.385257080748984,1.02328083551966,845.324509831175,8.39068189016813,1.50049227573584,224.659188453601,0.88564505225206,0.399628064463335,1.500189209744,2029.64434134309,24.8177168392242,,530.208983940074,0.438384005560502,0.197209592069699,0.593077817382454,7340.48601618564,6.30951925793239,0.994672511208128,121.086744997146,0.603339734967498,0.181152369251791,0.995478789247639,7377.30322786444,11.4844613911079,1.16438639726268,107.388603190473
291120241952255,Sweet vegetal rice,"coconut milk (81%) , camargue rice (9%) , sugar, grated coconut",France,Cereals and Cereal Products,"Pasta, rice and other miscellaneous cereals",Rice,EUwest,0.136322614,0.129976037666667,1.80231125233333,1995.87868489867,4.25945738166667,1.36205132953331,105.066482989333,0.0006923212565138,0.0008164087651497,0.0099811310885944,28.2188339739811,0.021389276761396,0.0093224753811895,0.653652716480755,0.134965141413692,0.128375259837753,1.78274069645969,1940.54845608241,4.2175182434828,1.34377223634148,103.784829948581,0.137680086586308,0.13157681549558,1.82188180820698,2051.20891371492,4.30139651985053,1.38033042272514,106.348136030086,0.072355,0.124105,1.316308,254.743792,3.411239,0.687862,50.693071,0.152472,0.069006,1.83528,10443.320629,4.519217,1.834085,199.194611,0.135121,0.146362,1.247503,249.357139,3.147791,0.661834,54.617602,0.085765,0.125815,1.306588,451.214872,3.368759,0.739432,119.625421,0.123781,0.175432,1.315543,497.019049,2.679341,,166.277092,0.147316,0.056976,1.644422,2777.245173,5.281384,1.54835,142.719263,0.165037,0.100041,1.761584,2903.281398,4.608328,1.699028,145.881386,0.153364,0.134637,3.195428,2742.722532,4.965952,2.188358,118.825415,0.165532,0.072753,1.580207,4343.05476,4.494946,1.500092,114.588404
291120242182842,Durum wheat semolina,durum wheat semolina,Belgium,Cereals and Cereal Products,"Pasta, rice and other miscellaneous cereals",Other cereals,EUwest,0.219867666666667,0.108336333333333,0.506053333333333,257.441754333333,0.956586333333333,0.794650337837838,5.51866566666667,0.0027900642732463,0.0004170165661665,0.008023335986897,31.5351793355922,0.0471575583756501,0.0058057669749837,0.481791314956448,0.214397033301974,0.107518665883026,0.490321534619253,195.608983708977,0.864121899907542,0.783266649359572,4.57399078311889,0.225338300031359,0.109154000783641,0.521785132047413,319.274524957689,1.04905076675912,0.806034026316104,6.46334055021445,0.151,0.095,0.102,0.831,0.206,0.454,0.251,0.443,0.144,0.647,22923.389,1.29,1.809,361.202,0.14,0.097,0.279,0.688,0.173,,0.219,0.128,0.1,0.4,1.567,0.21,0.837,0.43,0.165,0.098,0.4,0.273,0.239,1.015,0.219,0.272,0.103,0.349,0.256,0.443,0.714,0.219,0.272,0.103,0.349,0.256,0.443,0.714,0.219,0.35,0.179,0.329,0.426,0.762,0.671,0.219,0.34,0.236,0.708,18.813,19.428,1.546,15.876
291120242254277,Financier cake,"sugar, wheat flour, vegetable margarine (palm oil, rapeseed oil, water, emulsifier e 471), water, almonds (7%) , egg white powdered (ground farming), emulsifiers e 471,e 475, powder to lift e 500, e 450, wheat starch, aromas, waxy corn starch, glucose, barley flour",France,Cereals and Cereal Products,"Buns, cakes, pastries and fruit pies",Buns cakes and pastries,EUwest,0.276226382852615,0.218748418455621,0.883459504063727,3264.32141514194,10.3881921354677,1.51884192078595,71.8205594587587,0.0010490443330529,0.0012791630226416,0.0077545260049841,32.9368795655723,0.0724065796520227,0.0072598224401251,0.690176912410418,0.274169463596499,0.216240292754846,0.868254775951538,3199.74025333572,10.2462205492695,1.50460718531999,70.4672914065573,0.278283302108731,0.221256544156397,0.898664232175915,3328.90257694816,10.5301637216659,1.53307665625191,73.1738275109601,0.22077539852903,0.121504643817657,0.491457303599223,387.478973496657,5.59455267668015,0.951060987837739,9.979616356372,0.252602559857361,0.204827527915948,2.10663508137786,7543.11604891139,5.81639231170469,2.51125878516863,216.100138280754,0.225746545922157,0.171367695464883,0.727116896510787,455.650408920711,7.47806521033674,1.14910946834517,10.7512072956733,0.195270097957403,0.127692914480744,0.668313396548111,949.616241858648,8.72364545898456,1.15685777708493,16.1336637183799,0.200903901574009,0.143580057196271,0.536081748366226,2185.53945458887,7.15368707265933,1.1062463382807,61.0560903734616,0.29746250731713,0.121216583220816,0.481370060086437,4578.83317474478,6.16717253573879,1.20585707253262,88.975567179703,0.292964493793457,0.257310883665016,0.998514932811892,4594.47800557806,14.8515345447619,1.68829815933837,65.5653694050111,0.299205506945378,0.27447987208765,1.20923416535851,5073.30478451574,12.3651710076821,2.13733632694679,99.0969752678108,0.261037757898268,0.263279312076378,0.825354681203204,5777.1696828682,12.2147994785124,1.51195070431061,83.3922684229936
291120241876599,spiral,higher quality durum semolina (100%),France,Cereals and Cereal Products,"Pasta, rice and other miscellaneous cereals",Pasta,EUwest,0.151220333333333,0.100256666666667,0.480713666666667,62.7145133333333,0.369506333333333,0.711720976915356,2.53565733333333,0.000751976637215,0.0002138492618611,0.003410153996042,12.1482558838668,0.0106792393525377,0.0029145245393298,0.213842359502896,0.149745891141996,0.0998373605889643,0.474027189079618,38.8947559899743,0.348566957967778,0.706006307421911,2.11636478946662,0.152694775524671,0.100675972744369,0.487400144253715,86.5342706766924,0.390445708698888,0.717435646408802,2.95494987720005,0.137,0.096,0.267,0.508,0.225,0.529,0.219,0.118,0.099,0.351,10479.972,0.227,1.323,127.181,0.099,0.097,0.397,23.436,0.162,0.802,5.792,0.147,0.081,0.362,0.508,0.241,0.445,0.219,0.147,0.104,0.384,0.508,0.528,0.736,0.219,0.153,0.112,0.359,0.508,0.551,0.582,0.219,0.205,0.1,0.374,0.508,0.336,0.785,0.219,0.274,0.086,0.415,0.508,0.984,0.469,0.219,0.155,0.123,0.935,0.748,0.22,0.959,0.4
291120241993142,The complete,"flour including (46%)complete wheat type 150 (89%), t65 wheat, malted wheat, water, salt, yeast, wheat gluten, flour treatment agent ascorbic acid",France,Cereals and Cereal Products,"Pasta, rice and other miscellaneous cereals",Other cereals,EUwest,0.147427139592045,0.0962509660726319,0.46732858356948,54.2659275141272,0.382489108093554,0.683946198107539,2.1707922528169,0.0009737209228215,0.000210947523098,0.0034697454720368,10.3007750579868,0.0179829256418761,0.0031004096036684,0.178488241223628,0.145517911113201,0.0958373495946442,0.460525261678895,34.0686280272421,0.347228990986372,0.677867053485431,1.82082048442207,0.149336368070889,0.0966645825506195,0.474131905460065,74.4632270010123,0.417749225200736,0.690025342729647,2.52076402121173,0.132253972739086,0.092674316663885,0.25775044322143,0.490401592346392,0.217205429680981,0.510674099116617,0.211413284889488,0.113912180899359,0.0955703890596314,0.33884047030233,10116.9192057984,0.219136144611478,1.27716792652417,122.775127787808,0.0955703890596314,0.0936396741291338,0.383246913703775,22.6241175555709,0.156387909370306,0.77421668712954,5.59135043872106,0.141907547391574,0.078193954685153,0.349459402420066,0.490401592346392,0.232651149124961,0.429584072035717,0.211413284889488,0.141907547391574,0.100397176385875,0.37069726665554,0.490401592346392,0.509708741651368,0.710503094423119,0.211413284889488,0.147699692183067,0.108120036107866,0.34656333002432,0.490401592346392,0.53191196335209,0.561838044774803,0.211413284889488,0.197898280376004,0.0965357465248802,0.361043692003052,0.490401592346392,0.324360108323598,0.75780561022031,0.211413284889488,0.264507945478172,0.083020742011397,0.400623348078253,0.490401592346392,0.949911745804822,0.452752651201688,0.211413284889488,0.149630407113564,0.118738968225603,0.90260923000763,0.722087384006104,0.212378642354737,0.925777809173601,0.386142986099521
291120242085284,Cocoa chips,"wheat flour (57%) , sugar, full wheat flour (18%) , cocoa powder (8%), glucose syrup, sunflower oil, lifting powders (diphosphates, sodium acid carbonate), salt, stabilizing (calcium carbonate),natural aroma of vanilla, cinnamon",Netherlands,Cereals and Cereal Products,Biscuits,Biscuits,EUwest,0.595285740315572,0.163871337145792,1.0894098714556,337.079523103058,13.6138603920081,1.31484123758306,12.6576144335656,0.0028450606825305,0.000820324742374,0.0101824671316018,25.3670521560343,0.108235933307167,0.0071236599308431,0.457805157083057,0.589707272448839,0.162262881043706,1.06944454486468,287.340940655555,13.4016362100469,1.30087348348145,11.7599705366554,0.600864208182306,0.165479793247878,1.10937519804652,386.818105550561,13.8260845739693,1.32880899168467,13.5552583304758,0.368782968012971,0.105187811681004,0.21829218203807,4.80290264913093,11.8485593787035,0.662617394590423,0.37658413528576,0.8688137,0.1677473,1.3331257,17286.7933547,12.5650961,,298.2020518,0.392152968012971,0.190957811681004,0.50056218203807,2.26190264913093,12.4456793787035,0.817597394590422,0.37658413528576,0.457613375216788,0.123993516501651,0.844494615910862,2.88857710946259,9.31775267276539,0.973008621935666,0.574259447024375,0.5768823,0.134954,0.9058216,2.4221308,12.0857822,1.0640949,0.5615711,0.524008375216788,0.16870991650165,1.23545371591086,19.8789332094626,9.15729707276539,1.09041002193567,8.04858154702438,0.6511637,0.1789973,1.4390857,19.2223547,12.0716861,1.1558496,8.0325118,0.5786237,0.1402673,2.2771057,249.3834347,10.2282461,1.4323596,64.6249018,0.691961129296282,0.211265059911811,3.96686598934961,57.850050817327,11.9943984427303,2.56310213811266,2.53419356441203
291120241678895,Almond Crush Pocky,"wheat flour, sugar, almond, whole milk powder, vegetable oil (shea butter, palm oil, sunflower oil, rapeseed oil, illipe butter, sal butter), cacao mass, cocoa butter, vegetable shortening (sunflower oil, palm oil, soybean oil, coconut oil, hydrogenated palm oil,palm kernel oil, hydrogenated rapeseed oil), emulsifiers (soy lecithin, polyglycerol polyricinoleate), salt, yeast, artificial flavors, annatto, leavening agents (sodium bicarbonate)",France,Cereals and Cereal Products,Biscuits,Biscuits,EUwest,1.03957217821588,0.251927313777873,1.73388867755293,7353.2306048409,29.825973295639,2.53786566006623,128.097424286988,0.0041017790891829,0.0029715517945653,0.0088719926531974,76.9520801664565,0.637101865465254,0.01384040118747,1.05720730332743,1.03152959304856,0.246100827790385,1.71649287076622,7202.3464043306,28.5767724240524,2.51072801981796,126.024499443486,1.0476147633832,0.257753799765361,1.75128448433964,7504.11480535119,31.0751741672256,2.5650033003145,130.17034913049,0.663882216590022,0.157455489288442,0.66859708458677,974.278159251687,21.2172026565715,1.1438974646494,23.0146356663514,1.44136760611133,2.81305823883384,3.30983274929659,10667.66131793,630.184969136809,3.78480325769771,153.714499957013,1.092923553488,0.179987093185004,1.09518010795017,883.400088638828,39.0682665275054,1.1409251275221,32.9081053831012,1.03337831032187,0.214478829593321,1.69442838169135,1041.02790473336,19.9094600765967,2.20785164406234,27.2709102558649,0.80441852761025,0.165985601795778,2.31508410345318,2897.50863724931,22.0418965678673,2.24735069588756,81.9847951114863,0.722298716628261,0.122689884253258,0.761140733539293,10645.4412114843,29.3865104830882,1.83196894386771,165.39925055125,1.19041786668113,0.316059976915406,2.06962114547273,10688.7707128431,23.7795564248748,3.43743190240946,158.568595818952,0.920896049746545,0.137756642521231,0.702160782663517,13363.0010378284,38.8230306205226,1.36930967077684,204.160348599577,1.22895550947635,0.227651922121375,0.830950772460422,13315.0717047998,52.8643541594479,1.67316004012357,191.63622469097
291120241883309,"Pure ox ravioli, cooked tomato sauce","water, ravioli (27%) (semolina of wheat hard water, bovine meat (4%) , breadcrumbs (including gluten), carrot, salt, onion, basil, natural aroma, sunflower oil), tomato mid-light (14%) , carrot, carrot, carrot, carrot, carrotpeeled tomato, beef (3.5%), onion, natural aromas (including celeri), sugar, starch corn, sunflower oil, salt, garlic powder",Belgium,Cereals and Cereal Products,"Pasta, rice and other miscellaneous cereals",Pasta,EUwest,0.335561146144789,0.313797911240427,1.04469137920253,429.457478097811,1.48588514908251,,13.7214362364488,0.0023823913410016,0.0009600104068863,0.0120926536061863,7.21066107476968,0.0431896702483218,,0.140669683904737,0.330889859650492,0.311915565728632,1.02098064432089,415.31913604047,1.40120077340839,,13.4456174054817,0.340232432639087,0.315680256752221,1.06840211408417,443.595820155152,1.57056952475663,,13.9972550674159,0.229366240392221,0.264514562802046,0.816904486049603,217.634491808355,0.875884759674048,,8.4892773211344,1.40056915191059,0.288310266339264,9.70898044173566,185.452799363168,34.3203170883845,,34.7566531216453,0.272727459439115,0.263471444980308,0.886943187692635,288.798296189279,1.18670181232457,,9.78043465680416,0.281593626859305,0.263676054803276,0.944776797732322,302.620933025855,4.40512801142703,,13.9021543397396,0.27430631353869,0.28175365844077,0.870219114738753,447.692068569867,0.889501756255445,,12.3385956114778,0.326046113651417,0.320946141005562,0.965360311294097,263.225200442049,1.32416963507773,,8.48506548707783,0.454082257396998,0.329469586180641,0.825636695336098,253.189315761363,0.757920653038048,,10.0273725720426,0.389757109783663,0.386173436721163,1.25323695907032,335.53352971321,1.12255341137208,,13.9600073389678,0.386149915102875,0.286765637610671,1.05902077510023,1636.08530836667,1.4301170252767,,31.9516987710743
291120242152722,Papadum Madras Trs,"coconut oil, urio flour powder, rice flour, salt, calcium carbonate",France,Cereals and Cereal Products,"Pasta, rice and other miscellaneous cereals",Other cereals,EUwest,0.21395720923345,0.463587908710809,1.35426323011471,762.376820973964,27.4398397274778,1.36476447501423,60.6716558806938,0.0007341165449312,0.0019394611111595,0.0171847988598369,34.3858821084996,0.248375630738061,0.0076645063050743,1.01469890900614,0.212517786313059,0.459785100020711,1.32056804434081,694.954519724156,26.9528358883472,1.34973625350747,58.6820795974682,0.215396632153841,0.467390717400907,1.38795841588861,829.799122223771,27.9268435666084,1.37979269652098,62.6612321639194,0.205913198059836,0.183283059836179,0.280063506611828,78.3523224311919,5.32738029050395,0.783083705140219,12.2303087117347,0.170090022560044,0.49953621520547,1.11802036365056,13944.6711235162,38.9502536677426,1.28079252880744,169.357402719961,0.292931526881161,0.33118072218173,0.428922953977509,10.8279017836318,10.0024265746043,0.825141900770512,24.5465330160177,0.228268066777731,0.29897584825767,0.506150974593919,318.843171123751,9.81447222442037,0.888775587602388,110.545164093,0.208357458610995,0.457036925065944,1.00449988277454,76.9649889959046,13.7289173573511,1.31726905482091,12.2795288892649,0.189133365958628,0.495899672879355,1.04853305419617,388.513611078978,39.1508471996911,1.26853142805081,133.747280842878,0.197842495140913,0.616883937161599,3.22301954020894,4.41622661868319,40.2339696913612,1.94269961266139,0.508993215153408,0.200751065701791,0.343440164688324,0.64822983756768,3222.83423408407,13.2619160078266,1.14335013293072,45.7988097285854,0.181429136297376,0.512145548469387,0.946368269557823,3225.89698375842,39.6504497448979,1.10171810755935,45.7988097285854
291120241926069,Tarta de Manzana,"pastry product with sugar and educators, biscult (blue flour (gluten), refined oil of toumesol, sugar, pasteurized liquid egg, humectants (glycerin, sorbitol), glucose and fructose syrup, egg white, water, corn starch, lifting powders (e-500ii, e-503ii), acidic correctors (citric acid (e-450i, 504i), antioxidant (e-336), dextrose, conservative (e-200), salt, aroma, thickening (xanthane gum))), apple (35%), shine (duke and fructose syrup, water, sugar, gelling agent (e-407, e-418), acidity (e-331), conservative (e-202, e-200), thickening (xanthane gum), moisture (glycerin), aroma)",France,Cereals and Cereal Products,"Buns, cakes, pastries and fruit pies",Buns cakes and pastries,EUwest,0.182860611286811,0.136080833676456,0.619926950256418,293.200809730735,4.28914007865778,1.02263903366788,38.5570976270901,0.0010132114687074,0.0017525959275064,0.0119544122765551,8.53934492859376,0.0638525495263782,0.0080152432328462,0.863649016064567,0.180873951510064,0.13264442188918,0.596487272797189,276.457243739466,4.16394085252912,1.00692310286435,36.8636932249151,0.184847271063559,0.139517245463732,0.643366627715646,309.944375722004,4.41433930478645,1.03835496447141,40.2505020292651,0.121073106044769,0.0663996768189328,0.342084504877128,61.265529175597,6.74360922977927,0.752363448288699,3.63916333804749,0.11749336702042,0.171994679801107,7.61707284057897,249.056036221481,11.4699288688278,,50.4401687343867,0.12445437217046,0.0694970419581259,0.337205834836418,61.317722806002,6.5534671868424,0.750338512399315,3.44524028981344,0.130389486042704,0.0695872720646304,0.342118854804528,60.6032028859513,6.5367080891717,0.775598466160709,3.03629584746833,0.226433024536888,0.0823145165909018,0.249135172806781,90.2557369281053,0.479526638804668,0.630433516381825,41.1554351884459,0.126987249791482,0.0674199329295581,0.339641685064216,368.677666203781,7.11446336273739,,7.34854586459187,0.161697651582462,0.336893028344058,0.635326580093542,73.8133276284751,8.25901467716795,1.41790895899048,3.96052333238146,0.193015484631303,0.148724371951753,1.00010550170665,946.544858540606,3.01204440437826,1.5289463309145,65.0464022342451,0.185163106718073,0.0999934533845575,1.57545086196849,2013.9437901679,2.55636637134552,2.01881203983678,143.493411472929
291120242293163,Bio corn corn cakes,"corn (99.5%) , sea salt",France,Cereals and Cereal Products,Biscuits,Biscuits,EUwest,0.183950625,0.100949715,0.546987651666667,95.6392772833333,0.400542888333333,0.69048622,10.3891893516667,0.0005889011375578,0.0002036125628105,0.0031221583382965,6.70373959999884,0.0045424303532468,0.0029863909689567,0.215795668998112,0.182795933962047,0.100550480584412,0.540865863097451,82.4948842040683,0.391636293856085,0.684630638022391,9.96606684581715,0.185105316037953,0.101348949415588,0.553109440235883,108.783670362598,0.409449482810582,0.696341801977609,10.8123118575162,0.06567,0.086565,0.07761,111.07384,0.21691,0.47561,38.4667,0.251735,0.07363,0.21293,10965.706945,4.1193,0.76615,146.61922,0.174125,0.096515,0.359195,0.0,0.627845,0.49949,0.0,0.174125,0.096515,0.359195,0.0,0.627845,0.49949,0.0,0.128355,0.078605,0.498495,90.822605,0.209945,0.810925,22.072085,0.26666,0.094525,0.55123,0.0,0.436805,0.924355,0.0,0.180095,0.112435,0.687545,79.0428,0.295515,0.677595,11.505185,0.184075,0.11542,0.677595,205.898335,0.26268,0.64874,19.522895,0.184075,0.11542,0.677595,205.898335,0.26268,0.64874,19.522895
291120242014394,"Alsace pasta with 7 fresh eggs per kilo of durum wheat semolina shells, small nests, butterflies, spaghetti, twists, 100% French wheat","high quality durum wheat semolina, eggs high outdoor hens out of air (30%) (320g per kg of semolina)",France,Cereals and Cereal Products,"Pasta, rice and other miscellaneous cereals",Pasta,EUwest,0.2431238,0.2132248,0.802803966666667,594.0431932,2.93849923333333,1.82682356091031,19.8488044666667,0.0012492271053096,0.0005100871103667,0.0026692622498375,9.81134790598853,0.0206133638701757,0.0039621956832597,0.19028669668045,0.240674371308369,0.21222464398509,0.797570196511944,574.805540604759,2.89808147047817,1.81905466464862,19.4756988139765,0.245573228691631,0.21422495601491,0.80803773682139,613.280845795241,2.97891699618849,1.83459245717199,20.2219101193569,0.2078,0.2064,0.6177,352.6624,2.7717,1.6795,13.8885,0.2173,0.2427,0.7788,7730.8176,3.3062,2.5494,105.196,0.2148,0.1959,0.6842,352.6624,2.7829,1.6207,13.8885,0.2015,0.2092,0.7108,353.4037,2.7612,1.8951,14.0362,0.2274,0.2036,0.7087,352.6624,2.8032,1.7159,13.8885,0.2113,0.2036,0.9719,352.6624,2.7563,1.7866,13.8885,0.2346,0.2533,0.7409,645.4345,3.734,1.7484,21.1914,0.3213,0.1899,0.9455,1023.8422,3.0148,2.2234,25.8087,0.3753,0.1412,0.8146,1685.1976,0.8307,1.5503,42.4863
291120242214406,Preparation for wholemeal bread,"full wheat flour, wheat protein, wheat sourdough, roasted malted barley flour, enzymes, flour processing agent e300",France,Cereals and Cereal Products,Bread,Wholemeal bread,EUwest,0.142477357471471,0.10039459349938,0.449223683091891,41.2723035866652,0.396030322517688,0.69217399411273,1.92223285759002,0.0010113209649672,0.0001865445290294,0.0030876164593526,8.92540206371959,0.0194916629394493,0.0026690652965625,0.15559594948109,0.140494404509988,0.100028825321817,0.443169622695549,23.7717740141809,0.357811940729006,0.686940610135189,1.61714727199817,0.144460310432955,0.100760361676943,0.455277743488233,58.7728331591495,0.43424870430637,0.697407378090272,2.22731844318187,0.125336123156912,0.0966056359817531,0.254604720886837,1.38142973212945,0.205730594780984,0.53157824506205,0.452125080788779,0.108760732237208,0.0994021685583951,0.331103426222589,9419.27797812508,0.213742617481726,1.24660194995241,114.384277843771,0.0912832379123937,0.0975044022700741,0.371544572080243,22.0589077237747,0.1494090197518,0.776540506926958,5.47808957029866,0.135225889445233,0.0833246090802967,0.342292893645947,0.61794955027029,0.227728617481726,0.45688374653652,0.266592480470897,0.1344240197518,0.103795766288321,0.35986061033207,1.45199426515149,0.478357481277276,0.717221931897774,0.469265045485893,0.140217552328442,0.111086130306568,0.338293556529157,0.689015251850721,0.50494289489772,0.580616130306568,0.275112345963614,0.186953399321133,0.100601635981753,0.362600291715307,0.621858665025772,0.305794353919649,0.765170594780984,0.269499258109589,0.249469441773675,0.0878184405219015,0.39493919251091,0.61794955027029,0.888896544733391,0.479556708284693,0.266592480470897,0.141714383770047,0.120872325766419,0.86791075029184,0.833653459467323,0.201136529627701,0.918949852445178,0.429269178656992
291120241648931,Skillet Gnocchi à poêler,"gnocchi mashed potatoes (water, potato flakes, turmeric), durum wheat semolina, canola oil, salt, filling cheeses (mozzarella, emmental, comte (milk ingredients, modified milk ingredients, bacterial culture, salt, enzymes, calcium chloride, rennet)), creme fraiche (cream, bacterial culture), greek yogurt (skim milk, cream, milk protein, bacterial culture), durum wheat semolina, potato flakes, canola oil, flavours, modified potato starch, salt, yeast extracts, contains wheat, milk, ingredients gnocchi puree de pommes de terre (eau, flocons de pommes de terre, curcuma), semoule de wheat dur, huile de canola, sel garniture fromages (mozzarella, emmental, fromage blanc% (15%)",France,Cereals and Cereal Products,"Pasta, rice and other miscellaneous cereals",Pasta,EUwest,0.202022726564823,0.131488315236111,0.564075264355946,249.181902639121,0.982367897403674,0.954268553996888,7.3719272020361,0.0014873918374909,0.0002341420642436,0.002131704673191,8.94995746612789,0.0415817516314331,0.0030917115848046,0.123405677324745,0.199106315107721,0.131029219938196,0.559895513079012,231.633225930749,0.900836256710467,0.948206464061534,7.12995886380147,0.204939138021926,0.131947410534027,0.56825501563288,266.730579347492,1.06389953809688,0.960330643932243,7.61389554027073,0.148382223531646,0.0928676161788765,0.489374830981128,44.6983977037131,0.358978691116021,0.753877752181244,1.81763601127804,0.527486725645944,0.167177329405436,0.536978443542161,6281.39207152809,6.15710629696149,0.870475629052771,86.3772921801189,0.150629216165773,0.115923698182911,0.51066485897625,152.570385681568,0.45214723027603,0.888584120217601,5.98839763402112,0.147746569255522,0.11142173576555,0.655103640082703,156.227903782231,0.428108730152462,0.825924990269464,5.11079639535898,0.173274656368798,0.135024995951525,0.551275871543687,147.359870889342,0.540632658391285,0.787374534366723,4.91516612417725,0.172546024490819,0.13970083499002,0.649361996970589,155.362172362627,0.375488361297402,1.02557746022748,5.87403508593658,0.167462831397928,0.135426209587555,0.675775670663166,253.702751325665,0.301431750219388,0.998023211414615,8.36776932385308,0.250279280786779,0.143770762684991,0.574282669148932,272.221270493328,0.842177825542406,0.866139642431671,7.32221383373154,0.187898388599029,0.143392278760989,0.585760653565749,546.495014450879,0.850312323477771,1.07668889313562,12.1292892120004
291120242229763,Oat fat low bio,"water, oat (10%) , rapeseed oil, sea salt",Germany,Cereals and Cereal Products,Breakfast cereals,High fibre breakfast cereals,EUwest,0.0942634347582698,0.0388202011651081,0.272849326227506,52.2183524853244,0.506912477492044,0.267885211939797,0.924642833269293,0.000914114134817,0.0001452324525403,0.0025575505659147,8.61594457341499,0.0244165447611254,0.0017129262697981,0.108312550462488,0.0924710806060665,0.0385354358612684,0.267834595351252,35.3245933330228,0.459037607475053,0.264526582644884,0.712268423813276,0.096055788910473,0.0391049664689477,0.27786405710376,69.112111637626,0.554787347509035,0.27124384123471,1.13701724272531,0.0655843719817635,0.0298265073816745,0.121500347238127,0.0230008830428014,0.129222837234892,0.171131755047512,0.0099070068527729,0.230687708687754,0.071791820355937,0.170386825644953,7680.42571110859,4.30448249781333,0.646715358965751,96.6803312858693,0.0817265579726452,0.041257669134874,0.0938577197258447,0.0192597755599361,0.118276633859101,0.260641215563474,0.0099070068527729,0.0811723198270355,0.0358538472151797,0.0866526238329189,36.1471347375901,0.169682221864398,0.284542735592892,3.66386054132094,0.0615555627098118,0.0341780021156063,0.298831849330786,0.0450317987398152,0.0641526238329189,0.265043075932351,0.0289070068527729,0.0749265579726452,0.038057669134874,0.313657719725845,0.0519597755599361,0.108976633859101,0.295041215563474,0.0289070068527729,0.101668548498312,0.0300212160235337,0.364301230280928,0.439095120268293,0.485650733569075,0.404433969553184,0.0293226854619802,0.0678600216161218,0.0322381686059724,0.640034707721741,0.094982511612887,0.0735746723082834,0.283055815664665,0.0691585521776754,0.139841700777178,0.0539920158211521,0.439816177620246,0.0726744262520976,0.0776621786321547,0.18474782458715,0.0289070068527729
291120241847523,Low carb crackers linseed,"flax seed flour (21%), linseed broken (11%), wheat luts, broken sunflower seeds, sesame seeds, lupine, rapeseed oil, bakers yeast, salt, wheat flour",Netherlands,Cereals and Cereal Products,Biscuits,Biscuits,EUwest,0.381386165188069,0.132959919168573,1.35608904111196,187.439276200733,4.35406092371503,0.848344321913366,4.38125787197545,0.0044122763720482,0.000658130029787,0.0118616622193553,12.0274168721182,0.0913887771912294,0.0038066740465254,0.193190957817014,0.372734770821771,0.131669487211939,1.33283122382074,163.856454592428,4.17486989272166,0.840880365528161,4.00245767381337,0.390037559554366,0.134250351125207,1.37934685840318,211.022097809039,4.53325195470841,0.855808278298572,4.76005807013753,0.21634149354685,0.0951795100753042,0.241851468377405,1.7890542616727,0.683017137176216,0.641289216939348,0.32781061450474,0.521888311410804,0.200641264542179,1.80879027964903,7760.66933872655,11.1927297037219,0.860747702280068,123.270496455125,0.206596576086533,0.102189159633465,0.633541125159158,5.44848186685959,0.482723864160343,1.07989663785333,2.30724299944884,0.18792265099387,0.114000043342868,0.769466620233377,0.378292246120331,0.850953963354633,,0.173028030559954,0.220792174282008,0.129395030742966,0.969653965096369,7.56973039471125,1.26122286038313,0.853574966919668,3.36808856332936,0.450337247651526,0.156147910981805,1.11364061261887,2.3414872321995,4.92789354390141,0.700692726859732,0.163536546800733,0.366848833329627,0.138860056507964,1.96682088715582,9.33140693306694,3.42361929276408,0.776485403002387,3.40081542956819,0.211066253533553,0.139384232338252,0.765627105230413,1836.89562327569,1.32956328271971,0.770099360907931,35.8156716491555,0.325524636490678,0.119145991890266,1.89237239428619,2105.9039567267,3.15249603351133,0.89587122403925,25.6624008019422
291120242337460,Crispy toast,"wheat flour (gluten), vegetable oils (palm, sunflower), yeast, sugar, salt, dextrose",Netherlands,Cereals and Cereal Products,Bread,"White bread (not high fibre, not multiseed bread)",EUwest,0.165498148270116,0.183338819010169,0.583562816040417,254.393162267502,7.75807915758706,0.799406642844981,6.11603409882365,0.0015717079719591,0.0006696352462077,0.0068857134975831,22.3113681924748,0.0849367935206448,0.0047252096727836,0.350514738417466,0.162416413503859,0.18202582813924,0.570061616673507,210.646028405359,7.59153888789521,0.79014166284471,5.42876046101174,0.168579883036372,0.184651809881098,0.597064015407327,298.140296129646,7.92461942727891,0.808671622845252,6.80330773663555,0.136581567210642,0.0885054394703128,0.207571540570635,0.902394575256523,1.81430752696927,0.465760964188647,0.251610830030771,0.328059458519414,0.211948381724357,0.716746535482094,14706.3082260935,5.26080508423032,1.48122473856874,233.814333465176,0.123476224901522,0.144998426563379,0.302730220543336,15.534793542163,3.34700923635972,1.02609738892015,1.31807419433436,0.13764659271321,0.150048579818249,0.336451293327427,0.535240783575388,3.65759499874283,0.643188546114151,0.252904194334359,0.146200116737108,0.156021945079681,0.431285113743849,0.250650635588654,4.45726679002886,0.954909089690018,0.251610830030771,0.139789977370961,0.208774986051412,0.523559107050921,1.27677353994804,13.2719668863519,0.913581687479796,0.251610830030771,0.126899640210246,0.210765001376899,0.74840422576358,16.3115271414375,13.1802663652854,0.855519971025251,1.31678083003077,0.111629303049532,0.201734817471055,1.19045507620838,236.918256093078,14.031665077705,0.900781380970055,61.0850675175704,0.208191571221609,0.231405522443457,2.9508672672741,1.73088211467775,14.5195993457334,1.75214182516972,0.924300830030771
291120242026204,Shrimp and zucchini risotto,"carnaroli rice (88%) , zucchini (4.8%) , shrimp (1.2%) , natural sea salt, rice flour onion , celery , carrot , parsley , leek extra virgin olive oil, garlic, garlic , starch of corn , miso (soy , rice , water, salt, koji), yeast extract, spices",France,Cereals and Cereal Products,"Pasta, rice and other miscellaneous cereals",Rice,EUwest,0.311530873504101,0.41879703726197,3.15818756771491,4031.54775097785,4.48528128240252,,311.336121766116,0.0031818924718084,0.005133029092611,0.0874231569927098,182.217204906457,0.067261209973204,,5.39518993985444,0.305291960914863,0.408732423164998,2.98677214761973,3674.26439720679,4.35339850717138,,300.757474393423,0.317769786093339,0.428861651358943,3.32960298781008,4388.83110474891,4.61716405763367,,321.914769138808,0.128563718144824,0.147014258799007,0.856136736929795,102.790977663111,1.98499785074953,,26.8367792387013,0.160132853950419,0.218680917698564,0.707968863658586,73406.5544922811,0.906612206609119,,890.504905152784,0.122629503102194,0.393848094349377,0.365122834791359,426.927566955394,3.58348691530971,,62.6523429956013,0.114517867760345,0.396807786306879,0.518657946830559,490.790350327085,3.34034378070024,,63.8350610148575,0.21131623410303,0.122731249339545,0.713759773261742,1747.35578192916,1.3996175914523,,579.843039485969,0.27544919701253,0.408065635734087,0.869281673620354,1586.02616753396,1.68796621905679,,508.740733529467,0.312765032942948,0.851425942656622,12.4188301968603,90.5059683782012,7.9353263709588,,2.07732439855256,0.208114838145837,0.25142766979303,0.211931003054185,16972.7426762651,3.87073785430046,,239.252242344397,0.230752837086814,0.2533637344631,0.330917855028829,17036.2458807304,4.46655478997207,,240.401915440315
291120242011827,Striped cuts,ble hard quality semolina (100%),France,Cereals and Cereal Products,"Pasta, rice and other miscellaneous cereals",Pasta,EUwest,0.151220333333333,0.100256666666667,0.480713666666667,62.7145133333333,0.369506333333333,0.711720976915356,2.53565733333333,0.000751976637215,0.0002138492618611,0.003410153996042,12.1482558838668,0.0106792393525377,0.0029145245393298,0.213842359502896,0.149745891141996,0.0998373605889643,0.474027189079618,38.8947559899743,0.348566957967778,0.706006307421911,2.11636478946662,0.152694775524671,0.100675972744369,0.487400144253715,86.5342706766924,0.390445708698888,0.717435646408802,2.95494987720005,0.137,0.096,0.267,0.508,0.225,0.529,0.219,0.118,0.099,0.351,10479.972,0.227,1.323,127.181,0.099,0.097,0.397,23.436,0.162,0.802,5.792,0.147,0.081,0.362,0.508,0.241,0.445,0.219,0.147,0.104,0.384,0.508,0.528,0.736,0.219,0.153,0.112,0.359,0.508,0.551,0.582,0.219,0.205,0.1,0.374,0.508,0.336,0.785,0.219,0.274,0.086,0.415,0.508,0.984,0.469,0.219,0.155,0.123,0.935,0.748,0.22,0.959,0.4
291120242238406,Raspberry & cranberry dark,"sugar, cocoa mass, cocoa butter, cranberries, raspberries, butter grease, milk sugar, lean milk powder, fructose glucose syrup, wheat flour, glucoses syrup, maltodextrin, aromas, rice flour (soy alcohol), wheat fibers, vegetable fat (palm, sunflower) kebab, gelling agent (pectin), acid gulcors (apple acid, citronic acid), wheat strength, modified thickness, baking agent (sodium carbonate), salt, coloring concentrates (carrot, currant, blueberry), thickener (sodium alginate)",Germany,Cereals and Cereal Products,Biscuits,Biscuits,EUwest,1.10176681789835,0.332008484898996,1.51217641950825,339.528581719117,32.8174498471455,1.81867783160113,15.9052501256933,0.0055469220071786,0.0045983950644866,0.0097971659883923,3.90308341494921,1.0777812977719,0.0095412668015567,0.24982945439469,1.09089066106756,0.322992157316497,1.49296657418337,331.875590151953,30.7041844345992,1.79996974196802,15.4153956940948,1.11264297472914,0.341024812481496,1.53138626483313,347.181573286281,34.9307152596917,1.83738592123424,16.3951045572919,0.655430776722463,0.217916298860733,0.365488070153429,35.7488652399103,25.1682995369193,0.599843303080046,1.6399975428275,2.29878676357184,5.23518278894238,5.43691259478685,974.786129143207,1172.35893010306,4.34515520597916,57.6390062432083,0.971779893022547,0.248793309505587,0.447636966715439,399.632644968472,39.6834083073217,0.902754317356504,8.39970544741785,0.887782078527706,0.263628726106966,1.28166596604612,117.756933735532,16.7441826229373,,16.255926495666,0.880626379128502,0.273141047090915,1.37686306267003,411.040046747506,17.9113904433886,1.64806860830729,22.1712180425017,1.17709648309216,0.237404853470999,1.71372128659452,300.89088737126,20.8983859678916,1.71586851226066,10.4595668717075,1.14358991528565,0.331054187761291,1.79143783915593,449.235629804197,25.0778022849405,2.02999246985147,10.7353799952578,1.52990744454822,0.383453626158317,1.3703981625556,285.422414893661,54.352665227906,2.80241935676393,24.3443370430028,1.15161442514738,0.326902913775831,4.23508539176608,336.417764966091,28.7920973234287,2.07155012987747,22.800042490565
291120242070503,Our gold pieces - wheat rolls,"wheat flour, water, barley malt flour, iodized dining salt (dining salt, potassium iodate), yeast, sugar, herbal oil (rapeseed)",Germany,Cereals and Cereal Products,Bread,"White bread (not high fibre, not multiseed bread)",EUwest,0.0933405892425247,0.0745776002804809,0.35348300011837,178.088301420289,0.295672819581962,0.495833509992659,4.06819601979613,0.0010000203343051,0.0002423694798801,0.0045808550005911,17.1111242793902,0.0104842912353039,0.0032221897691569,0.243431797887846,0.0913797940527223,0.0741023730335928,0.344501064309453,144.537573471892,0.275115689774242,0.489515584263296,3.59088582722382,0.0953013844323271,0.0750528275273689,0.362464935927288,211.639029368687,0.316229949389682,0.502151435722022,4.54550621236844,0.072251531463023,0.061197248895325,0.0903996951990369,0.605154731847919,0.158221890749144,0.309091317515251,0.285340975107989,0.202473728906197,0.0841454471089153,0.405716021905832,10225.9495458865,0.687868116600886,0.919300884243375,161.733514046202,0.0783758713777933,0.0607058129329461,0.22805118884886,1.08199822926858,0.222433619636536,0.370800797948902,0.610717636826145,0.0785164804686969,0.0625822549214153,0.224207250812082,0.356260139660419,0.173037029882136,0.559474045180875,0.271067450107989,0.0790138168322657,0.0652061116093372,0.226220037124728,0.356352609020242,0.190189177318148,0.565294545929938,0.271067450107989,0.0680395350851804,0.0773728478304561,0.305899151767745,11.8992273730019,0.218500709962731,0.385940564191286,5.04124950423028,0.0741565017045217,0.0682670720193515,0.59047805024017,21.894582475959,0.138614408941268,0.426493682095733,1.67839110771442,0.115197820525523,0.104892577801575,0.559435926449037,10.4800162670042,0.216758896217894,0.463684544077751,4.67409149073299,0.109153159659043,0.0763174809016961,1.45735852947386,0.935694598018576,1.01550635244904,0.560817099511402,0.610717636826145
291120242024150,Coconut petals,"dried coconut (90%), sugar, salt",France,Cereals and Cereal Products,Biscuits,Biscuits,EUwest,0.113305018666667,0.0957681736666667,1.630255464,1753.22428070333,4.165220989,1.24304594963781,80.6655543646667,0.0006569836199672,0.0006728365157303,0.0042350899543925,23.8549069181854,0.0211094138150062,0.0091880922742808,0.387599202215491,0.112016834539185,0.0944489058894929,1.62195148884461,1706.45064507435,4.12383059357692,1.22503034883766,79.9055671672029,0.114593202794148,0.0970874414438405,1.63855943915539,1799.99791633231,4.20661138442308,1.26106155043795,81.4255415621304,0.065817,0.121895,1.359767,271.04697,3.427388,0.646132,53.203946,0.130805,0.085705,2.998297,2905.12213,6.062318,1.813302,99.902095,0.065817,0.121895,1.359767,271.04697,3.427388,0.646132,53.203946,0.065817,0.121895,1.359767,271.04697,3.427388,0.646132,53.203946,0.082193,0.123942,1.345972,275.618277,2.4669,0.624594,59.190887,0.138717,0.050795,1.741367,2892.29787,5.564888,1.616332,92.670746,0.147893,0.070842,1.830172,2896.891677,4.3569,1.700094,98.658587,0.136768,0.110091,1.887488,2892.32037,5.574064,1.816061,92.671646,0.136225,0.054266,2.076363,3014.444229,4.700876,1.76158,124.345668
291120242183499,Double Delight Cereal,"wheat flour, sweetening maltitols, oleic sunflower oil, wheat starch, inulin, cocoa degreased powdered (3.3%) , skim milk powder, tapioca dextrin, lifting powders sodium carbonates and ammonium carbonates,sea salt, natural aroma, emulsifying sunflower lecithins",Belgium,Cereals and Cereal Products,Biscuits,Biscuits,EUwest,0.267158862958163,0.108454051457379,0.611351183274345,296.813395760372,2.60855081437434,0.819429493428854,5.80287157401612,0.0021548091935376,0.0004245288174465,0.0084475714078452,29.4145014894408,0.0596142998830653,0.0057986003686068,0.422513539947578,0.262933809370062,0.107621654320415,0.594787562702046,239.138755503178,2.49166175877792,0.808059856912162,4.97442590312764,0.271383916546265,0.109286448594343,0.627914803846644,354.488036017565,2.72543986997076,0.830799129945546,6.6313172449046,0.162393971001621,0.0937390889601255,0.283974785254759,12.5617369186414,1.43682315983794,0.525551086823803,0.58539352941072,0.458417459402098,0.138875777062706,0.832918614488858,20643.4199990512,2.33077582159567,1.71913487774196,325.497924705878,0.17759,0.09472,0.48756,7.63745,1.61867,0.78099,0.46769,0.21783,0.08164,0.46339,6.46663,3.00348,0.44336,0.41467,0.208257459402098,0.0923957770627063,0.593508614488858,19.8757290511828,1.41435582159567,0.610024877741958,0.694204705878047,0.293177459402098,0.102685777062706,0.424338614488858,19.4602990511828,1.35042582159567,0.737734877741958,0.691014705878047,0.32057,0.10373,0.56383,6.26649,1.91353,0.73542,0.4393,0.408327459402098,0.127495777062706,0.676058614488858,20.8120090511828,8.23791582159567,1.70795487774196,0.567594705878047,0.25175,0.14411,2.28026,529.11382,5.11995,1.55354,37.32283
291120241868924,Durum wheat fine semolina,durum wheat semolina,France,Cereals and Cereal Products,"Pasta, rice and other miscellaneous cereals",Other cereals,EUwest,0.151220333333333,0.100256666666667,0.480713666666667,62.7145133333333,0.369506333333333,0.711720976915356,2.53565733333333,0.000751976637215,0.0002138492618611,0.003410153996042,12.1482558838668,0.0106792393525377,0.0029145245393298,0.213842359502896,0.149745891141996,0.0998373605889643,0.474027189079618,38.8947559899743,0.348566957967778,0.706006307421911,2.11636478946662,0.152694775524671,0.100675972744369,0.487400144253715,86.5342706766924,0.390445708698888,0.717435646408802,2.95494987720005,0.137,0.096,0.267,0.508,0.225,0.529,0.219,0.118,0.099,0.351,10479.972,0.227,1.323,127.181,0.099,0.097,0.397,23.436,0.162,0.802,5.792,0.147,0.081,0.362,0.508,0.241,0.445,0.219,0.147,0.104,0.384,0.508,0.528,0.736,0.219,0.153,0.112,0.359,0.508,0.551,0.582,0.219,0.205,0.1,0.374,0.508,0.336,0.785,0.219,0.274,0.086,0.415,0.508,0.984,0.469,0.219,0.155,0.123,0.935,0.748,0.22,0.959,0.4
291120242288835,Bio full spaghetti n ° 3,full semolina of grano hard,Switzerland,Cereals and Cereal Products,"Pasta, rice and other miscellaneous cereals",Pasta,EUwest,0.249958,0.125899666666667,1.41807,264.966680333333,2.29382566666667,1.06131515151515,5.19586,0.0032072928856828,0.0005456981419402,0.0225819137309859,29.7776175455087,0.073387928721335,0.0097644867691929,0.417123034984501,0.243669283414148,0.124829686132177,1.37379239253413,206.580058337716,2.14992989506085,1.04216938214315,4.37798379039107,0.256246716585852,0.126969647201156,1.46234760746587,323.353302328951,2.43772143827248,1.08046092088716,6.01373620960893,0.151,0.095,0.102,0.831,0.206,0.454,0.251,0.443,0.144,0.647,22923.389,1.29,1.809,361.202,0.177,0.127,0.095,0.18,0.263,0.688,0.219,0.165,0.092,0.397,0.508,0.27,0.581,0.219,0.109,0.145,0.563,6.072,0.496,1.842,0.219,0.244,0.171,0.981,22.775,0.377,0.71,10.178,0.193,0.117,2.717,0.18,1.688,0.807,0.219,0.239,0.134,3.947,0.18,2.09,1.006,0.219,0.287,0.138,4.765,0.18,2.516,2.32,0.219
291120242241739,The puff pastry,"wheat flour, butter (24%), skim milk powder, poppy (4%), yeast, salt, barley malt extract",Switzerland,Cereals and Cereal Products,"Buns, cakes, pastries and fruit pies",Buns cakes and pastries,EUwest,0.191959249787813,0.153876648964541,1.07022112826281,551.905220693646,1.40174745018547,1.21281841791538,14.1152596968527,0.0015287592054253,0.000348393134918,0.0123559249133938,17.4498463354108,0.0368592117767608,0.0055958734534676,0.251866611024959,0.188961727043991,0.153193535272076,1.04599418276517,517.690341672173,1.32947555463247,1.2018462792759,13.6214108995553,0.194956772531634,0.154559762657006,1.09444807376044,586.120099715118,1.47401934573847,1.22379055655487,14.6091084941501,0.139129244272502,0.108448357631627,0.397574108896009,63.4280419636106,0.171871734602753,1.11471124962824,2.34608855399869,0.28910019339499,0.163385828622378,1.00039894376675,12356.7046762462,0.954888806903218,1.79114010116061,201.70307145512,0.158631603689375,0.12292186551613,0.453293222255134,253.747034878752,0.265698827729755,0.796771570960531,7.11678818206909,0.152772698601624,0.122404903302505,0.494477878607268,363.715581602561,0.373916251115279,0.926529086580434,9.31404991071369,0.244500833085494,0.187510847961877,0.417948919964135,243.925339666431,0.579208497471235,0.95340238024341,8.60448224336788,0.240537456114368,0.186082829515001,0.492521749479137,568.975322650604,0.762726661707872,1.10370076167765,14.8281942070685,0.183935944659372,0.168185828622378,1.63673248735617,350.716115589894,1.27581310324406,1.67199282356485,10.7278183754641,0.194336831300248,0.167470639690504,2.30123249033225,409.208799883593,1.24072335019444,1.13896653674465,11.9139098720487,0.179111681047371,0.159513168699752,2.65567344242882,660.439030543772,1.48518583159846,1.47960018149268,17.6232365754016
291120242053151,Chicken and merguez couscous,"water, chicken meat (20%) , durum wheat semolina (15%) , merguez (9.5%) (beef, sheep meat, water, spices and aromatic plants, milk protein salt, egg white, salt), carrots, zucchini, turnips, hydrated chickpeas, celery, tomato puree, crushed peeled tomatoes, butter, spices and aromatic plants, wheat flour, starch, rapeseed oil, salt, sugar, natural aroma",France,Cereals and Cereal Products,"Pasta, rice and other miscellaneous cereals",Other cereals,EUwest,0.671330264732703,0.611122253042556,1.97439962424509,1063.56476235599,6.83885829898709,,36.7374425076191,0.0024975604113351,0.0013815914894697,0.0157670124909027,8.95690518846292,0.0582716374491911,,0.18632891590882,0.666433159871141,0.608413290180609,1.94348437063557,1046.00246286409,6.72460187589978,,36.3720970946292,0.676227369594265,0.613831215904502,2.0053148778546,1081.12706184789,6.95311472207439,,37.1027879206091,0.501353220577107,0.447871062264339,1.68519845022876,348.855957755692,4.06286117970783,,20.125394489663,2.30488495665402,0.539629961074241,15.0131878958174,1579.1715054274,56.5354933721288,,83.018720178671,0.57998239556987,0.540568481126433,1.63666316821131,585.772381279654,5.7023169446071,,26.1609853756513,0.596025028420228,0.519390515681671,1.87749478017677,783.721178164597,6.97268954579344,,36.0435210431992,0.600453735116915,0.653106769582848,1.52384599314219,907.340665929409,6.80081794544911,,32.7940362792826,0.684693916713387,0.595782658380217,1.9664460405866,941.51469688032,6.00613654486949,,31.88192296068,0.69578104435531,0.594896696221756,2.04576173985709,1238.51055567841,7.03614749627801,,37.144618113054,0.819080121093882,0.721185974939099,2.37141106485923,939.208091441567,6.74286213776784,,34.5101181320701,0.648339532110053,0.606113792067487,1.80078022902578,1960.66027211929,5.82430832911557,,49.8958483184273
291120242260620,Plant-Based Tiramisu,"water, glucose syrup, rice preparation (20%) (water, rice (17%) , sunflower oil, table salt), biscuit floor (11%) (potato thickness, sugar, soy products fermented (water, soybeans, lactic acid bacteria), field bean protein, water, tapioca, emulsifier e471, baking agent e450 and e500, table salt, dyes e160a), coconut oil, sugar, inulin, marsala (1.6%) (wine) , legumes (beans white, chickpeas, lentils yellow, yellow), ethyl alcohol (1.3%) , cocoa powder, soluble coffee (0.8%) , citrus fibers (lemons, lime), natural flavors, thickener e407, emulsifier e471, coffee extract, dyes e160a",Switzerland,Cereals and Cereal Products,Puddings,Other cereal based puddings,EUwest,0.164105828777435,0.0941791426616583,0.507614609808355,341.238316489585,9.27243975991462,0.434366413956988,12.64612304595,0.0006978800228456,0.000609354340885,0.0042707377173451,7.86032696160449,0.111788018482437,0.0018513174718305,0.18517878142529,0.162737456810473,0.0929843478964871,0.49924073811214,325.826138588926,9.05325080805175,0.430736433376559,12.2830327652664,0.165474200744396,0.0953739374268296,0.51598848150457,356.650494390244,9.49162871177748,0.437996394537418,13.0092133266336,0.121778651329674,0.0445742076393911,0.170726965916021,11.6113357476789,3.51323311338246,,0.220694822548556,0.18758892012639,0.174208591785819,0.663767281830027,2848.21373419333,15.9422938477821,0.531847715875755,34.8139776120525,0.11292746604402,0.0827682327980536,0.297042434990626,78.867641320535,6.14419013289959,,19.9449943519593,0.124706542125071,0.0508903540169108,0.5114217881402,90.1074707659933,3.52696329049969,,27.3307528355451,0.219284051787312,0.0873158411106401,0.28912487171713,90.2574985022753,18.0886867929782,,27.3468349684266,0.159965677794033,0.0742830388997209,1.04124638342116,12.9834997022753,4.23535770702355,,0.303302808426602,0.152348749189826,0.0613223756143807,0.549353560407156,666.473456651092,5.56784052164385,,9.47077410254856,0.125668416240193,0.143125231184104,0.494082111265715,677.043860175686,15.5462373940335,,9.59392516858176,0.269300123461197,0.141540618824511,0.473076967408123,666.990892160897,31.3948523630482,,9.47157826254856
291120241901600,Baked,"wheat flour, potato flakes (including sulfites), sunflower oil, glucose syrup, starch, aromatizing base olive oil and herbs (salt, yeast extract, dextrose, smallness powder, sugar, powdercheese (milk), herbs (basil, parsley, oregano), garlic, olive oil, aromas, coloring (curcumin)), lifting powders (sodium bicarbonate, calcium phosphate), emulsifying (soy lecithin)",Switzerland,Cereals and Cereal Products,Bread,"White bread (not high fibre, not multiseed bread)",EUwest,0.549528337176093,0.131445937001333,2.13567062907007,169.964992156687,27.232480667093,,3.28653577722386,0.0063674574620198,0.000405388843982,0.0235139261507435,15.4977283234621,0.917834888415956,,0.222351342405423,0.537043311087624,0.130651068669148,2.0895655732946,139.57773891086,25.4328310274792,,2.85055919986999,0.562013363264561,0.132240805333517,2.18177568484555,200.352245402514,29.0321303067068,,3.72251235457774,0.200851424879441,0.108233453674627,0.364150125849054,22.3573943187608,2.13574192119903,,1.19817777517971,0.493473825130203,0.151903570889755,2.2115255488227,10085.5500815854,3.39006720970641,,116.050156878479,0.327362620280853,0.147804852221493,0.49898723366511,0.298124220285997,1.03176402162982,,0.142134094871597,0.22370881068503,0.124047260989159,1.19766628896519,0.622527181871841,1.55219173659195,,0.182942946275221,0.313757176029731,0.150467906026002,1.38180504079189,7.85104140053496,8.01156254950812,,6.35123327734655,0.383660915083008,0.238974094929465,0.559377543637719,1232.8706033298,6.74705949447937,,35.4969164452554,0.637879437847047,0.133445497605545,3.31378610569422,4.58887594017849,9.12749133914843,,0.185673872607795,0.46280774306161,0.12161949478801,4.56080048302791,3.84328445979578,6.27473207775548,,0.241014637931921,0.48095079736507,0.128374962682767,5.0455601307074,3.84328445979578,6.43342934797268,,0.241014637931921
291120242082442,Leaf-herb baguette,"wheat flour, water, herbal butter (22%) (butter preparation) (butter, onset, parsley, garlic, salt, herbs, spices, starch, lemon juice concentrate, knobla extract), butter, yeast, salt, sugar, sugar, wheat glut, acid regulator sodium hydroxide",Germany,Cereals and Cereal Products,Bread,"White bread (not high fibre, not multiseed bread)",EUwest,0.118172051102524,0.103592505392533,0.471943031020891,430.199691362361,0.474699488721092,0.815108512466725,11.1277379838633,0.0008828926040752,0.0003166517795981,0.0035285702093665,11.0944516868246,0.0086834560674835,0.0040101474742389,0.181063715526407,0.116440914732796,0.10297162873135,0.465024368213686,408.446186203753,0.457673356047688,0.807245594475813,10.7727163405298,0.119903187472252,0.104213382053716,0.478861693828096,451.953196520969,0.491725621394497,0.822971430457637,11.4827596271968,0.0792653872867415,0.0881260076344591,0.290123948182277,24.956362893675,0.148909713730567,0.656337197566883,1.75075334718438,0.186861447578369,0.123373544766264,0.499123474089101,7925.58601550615,0.846858792436273,1.29229539208845,131.151618965096,0.115159609972306,0.0789200312544677,0.314356050241427,50.091784921622,0.149287910269752,0.670259517258854,2.5020673782619,0.117119609972306,0.0791900312544677,0.323936050241427,54.695404921622,0.246577910269752,,3.3239073782619,0.176367188585565,0.0856146101652928,0.341453155356671,50.091784921622,0.237911383470199,0.720628253826015,2.5020673782619,0.0802181850051673,0.111469229056838,0.422351263990864,621.39435029958,0.530218531218652,0.975984709616344,16.8375916879926,0.159605552991181,0.113853807967663,0.443379579634164,622.980010553851,0.522114530623519,1.07837528793204,15.1958790143153,0.0951575339657392,0.100534652953778,1.13510578325715,385.914027788654,0.365945581420966,1.05020827515029,12.9614395453084,0.152531857629472,0.157209106814327,0.658319723715959,663.031366083144,0.867275814708622,1.10495904624257,21.4883553836085
291120241745376,"Blueberry flavored muffin mix mug cakes, blueberry","sugar, whole wheat flour, wheat flour, palm oil, dried blueberry crumbles, leavening (baking soda, monocalcium phosphate, sodium aluminum phosphate), natural flavor, salt, eggs",France,Cereals and Cereal Products,"Buns, cakes, pastries and fruit pies",Buns cakes and pastries,EUwest,0.187631873674367,0.206610489043168,0.661860907441856,164.234843615473,6.69055598800491,0.933969633969363,24.424934721691,0.0007875913720009,0.0012068709003739,0.0082046603813053,7.3292222003563,0.0579243570593663,0.0055539644018196,0.585509900412476,0.186087599702356,0.204244110505665,0.645773575956939,149.864032200487,6.57698049678921,0.923079668725818,23.2768930700099,0.189176147646378,0.20897686758067,0.677948238926773,178.605655030459,6.80413147922061,0.944859599212908,25.5729763733722,0.151160788123565,0.108761957864583,0.362476130264131,2.52283462597487,4.96810858299862,0.699560405481379,0.55380668011539,0.155395568924656,0.347981473370131,0.635357098150588,4704.16366496995,11.0811499600987,1.4266430220126,57.5073454074291,0.153422905808952,0.150633454022315,0.381678226051352,45.8029572977029,6.09182750960445,0.694126593527882,1.04551798772198,0.146191313588679,0.175516098720179,0.466040743247805,2.55215852615704,10.1302891409273,0.76379010498886,0.545844315281894,0.218469869840402,0.147795330886926,0.360386947729489,65.9189223439496,2.31775116080574,0.596301866202322,26.3944094269431,0.143407334005409,0.174955773797612,0.772392307264575,46.200858730592,10.305481385494,0.851292687871126,1.04494100540132,0.171163443676585,0.353917608900383,0.639238502873632,2.75694520258495,11.2280352804366,1.09509055316336,0.55380668011539,0.189203451380508,0.22410402184612,1.04026038944868,562.988433781906,7.35194389674811,1.35154471239237,40.6523929596074,0.200951008815536,0.160364610075911,1.23690284395543,1317.28200345772,3.54695803611263,1.54278057768289,95.154812632049
291120241984063,Chocolate chocolate and hazelnut cookies,"wheat flour, sugar, fresh barrel butter (18%) , chocolate pearls (12%) (sugar, cocoa paste, cocoa butter, emulsifier soy lecithin, vanillin), hazelnuts (10%), whole egg egg, egg yolk, guerande salt, lifting powders (disodium diphosphate, sodium acid carbonate, wheat starch, wheat flour), stabilizing sorbitol, invert sugar syrup",France,Cereals and Cereal Products,Biscuits,Biscuits,EUwest,0.63023760355649,0.223189967073032,1.30188090706106,1115.99886595255,17.7155631616654,1.89729899264718,46.4837570525715,0.002137756422681,0.001504584096451,0.0072884865852829,17.4008474405292,0.267532680008237,0.0057029071296056,0.507206663735983,0.626045986279553,0.220239845802723,1.28758996822001,1081.88006177485,17.190997036278,1.88611698715787,45.4892488887148,0.634429220833427,0.22614008834334,1.31617184590211,1150.11767013025,18.2401292870528,1.90848099813649,47.4782652164282,0.418551655036554,0.151855912401492,0.946105222599935,294.943933030367,9.62831761232381,1.69985732402691,20.0938335373449,0.981717224739549,1.72841262019242,2.98285458392258,1829.96293985474,366.30688455209,3.10131957712562,98.1629927606148,0.615855572902913,0.221124254296399,0.991007537604316,354.87493897044,20.5158806355473,1.883113107105,11.3254335373449,0.814136256985959,0.199650790801666,0.877572176870045,253.16797580275,23.4867175420315,1.49081886413396,27.2918218481358,0.572869507273623,0.200748303456533,1.24718622100632,720.754580884368,11.3755099035078,1.87329306836441,45.315008552254,0.652600256985959,0.214110136122503,1.3226467680465,781.82070480275,13.5896439814698,1.86801332014977,46.7309628481358,0.793497964007737,0.204982516319302,1.50653199076472,930.880190336825,14.3806305096383,1.96778128280678,51.0020466806817,0.592672780645551,0.252982231090632,4.87637925375106,937.212548928807,18.6134558723458,2.16278386594525,54.0761542817304,0.677336768936989,0.0879648832139475,2.67831660679101,3106.21079680986,14.2849134537309,2.22066230620959,184.200278460328
291120242235520,White basmati organic rice,riz basmati,Switzerland,Cereals and Cereal Products,"Pasta, rice and other miscellaneous cereals",Rice,EUwest,0.309712333333333,0.403232,2.922104,9027.174339,4.37206066666667,2.0111156996587,324.90506,0.0032741345016469,0.0053522329267524,0.0944961060807092,225.12877807479,0.0684329813221615,0.0418290690176483,5.16124613473671,0.303292556693436,0.392737580819244,2.73682025735806,8585.75188988366,4.23788033453016,1.92909913008494,314.785119187587,0.316132109973231,0.413726419180756,3.10738774264194,9468.59678811634,4.50624099880317,2.09313226923246,335.025000812413,0.113,0.147,0.927,116.351,1.332,1.009,30.39,0.158,0.211,0.479,83239.739,0.293,1.76,1008.924,0.703,0.282,0.32,60.193,1.415,0.87,144.272,0.68,0.372,0.335,0.0,11.5,0.9,0.0,0.262,0.166,0.819,2299.363,0.86,1.582,796.305,0.314,0.933,13.845,6.015,7.884,6.172,0.773,0.216,0.263,0.209,19240.659,3.843,0.586,271.187,0.216,0.263,0.209,19240.659,3.843,0.586,271.187,0.216,0.263,0.209,19240.659,3.843,0.586,271.187
291120241856741,Cinnamon churros,"wheat fabric flour (38%), sugar, rice fabric flour (15%), rice flour, sunflower oil, dining salt, filler (calcium carbonate), cinnamon, dye (beta-carotene), antioxidant (strong tocopherol-containing extracts), natural aroma",Germany,Cereals and Cereal Products,Breakfast cereals,Other breakfast cereals (not high fibre),EUwest,0.293206464790816,0.223702520100399,1.66835610194665,1678.4303160171,4.76291936438555,1.29837772773936,107.477907674169,0.0015885430363847,0.0015926831359574,0.0251009699700852,63.7022626554326,0.0487279292098603,0.010698578516942,1.58684644432122,0.290091720582438,0.220579658169761,1.61913924156059,1553.52576567005,4.66737581799346,1.27740043300433,104.366490067704,0.296321208999194,0.226825382031036,1.71757296233271,1803.33486636415,4.85846291077765,1.31935502247439,110.589325280634,0.186677633407872,0.113433232752066,0.459092409079356,30.9803892303969,3.45460258181085,0.813899523762454,8.15880973647274,0.285073924991032,0.188437569722684,1.6146352987963,24530.6869468861,4.630196883602,1.84527138131765,293.989254702783,0.222413655061837,0.113408696467393,0.609655304667022,590.547751388713,3.90505277540037,1.23508653453029,203.438261406065,0.163482225486408,0.108478297370469,0.58714204414194,975.702249965857,3.41051127065505,0.953008269637218,74.2476096692605,0.295255183130515,0.206660083912761,1.19764436207966,118.011961146327,5.29374275645448,0.819999282368594,18.3716364271375,0.366346702608568,0.112317967310193,1.1481084335192,1101.67725047587,5.08402525091837,,109.524570318077,0.206383135267983,0.133093988815853,0.390698048618102,4910.7498590041,4.6043321118614,0.818241309068046,69.5313323698448,0.250355876568537,0.140404145380267,1.49204354908336,4907.94479931409,5.32907315451081,0.689651084184615,69.4822295744584,0.213115659463156,0.350842441462796,7.34316718227402,39.9602101909897,7.19212192517524,2.51909954776428,21.9073843884179
291120242308096,Tradicional pasta to the bronze tagliatelle romero,durum wheat semolina,France,Cereals and Cereal Products,"Pasta, rice and other miscellaneous cereals",Pasta,EUwest,0.151220333333333,0.100256666666667,0.480713666666667,62.7145133333333,0.369506333333333,0.711720976915356,2.53565733333333,0.000751976637215,0.0002138492618611,0.003410153996042,12.1482558838668,0.0106792393525377,0.0029145245393298,0.213842359502896,0.149745891141996,0.0998373605889643,0.474027189079618,38.8947559899743,0.348566957967778,0.706006307421911,2.11636478946662,0.152694775524671,0.100675972744369,0.487400144253715,86.5342706766924,0.390445708698888,0.717435646408802,2.95494987720005,0.137,0.096,0.267,0.508,0.225,0.529,0.219,0.118,0.099,0.351,10479.972,0.227,1.323,127.181,0.099,0.097,0.397,23.436,0.162,0.802,5.792,0.147,0.081,0.362,0.508,0.241,0.445,0.219,0.147,0.104,0.384,0.508,0.528,0.736,0.219,0.153,0.112,0.359,0.508,0.551,0.582,0.219,0.205,0.1,0.374,0.508,0.336,0.785,0.219,0.274,0.086,0.415,0.508,0.984,0.469,0.219,0.155,0.123,0.935,0.748,0.22,0.959,0.4
291120241873165,Couscous salad with peppers and raisins,"couscous rushed (59%) (durum wheat, water), peppers (12%) , raisins (7%) , rapeseed oil, tomatoes (4.6%) , brandy vinegar, sugar, dining salt, native olive oil extra, onions, herbs, mint, spices, lemon juice concentrate, thickener flour)",Germany,Cereals and Cereal Products,"Pasta, rice and other miscellaneous cereals",Other cereals,EUwest,0.197634098756996,0.165723366053292,0.552943937034525,1047.47144155726,2.64772837555127,0.814129381526661,14.1318557643045,0.0013008568970995,0.0003153631393568,0.0048157407687391,17.1522117741302,0.020217249957281,0.0039300113422546,0.23544435247121,0.195083436676484,0.165105016100317,0.543501447706306,1013.840151085,2.60808729515783,0.806423590882798,13.6702069978198,0.200184760837509,0.166341716006267,0.562386426362744,1081.10273202952,2.68736945594471,0.821835172170524,14.5935045307893,0.149601448850905,0.147955693001174,0.299737493380482,40.3723759649323,1.97011315915894,0.567230378491645,2.11340286048284,0.332142766378012,0.182611325238558,0.524758265287158,12023.5203050969,3.74233122658154,1.33837080011794,183.403569954085,0.181315438953713,0.159291092485561,0.478481668911584,80.4544534593745,2.60967621805674,0.860808123296901,4.29187180385255,0.164213619055657,0.158389735175886,0.945768439294918,16.966524839181,1.99436762278339,0.685854511592788,1.87888706258265,0.269959005874847,0.192129884825072,0.31372240117851,505.831484790666,3.0417100224508,0.691484872869584,5.78698619595152,0.173008887952658,0.141882799733989,0.575409709567583,1090.47069550921,2.57635832301471,0.867009462220768,11.3555375584809,0.262069977045018,0.207030645033935,0.397215087837642,1025.18997369856,2.51345966746797,0.763295396277172,10.7871242514666,0.161422455157569,0.159988645820151,1.31415322858187,1108.85790480841,2.61905989012373,0.779076179258069,11.6183263510116,0.222315171344848,0.162537654589627,1.50890987585467,1215.9013822885,2.91839009303631,1.25585562099441,16.3448570694933
291120242288500,Grissini Sesame 6x350g Vita Vigor,"wheat flour and sesame seeds (496),extra virgin olive oil (4%), sea salt, fresh yeast flour malted wheat",France,Cereals and Cereal Products,Bread,"White bread (not high fibre, not multiseed bread)",EUwest,0.452177754462466,0.152722808582285,0.772359002885955,223.8851413171,7.28219414885858,0.779485757481416,3.89979374253081,0.0119284169222652,0.0017737610836586,0.012616821392355,10.248259918616,0.132164766447216,0.0029807021392704,0.149415757282449,0.428789047532436,0.149244897102502,0.747620503229432,203.790811169075,7.02305138003567,0.773641329906875,3.60682600166616,0.475566461392496,0.156200720062068,0.797097502542478,243.979471465125,7.54133691768148,0.785330185055957,4.19276148339546,0.199304334502899,0.0713520764542496,0.114017700572369,0.676770673479024,4.12292025949357,0.504901248872431,0.150409150518734,2.47020252995791,0.446431786132236,2.61827459072649,1908.88438301017,26.8301718077217,,25.2511595915438,0.217586894495752,0.117478654813476,0.332732814604525,0.810617956510419,4.92873679137893,0.553491322284165,0.150409150518734,0.219640741770428,0.121227322326799,0.367783177738545,11.6220179565104,5.15586567304551,0.90850352783702,0.825489150518734,0.196239199946399,0.103690323596784,0.442156566568236,124.62025795651,3.93215312826191,0.648967866403952,1.69796915051873,0.227140232686016,0.112271740157619,0.687178458259772,0.810817956510419,4.81470884942099,0.797804777873393,0.171609150518734,0.367171476255459,0.16949373253771,1.36960446631252,17.8564966227384,16.4993141698035,,0.32943749708421,0.487375796187565,0.152988234442688,1.34943236352984,1905.46700557107,6.5022647666017,,25.1066805750173,2.55484252995791,0.458711786132236,2.76239459072649,5.35194301016705,29.3304918077217,,0.758319591543838
291120242119329,Nan Berenji,"rice flour, wheat flour, sugar, vegetable oil, egg white, rose water, cardamom",Germany,Cereals and Cereal Products,Biscuits,Biscuits,EUwest,0.231005269555715,0.245304429579552,1.30079620365758,2837.84636264316,4.07403436083569,1.58588929587456,128.615951443075,0.0011680142191226,0.0016512630562627,0.0258737942871295,70.791760177057,0.0299622414884782,0.0114037818325487,1.71113970148033,0.228715079462663,0.242066706758578,1.25006402388107,2699.04104232008,4.01528573646184,1.56352926998733,125.260825171494,0.233295459648768,0.248542152400527,1.35152838343409,2976.65168296623,4.13278298520954,1.60824932176179,131.971077714656,0.179079203198454,0.141515896647533,0.596637829386859,159.325969340597,1.30630500519207,1.01077101687853,27.4196763539991,0.165613645970733,0.242313767510998,0.564945729129077,27459.4689150702,3.86775128395008,1.71438905713966,333.685795005903,0.162488943603351,0.227863614748122,0.725979077316822,626.383585942601,4.39818749299351,1.29225595220505,20.9438771510331,0.190101884019926,0.223766420548343,0.864855323885752,751.005887334221,3.96939114513811,1.23851995422763,195.802759822401,0.202814522379327,0.239627231930722,0.600073432657307,1376.55107680544,2.05603290392978,1.15608188832013,51.1429240291715,0.205253118634685,0.310849144354246,0.606794322054781,1706.07066957283,4.10027532489589,1.34204366501231,179.967328908789,0.184211608417647,0.230522763108606,0.582865287820268,5318.07546026117,4.11345407700703,1.48382882677665,94.9839635566403,0.235893568209884,0.190339612538139,0.51517177052949,6733.02328576733,2.31329843735117,0.985927137288308,108.295482091099,0.233475085790761,0.242762387495939,0.552302169585248,7147.96299109616,4.24769543628535,1.15458045192994,104.790277407467
291120242059149,Knight's Sports Knusperflakes,"sugar, cocoa butter, cocoa mass, corn (11%), whole milk powder, lactose, lean milk powder, butter pure fat, emulsifier lecithine (soy), salt, barley malt extract",France,Cereals and Cereal Products,Biscuits,Biscuits,EUwest,1.7295968256518,0.249928948748751,2.0845513582249,266.76419223651,49.7820209402815,2.27468275801892,28.4706944821858,0.0085425266255784,0.0059458775101836,0.015788364491221,5.70011452030329,1.39459240128244,0.0159755480154491,0.559381767698468,1.71284702113124,0.238270537793315,2.05359423856718,255.587662370746,47.0475664713437,2.2433586172704,27.3738837057045,1.74634663017236,0.261587359704187,2.11550847788261,277.940722102274,52.5164754092194,2.30600689876743,29.567505258667,1.01093072282107,0.0995945738962699,0.363525060406704,43.600186950658,41.5505166783916,0.683451487046891,2.22263691526853,3.72959085764821,8.37204703038953,8.73377015505987,1416.49222204604,1935.33015708,6.74950626941464,97.0039867811036,1.52792434255305,0.141563026053659,0.394132585807869,116.608277049623,63.6300326773953,0.779566885560383,6.25338914172951,1.39734109559049,0.290882437214192,0.76228724318693,158.823497989247,58.5789058693996,1.26590538960227,5.7909549263283,1.39922083492774,0.185105087932444,1.87955448431858,130.30319331542,27.4688884554373,2.04437362049907,29.4976437768141,1.31986337731243,0.189456639915646,3.28852692522932,650.000535210364,27.8706206607065,2.70015136430648,134.227987538188,1.83480061894689,0.28341989854665,2.83006333436853,162.780304947691,41.604798638456,3.13899875319973,7.03508271854369,1.93581105169199,0.166766298575828,2.35364031205957,1370.51357259868,76.6104781348774,1.8252985999211,97.9852288238506,2.66239556256376,0.159695216338429,3.25153771024779,636.291113948038,43.7408717451183,2.85972381475245,43.6615500107268
291120241971772,Togolese,"sugar, grated coconut (33%) , egg white",France,Cereals and Cereal Products,Biscuits,Biscuits,EUwest,0.201354812,0.144786075,1.15164102166667,878.682297664667,5.589001944,1.26156390410486,70.449812401,0.001212510321791,0.0020799650549932,0.0131877480843177,13.6204544730747,0.0764773502247351,0.010213073697663,1.07030092382965,0.198977375936957,0.140707772454661,1.125783074462,851.975919106592,5.43904857274812,1.24153856552674,68.3512141714506,0.203732248063043,0.148864377545339,1.17749896887133,905.388676222742,5.73895531525188,1.28158924268299,72.5484106305494,0.12187,0.080159,0.756473,101.531886,8.133092,0.742736,20.0719,0.14066,0.187918,9.611139,1159.870333,14.428069,1.826262,88.917962,0.12187,0.080159,0.756473,101.531886,8.133092,0.742736,20.0719,0.244966,0.095546,0.652778,135.893733,0.913244,0.580838,65.074861,0.103807,0.197234,1.095656,103.18164,4.287011,1.642541,20.0719,0.271366,0.068486,0.791048,1097.086713,1.687424,0.928658,79.548001,0.201974,0.170266,1.498078,1101.736685,3.447531,1.653362,91.427099,0.227881,0.143414,1.635995,2058.487881,4.228286,2.001734,105.804913,0.197467,0.118292,2.239646,2434.702167,3.395234,2.255345,188.096602
291120241999607,Hazelnut dough,"sugar, rapeseed oil, hazelnut (3%), lean cocoa in powder, whole powdered milk, cocoa butter, powdered lactrum, emulsifier sunflower lecithins), aroma",France,Cereals and Cereal Products,"Buns, cakes, pastries and fruit pies",Buns cakes and pastries,EUwest,1.19759162143402,0.244446452776656,1.75387319289903,491.457643904234,30.4970258587858,2.14442427140049,40.3684440199829,0.0051277981470477,0.0019745954905584,0.012133257547138,13.5206823812773,0.351508901325687,0.0117347193664428,0.787384037665757,1.18753726394139,0.240574754165265,1.73008284362419,464.946894005859,29.8078029107634,2.12141535798336,38.8245765798725,1.20764597892666,0.248318151388047,1.77766354217387,517.968393802609,31.1862488068081,2.16743318481763,41.9123114600934,0.783003951315257,0.14618308033316,0.459123277214171,59.6394700032231,30.2181907157849,1.16163121611494,2.55886489181274,2.42066032143311,0.397457855017538,1.67986273270118,6914.66688701674,86.6298635398925,3.62649549932748,124.449931946014,0.899424453925972,0.175733253655819,1.33412364713415,127.699881445548,20.9171001128123,1.94270050417235,7.14021684736731,0.883225740383771,0.157765858378124,1.5420526719299,305.317809383076,22.2982433410887,1.85442924148653,10.2460793080235,0.991700951556212,0.195851343322795,1.65177558151718,273.340197958747,16.8539988333483,1.84629313477612,41.8396939593586,1.29472339213653,0.221481285705421,1.6604249978604,215.752208444654,23.3953900011542,2.09890815771008,40.8581543903036,1.18456486862703,0.214696721230887,1.69191996583312,1093.94153225861,28.4621308925612,1.89416623157477,16.2280934174408,0.967536769788409,0.214818397829583,2.60849089421535,1891.92442016783,18.9128119137413,2.84407765892442,130.284262540576,1.22886085796484,0.22881474689391,2.97552863596074,1893.12971645252,25.0961156764908,3.19240086782624,131.643032893268
291120242101847,Dinkel Doppel Keks Zartbitter,"spelt flour (45%) , cane sugar, palm fat, cocoa powder (8.6%) , sea salt, raising agent sodium bicarbonate, ground bourbon vanilla bean",Germany,Cereals and Cereal Products,Biscuits,Biscuits,EUwest,0.623282146916225,0.275999890676347,1.21690206560659,186.306576124119,23.1268555733526,1.47065725823649,14.0819438424909,0.0026723054493215,0.0013179820058846,0.0101169572058982,14.1570070816223,0.215318966417312,0.0060929487882707,0.364134266959675,0.618042409791926,0.273415650447692,1.19706518795095,158.548149184801,22.7046677646241,1.45871047649025,13.3679656416448,0.628521884040524,0.278584130905002,1.23673894326223,214.065003063437,23.5490433820811,1.48260403998274,14.795922043337,0.406852085849477,0.0660774001911498,0.34447342494162,2.78647421286575,14.651076036447,0.835244631554771,0.501861301084171,0.762342252274563,0.344876652274563,1.29592677544674,10317.8939631778,19.4031551317986,2.14061314920799,163.141921948152,0.547686145186871,0.182933974593652,0.732805579041315,15.5727352781685,18.1212307417873,0.696536144963256,18.1829872158677,0.752962145186871,0.190825974593652,0.388685579041315,15.5727352781685,26.5109477417873,0.860412144963256,18.1829872158677,0.515649779432431,0.273615535419693,1.02574006319826,29.347909310601,22.4101025735907,1.12435563554225,23.2553792703345,0.614258885010949,0.255570540828498,1.2432909780081,75.1796641149547,26.1105503783381,1.28665322887696,7.67202359489491,0.724649896506886,0.354620987936639,1.0614038842406,2.73497884656796,18.0643356453671,1.48721322520342,0.70344336423646,1.06149125227456,0.35087427026814,0.886928810377879,3.53368117780306,42.3051271317986,,1.64412194815198,0.542884022182199,0.292454067060649,2.63708409414966,920.895950052065,24.2292041144127,2.47223930311027,66.7403276504446
291120241862061,Spelt & Banana Biscuits,"spelt wheat flour (64%), rice syrup, sunflower oil, banana powder (3%), vitamin b1",France,Cereals and Cereal Products,Biscuits,Biscuits,EUwest,0.315454780962848,0.19564930973169,1.63400856623648,988.562675457698,3.89592066044331,1.1806015973906,77.3393509374406,0.001674538453035,0.00124415668628,0.0234649049078559,44.057073101721,0.0514023432762543,0.0095961560605445,1.28713971679953,0.312171420783846,0.193209822891141,1.58799962912375,902.177535024881,3.79513324244477,1.16178588335096,74.8155848911655,0.31873814114185,0.198088796572238,1.68001750334921,1074.94781589051,3.99670807844184,1.19941731143023,79.8631169837157,0.188629183931091,0.120255826093414,0.686088181480657,25.1561071879409,0.659754190985372,0.753571172495731,6.61733630132917,0.388092460087622,0.144476305041954,2.52180063859806,17646.1391477627,8.67156526546374,1.07941407811688,214.067996823346,0.251498497066904,0.169585849112646,0.789863166258261,16.2306108034454,0.923084801366303,1.03583306601322,33.3600378302517,0.337081543031113,0.167157238434692,0.724946776564937,0.403535999851489,7.92415210514591,0.891387332739289,0.178486207767135,0.253408719833668,0.150966953293235,0.605702918244598,488.488251356649,0.969348079007946,0.903512895967922,170.087443338531,0.443736760971264,0.194921141308383,1.40953559218832,114.451863394965,10.7531016068909,0.929007578525284,18.7676661632138,0.266391162842504,0.299929377738175,3.76601973119477,1.76908642310834,2.29114673275414,1.90438926189946,0.339662704388505,0.251338475532784,0.158727251058142,0.500726200341576,4079.39639860844,1.42179022573699,0.691758910670528,58.7824697126308,0.269574035791193,0.160555540209401,1.07876892552165,4078.64040245191,6.93389541174723,0.859213787034975,57.6597797126308
291120241971950,Organic toast &quot;The Flower Bread&quot;Chestnuts,"rice flour , chestnut flour (30%), sea salt, (",France,Cereals and Cereal Products,"Pasta, rice and other miscellaneous cereals",Other cereals,EUwest,0.683140778279467,0.40025132922944,3.44565640188181,4967.31652996714,21.4441782082016,2.67655998201789,298.868887568511,0.0047916791065706,0.0044010141060655,0.0698885841068419,149.218720235375,0.206030895917625,0.0311326157119685,4.26346973602239,0.673745467983333,0.391622017411074,3.3086219888426,4674.73513054062,21.0402020331105,2.61551654015987,290.509266605334,0.6925360885756,0.408880641047806,3.58269081492103,5259.89792939366,21.8481543832927,2.73760342387591,307.228508531688,0.20279355968,0.09225091392,0.87658433472,246.13524479936,2.80359399552,1.31049913024,53.1501175104,0.39387241088,0.25329416896,0.54578154944,68010.410149063,12.04730896448,1.7789395136,831.58467262464,0.45509355968,0.19335091392,2.05738433472,1385.53404479936,15.80409399552,1.91469913024,72.5757175104,0.93638746752,0.36993846848,0.7666409056,1151.81466393728,38.993498608,1.04293498752,398.89113643904,0.8479470848,0.34924516992,1.6472092256,1304.9187,22.84912864,1.839177024,51.5196,0.6331594432,0.32776640576,4.5121992192,1331.5454389248,15.52417719808,,160.60608598848,0.89367606656,0.62292619712,10.959292784,1305.02817241088,23.6147426528,6.1834302912,51.536921584,0.59155848576,0.50832306368,1.04270844224,13331.9246433542,9.08477389248,3.25781792896,188.11243600832,0.52645848576,0.27372306368,1.55990844224,14636.0663433542,17.54387389248,1.62161792896,239.41513600832
291120242260136,Milk chocolate xl cookies,"sugar, phewmjol , palm oil, helm milk powder , cocoa mass, cocoa butter, whey powder (milk), baking powder (ammonium hydrogen carbonate, sodium hydrogen carbonate, betriumdifosfat), salt, salt, emphasis (salt",Germany,Cereals and Cereal Products,Biscuits,Biscuits,EUwest,1.07746541388016,0.275337081375416,1.52022783202602,248.385085057983,35.9050395564229,1.8490808352475,14.587252858821,0.0054785899226897,0.0018271160858048,0.00968977571233,3.54120823405092,0.429844249271997,0.0094032645919026,0.253449089776623,1.0667232395475,0.271754553791369,1.50122855275616,241.441642176654,35.062220158233,1.83064333418103,14.0903012078938,1.08820758821282,0.278919608959464,1.53922711129587,255.328527939312,36.7478589546128,1.86751833631397,15.0842045097483,0.688939835068527,0.0678071243050558,0.241846601192149,44.6732241371808,23.8695201678959,0.525851867245017,15.7645138682783,1.61590714942461,3.76622012300323,3.92792760263437,68.3498046906313,825.441311583718,3.24634058788726,2.67538380200351,0.632947287346602,0.220166667581917,1.30631634160442,326.019734830696,35.6046134570467,1.06931766574601,77.1195800044713,0.966768192183739,0.246551681475074,0.611276910427315,130.17028103575,42.0407606895565,0.968401995268116,26.2691004020188,0.830054662066579,0.270845134583491,1.44387810345527,114.312570128256,31.6144533212381,1.65989513085685,4.82800368627648,1.15938112663367,0.244859846537278,1.21582517842154,367.763323246622,60.2386998364221,1.02942062521542,9.20857281936889,1.14957617496509,0.239799356816646,1.8751001506943,502.192664803535,33.6709678195346,1.97667528675909,14.3828427587771,1.50024466264434,0.349922219527276,1.10244909600571,372.250497672614,68.3401870062818,2.76737434193974,11.7134531737613,1.60262561394927,0.296224627478624,2.30724842930343,477.548277291334,33.2193118000169,2.48856398628309,14.1580892034706
291120241963079,10 Pure Galetttes Black,"water, black wheat flour after cooking (47%)), guerande salt, sunflower oil",France,Cereals and Cereal Products,Biscuits,Biscuits,EUwest,0.0845814995541039,0.0504042731471341,0.282654618896715,33.2424515356141,0.293315610257311,0.352929987716255,1.14305063370593,0.0004370949307686,0.0001020873785878,0.0019355242280782,5.7602753751364,0.0071212772585065,0.0015058078563262,0.0942790505878421,0.0837244633436016,0.0502041047765442,0.27885952947106,21.947960953728,0.279352527993158,0.349977466952262,0.958192483776194,0.0854385357646061,0.050604441517724,0.28644970832237,44.5369421175002,0.307278692521463,0.355882508480248,1.32790878363567,0.0713850724459026,0.0475459738031668,0.15556989939801,0.245983527378039,0.115258076699407,0.266177514549364,0.106052217405869,0.0764452173377078,0.0502396729456498,0.356099747748154,4925.79461432137,0.413874853273642,0.63738845061047,59.7816625566131,0.0559836826679461,0.0494628550400332,0.2054864865296,11.022143527378,0.108558842750839,0.394346090067565,2.72536221740587,0.0572850724459026,0.0484859738031668,0.21854989939801,11.950393527378,0.0917580766994073,0.398247514549364,2.95096221740587,0.0845450724459026,0.0456659738031668,0.21666989939801,0.245983527378039,0.136408076699407,0.290617514549364,0.106052217405869,0.0720440791299814,0.0461120048611482,0.325823999324195,0.421251975552125,0.124941002901894,0.402579668623983,0.127200616837961,0.106966292214184,0.0472325219092477,0.289536143943354,0.490506456408448,0.581601466596254,0.288071873876982,0.108402039564991,0.0798450724459026,0.0602359738031668,0.46952989939801,0.358783527378039,0.112908076699407,0.468277514549364,0.191122217405869,0.180425072445903,0.0536559738031668,0.28716989939801,0.245983527378039,0.632728076699407,0.249257514549364,0.106052217405869
291120242346969,Molenstone Organic wheat flour,wheat flour,Netherlands,Cereals and Cereal Products,"Pasta, rice and other miscellaneous cereals",Other cereals,EUwest,0.339832333333333,0.114646333333333,0.981651333333333,5.98055433333333,2.257531,1.35447298969072,2.07565566666667,0.0035565378225259,0.000401869002392,0.0215515276342402,0.318257521875298,0.0918649714551252,0.0160765193267536,0.112278927144137,0.332858832879861,0.113858366549269,0.939394060887496,5.35652920443924,2.07740626857072,1.32295086890648,1.85550416303413,0.346805833786806,0.115434300117397,1.02390860577917,6.60457946222743,2.43765573142928,1.38599511047496,2.2958071702992,0.204,0.084,0.25,0.688,0.253,,0.219,0.287,0.138,4.765,0.18,2.516,2.32,0.219,0.204,0.084,0.25,0.688,0.253,,0.219,0.204,0.084,0.25,0.688,0.253,,0.219,0.274,0.086,0.415,0.508,0.984,0.469,0.219,0.369,0.109,0.547,0.508,1.326,0.493,0.219,0.975,0.109,0.058,8.639,19.823,0.471,0.22,0.293,0.132,2.765,0.18,2.566,1.969,0.219,0.269,0.133,4.195,0.18,2.357,2.329,0.219
291120242289486,Broken pea pasta,broken pea flour,Belgium,Cereals and Cereal Products,"Pasta, rice and other miscellaneous cereals",Pasta,EUwest,0.612506666666667,0.079042,0.807552333333333,60.6442686666667,1.21351733333333,0.386480672268908,2.744805,0.006282838460123,0.0003881618672818,0.0057703505441358,22.5611091287954,0.0304626985546959,0.0008913564514511,0.313653482103957,0.600187557736273,0.0782809095540144,0.79623808781024,16.4074539352096,1.15378743510487,0.384732940365417,2.1298072665774,0.624825775597061,0.0798030904459856,0.818866578856427,104.881083398124,1.2732472315618,0.388228404172398,3.3598027334226,0.181,0.052,0.427,0.0,0.278,0.311,0.0,1.471,0.17,0.18,30294.974,22.825,0.568,405.065,0.203,0.049,0.431,0.0,0.271,0.4,0.0,0.224,0.056,0.278,82.171,0.342,0.392,19.97,0.248,0.099,0.761,0.0,0.833,0.385,0.0,0.63,0.062,0.079,0.0,0.664,,0.0,0.954,0.092,0.893,0.0,1.476,0.392,0.0,0.954,0.092,0.893,0.0,1.476,0.392,0.0,0.954,0.092,0.893,0.0,1.476,0.392,0.0
291120242059379,The good spaghetti,"duration semolina, fresh egg (10%)",France,Cereals and Cereal Products,"Pasta, rice and other miscellaneous cereals",Pasta,EUwest,0.1846026,0.137786933333333,0.586975766666667,228.225615733333,1.26788996666667,1.07996773761714,7.9574266,0.0010731007271367,0.0002470791083492,0.0031119416884613,9.19827419147466,0.020034893538428,0.0028830536841881,0.162723896984796,0.182498512041224,0.137302471657373,0.580874010447959,210.19005068489,1.22860644259148,1.07431477477031,7.63836485342524,0.186706687958776,0.138271395009294,0.593077522885374,246.261180781776,1.30717349074185,1.08562070046396,8.27648834657476,0.1606,0.1328,0.3839,117.8928,1.0739,0.9125,4.7755,0.1511,0.1449,0.4936,9535.8112,1.2534,1.7318,119.516,0.1696,0.1193,0.4694,117.8928,1.0883,0.8369,4.7755,0.1525,0.1364,0.5036,118.8459,1.0604,1.1897,4.9654,0.1858,0.1292,0.5009,117.8928,1.1144,0.9593,4.7755,0.1597,0.1562,0.5756,141.2343,1.0568,0.9746,14.4937,0.227,0.1483,0.4998,215.4835,1.4185,1.1535,7.2098,0.182,0.169,1.0047,215.6995,1.3141,1.3101,7.3727,0.2711,0.1156,0.5155,562.0712,0.5163,1.0877,14.3081
291120242464987,Crackers,"wheat flour 73, (5%) , vegetable fat, sugar, glucose-fructose syrup, carbonate of sodium acid pyrophosphate, orthophosphate, monocalcium carbonate acid ammonium salt to 1, (9%) , barley flour, malted",France,Cereals and Cereal Products,Biscuits,Biscuits,EUwest,0.114065782333333,0.0807661573333334,0.364526440333333,338.529783265833,0.579820003166667,0.567964418466899,6.74104708883333,0.0005178909476985,0.0001836847197493,0.0024044766941733,8.90562124057426,0.0090721375320938,0.0021792783416933,0.146071138351414,0.113050324902865,0.0804059965420281,0.359811849865328,321.068039047549,0.562031761244052,0.563691386866395,6.45463732732842,0.115081239763802,0.0811263181246386,0.369241030801339,355.991527484117,0.597608245089282,0.572237450067403,7.02745685033825,0.099267,0.072615,0.2079455,1.983858,0.559751,0.415331,0.696106,0.092766,0.0780705,0.343874,7297.873187,0.376972,1.0397255,95.713329,0.1199195,0.0872225,0.3111885,1.669544,0.6985975,0.489103,0.615753,0.109359,0.078612,0.2833645,145.001174,0.9107475,0.5629215,1.7728095,0.1083885,0.0643255,0.2694665,341.1165045,0.649674,0.384825,3.6205195,0.083647,0.092478,0.3125585,357.7194145,0.7119725,0.660924,7.65605,0.1016205,0.0729945,0.502929,343.0169355,0.210703,0.554382,6.1094725,0.144457,0.078238,0.4214665,391.898226,0.35096,0.667538,16.790065,0.1053285,0.0964325,0.7383975,341.148764,0.730293,0.6819395,3.624387
291120242173755,Breadsticks with Kalamata Olives,"wheat flour, olives of kalamon variety (20%) (olives, water, salt, vinegar, oregano, acidity regulator lactic acid), greek olive oil (11%) , traditional leaven, water, sunflower oil, yeast, salt",Germany,Cereals and Cereal Products,Biscuits,Biscuits,EUwest,0.441755179176741,0.132796300274272,1.05536560746444,1062.41127192664,13.3959697876721,1.0067558578021,15.6818585371737,0.0021285092694108,0.000562871161724,0.0072270949702877,30.8581612862023,0.0589158087249372,0.0057920868916108,0.403174068962367,0.437581693304765,0.131692647649894,1.04119504255905,1001.90596804382,13.2804503023294,0.995398992620076,14.8913328368901,0.445928665048716,0.13389995289865,1.06953617236984,1122.91657580945,13.5114892730148,1.01811272298413,16.4723842374573,0.404541915801554,0.0987751089370909,0.302711760438608,98.8925164457989,11.9307475920931,0.552652782832458,1.34596450343452,0.511163977774495,0.146301493102317,1.38443950987551,12298.2152159544,14.1397486302685,1.46366401525246,190.531502848342,0.439743507183988,0.095970513797177,0.899690445891019,17.4648279912877,13.0962604726606,0.59976091521183,0.387572050889109,0.36165727535079,0.117222858744631,0.802846371403974,357.368695106574,12.6528571886016,1.06360705953638,4.5742652991119,0.40285842008238,0.140719428147766,0.828471181832866,412.690420695106,11.6378049791136,0.843690819422509,5.25536950640968,0.473650004108284,0.120843024977606,0.6891932300364,868.950927199956,13.9054281763701,1.02300685443126,11.35240270439,0.328921774008317,0.104259078085988,1.36934039160917,1309.95664456619,11.7890361194649,,18.7576314051413,0.252281807269625,0.106207820327301,0.408198094073067,5308.22253160751,8.1017494671567,0.588791672187095,73.6065123371434,0.311895490515522,0.0984737606742318,1.02288585035622,5307.65306789274,8.95654399112634,0.588262988293154,68.4208669232738
291120241858211,Tortelloni Tomate & Mozzarella,"durum wheat semolina, water, tomatoes (9%), egg , wheat flour, double concentrated tomato (3%), mozzarella (2.5%) (milk), iodized salt (salt, potassium iodate), dried tomatoes (1%), spices, sunflower oil, basil, sugar",France,Cereals and Cereal Products,"Pasta, rice and other miscellaneous cereals",Pasta,EUwest,0.161761735383307,0.138549074272674,0.578423740659044,337.475689218991,1.10948977105177,0.981079834844344,9.69669945683106,0.0006371483794247,0.000280895404698,0.0025935593071526,6.63900219829233,0.0116973194170094,0.0020370962527199,0.120308982467197,0.160512443309227,0.137998307113772,0.57333840545187,324.458230344473,1.08655418978443,0.97708558753109,9.46080297951033,0.163011027457388,0.139099841431576,0.583509075866218,350.493148093508,1.13242535231912,0.985074082157598,9.9325959341518,0.149986468319689,0.122097450560897,0.451009421766322,101.305764035658,1.01456521410053,0.922049026732686,4.16973773436927,0.158287653097304,0.145052070398333,0.739416768903382,6566.82144005664,1.18409785286656,1.40541141957676,84.1825382363893,0.146550166237842,0.117574519561194,0.447647182957162,256.437373262366,0.835829845306951,0.828060528049618,7.00097440204118,0.138883629302276,0.157390274507922,0.390851948051023,226.874993248211,1.10177839315068,0.91871900963257,6.931885393822,0.147420524279445,0.132659039804725,0.39086419645285,335.983373144101,1.07604306894977,0.860453853468187,8.85267507053433,0.137373379581322,0.132911091555106,0.684082414108862,288.506973262366,0.963422949670218,0.987662255243935,8.43672940204118,0.189521541746895,0.13731983481315,0.45574909857785,403.425242106891,1.12553516017078,1.01788160655664,10.0906068832277,0.17897684026118,0.151267437166471,0.570141676057112,474.965213873224,0.350252161339422,1.10582501638041,14.590608609753,0.181618231534645,0.146560508348612,0.524932469968831,601.825948722183,0.629355410197869,0.969516557577776,14.6834069020412
291120242125749,Mini chocolate biscuits (with whole milk chocolate),"wheat flour, sugar, palm oil, cocoa butter, cocoa mass, lean milk powder, glucose syrup, whey product, butter grease, butter, dining salt, lactose, baking agent sodium carbonates,emulgator lecithine (contains soy),flavors (contains milk), acidic citric acid,chicken full powder",Germany,Cereals and Cereal Products,Biscuits,Biscuits,EUwest,1.28353676477004,0.297508565165715,1.77368775833717,319.387137473239,41.1641728455236,2.12229305142297,14.5909467109508,0.0065683500701289,0.0039807923913074,0.0098824531157033,6.26034903464004,0.950405025450165,0.010960542610618,0.215825303410313,1.27065783743164,0.289703205309807,1.75431068582376,307.112124803487,39.3006611364727,2.10080210919783,14.1677660992699,1.29641569210845,0.305313925021623,1.79306483085058,331.662150142991,43.0276845545744,2.14378399364812,15.0141273226317,0.768635534561885,0.16127224178271,0.388465617826266,42.4447928687609,31.174033194014,0.775207156941252,1.71111374742281,2.66022991023449,6.15126843571447,6.16596753967582,446.461585146817,1384.32945006485,4.90525757342468,11.6965832466152,1.1624508000551,0.2486095707237,0.567220965932243,152.224582700791,53.5970008896758,0.916963640397656,14.5805934227833,1.02075221351915,0.229994170189155,1.56108527427797,68.6207572304152,24.8760965155745,1.8343104435301,3.14886341636021,0.98776211635163,0.252284823768822,1.74820094101932,309.369486766686,23.3346280072644,2.09690335569627,8.43088169360949,1.01088024482748,0.281734668347206,1.73197992153797,992.709677823738,32.6938750381118,2.15084788835879,19.9740587756098,1.34451085875591,0.291350972341254,2.21894400266004,412.990265245854,33.3631477327381,2.30845125388507,10.853234261999,1.79899773044486,0.441239229876513,1.28909977644691,152.701010801823,76.3665918905697,3.19990036140083,8.72353753769128,2.48926420375684,0.374633602097231,1.3684252297211,42.1224927208469,94.0790368473434,3.42023716880466,4.51707728551551
291120241965219,Flagger,"higher quality durum semolina (87.5%) (origin italy), water,traces of soybeans",France,Cereals and Cereal Products,"Pasta, rice and other miscellaneous cereals",Pasta,EUwest,0.132467642719808,0.0874868827256595,0.420023672056307,66.612980603659,0.325686265165372,0.617973782226007,2.12835258581938,0.0006899047227243,0.0001876365859309,0.0030277722138337,11.5990442758709,0.0105853642082668,0.0028107344754007,0.179337222994813,0.131114908364981,0.0871189732917178,0.41408695158269,43.8700928420472,0.304930955988287,0.612462619652491,1.77671617190079,0.133820377074635,0.0878547921596012,0.425960392529924,89.3558683652708,0.346441574342456,0.623484944799523,2.47998899973797,0.120104301870504,0.0841252489208633,0.23416453381295,0.4445,0.197640945323741,0.463355763165468,0.191625,0.103711494100719,0.0868205810071943,0.307896726043165,9169.9755,0.199328320863309,1.15817898561151,111.283375,0.0868543018705036,0.0850002489208633,0.34791453381295,20.5065,0.142515945323741,0.702230763165468,5.068,0.128854301870504,0.0710002489208633,0.317290497266187,0.4445,0.211640945323741,0.389857690071942,0.191625,0.128854301870504,0.0911252489208633,0.33653953381295,0.4445,0.462765945323741,0.644480763165468,0.191625,0.134104301870504,0.0981252489208633,0.31466453381295,0.4445,0.482890945323741,0.509730763165468,0.191625,0.179836494100719,0.0876955810071943,0.328021726043165,0.4445,0.294703320863309,0.687428985611511,0.191625,0.239979301870504,0.0753752489208633,0.36366453381295,0.4445,0.861765945323741,0.410855763165468,0.191625,0.135911145611511,0.107707856978417,0.819074001438849,0.673513749640288,0.193456709064748,0.839527723453237,0.352293982158273
291120242058840,Wheat flour type 1050,wheat flour type 1050,Germany,Cereals and Cereal Products,"Pasta, rice and other miscellaneous cereals",Other cereals,EUwest,0.199046666666667,0.122404,0.680581,311.751448666667,0.511054666666667,0.876627648839556,7.069482,0.0021031850879931,0.0005367364975482,0.0099961414603017,32.3825490107458,0.0217423313836208,0.0076685080551989,0.462841051869252,0.194922835318111,0.121351591057421,0.660981012460184,248.25719344442,0.468423274754307,0.861591580879956,6.16196394560078,0.203170498015222,0.123456408942579,0.700180987539816,375.245703888913,0.553686058579026,0.891663716799156,7.97700005439922,0.151,0.095,0.102,0.831,0.206,0.454,0.251,0.443,0.144,0.647,22923.389,1.29,1.809,361.202,0.165,0.098,0.4,0.273,0.239,1.015,0.219,0.165,0.098,0.4,0.273,0.239,1.015,0.219,0.165,0.098,0.4,0.273,0.239,1.015,0.219,0.143,0.099,0.734,0.508,0.205,0.903,0.219,0.154,0.11,1.195,0.273,0.249,0.687,0.219,0.244,0.19,1.175,22.799,0.378,0.784,10.189,0.975,0.109,0.058,8.639,19.823,0.471,0.22
291120241940914,Penne - Alsace pasta,"higher quality blus semolina, eggs high outdoor chicken costs or 320 g per kilo of semolina (30%)",France,Cereals and Cereal Products,"Pasta, rice and other miscellaneous cereals",Pasta,EUwest,0.4639221,0.3688514,1.60960876666667,853.711213,6.46148733333333,3.43542597054886,31.4857560666667,0.0021946196555077,0.0015354445973743,0.0055538124843187,12.8204498102424,0.0322669950555059,0.0121859062427416,0.248945911201765,0.459618987836831,0.365840768838353,1.59871909929617,828.573447839962,6.39821965114348,3.41153239006407,30.9976340470834,0.468225212163169,0.371862031161647,1.62049843403716,878.848978160037,6.52475501552319,3.45931955103365,31.9738780862499,0.3107,0.1881,1.2075,6.9139,2.4108,1.9072,10.9902,1.6847,0.5319,2.9438,5140.6387,22.5796,4.6298,113.6932,0.3312,0.2477,1.2469,401.8348,5.304,2.3108,21.5202,0.3179,0.268,1.305,410.5428,5.283,2.5719,23.2534,0.3327,0.4151,1.0843,889.9093,6.1554,2.5199,31.68,0.5423,0.3759,1.6935,662.2582,6.5094,4.1278,23.088,0.4061,0.5453,1.6348,627.1424,8.7654,3.6396,36.943,0.4224,0.3598,1.267,2009.4567,5.1366,2.7076,52.0574,0.4441,0.3556,1.4217,2009.6247,5.1723,2.646,52.098
291120242189134,Arbbiata flavor crust,"croutons (ble flour, sunflower oil, wheat gluten, salt, sugar, yeast), olive oil, flavoring (paprika, tomato, salt, grilled onion, red pepper, strong pepper, caramelizing sugar, bright garlic (oilde sournsol, extract of rosemary), yeast extract, olive oil, green olive (salt, olive oil, rosemary extract), provence herbs)",France,Cereals and Cereal Products,Bread,"White bread (not high fibre, not multiseed bread)",EUwest,1.07048459455348,0.279301893483361,2.41000031532974,1762.5993684149,34.4363041296524,2.01517465130336,24.9009421489237,0.0059774950527605,0.0017182620709847,0.0212858660456951,75.8764117357141,0.154832802094171,0.01184134109422,0.984135453878428,1.05876418933326,0.275932801987889,2.36826394025675,1613.82429050188,34.1327148893588,1.99195667876634,22.971293322913,1.08220499977371,0.282670984978833,2.45173669040273,1911.37444632791,34.7398933699461,2.03839262384037,26.8305909749343,0.967786754734965,0.162474030353164,1.05325915992349,19.6498402526102,32.4363284496556,0.890525662696798,0.526807323611774,0.822161833159897,0.217820579595215,4.24182728439645,15881.578471355,21.8269556608681,0.987557655402059,209.378157074078,0.99929158889366,0.168584188626936,1.89378769054983,9.99641137693668,30.5893060700384,1.13219376563142,1.31481942362651,1.05888113995347,0.260333260258844,1.99170096591933,94.8089192235698,33.1198699650412,2.86215054369889,5.89275137115518,1.22095058986931,0.265298358658615,2.06829684388149,4.71355685250549,36.9379579056026,1.95709298068493,0.443628651457867,0.793388660140611,0.201442982273952,2.55872221331341,1064.51503277632,28.1306309437967,1.73711009867457,15.1823888712721,1.12600776371785,0.232752479421557,3.58187403782677,1042.26448922597,36.378762786085,1.81994615515549,13.8199588754677,1.68485796836331,0.477006208524388,5.64054226473309,8.61447067199305,49.939969318899,2.55236872601302,0.511130225009076,0.578605998810552,0.168093715066895,0.727090178799035,15871.6631461718,16.5008910643668,1.10013081254702,205.507290976986
291120241836500,My 1st vanilla cookie,"wheat flour (59.4%) (gluten), cane sugar and quot, (18.6%) , wheat starch and quot, (gluten), rapeseed oil (13.5%) , whole eggs (2.7%) (egg), lifting powders (sodium carbonates, potassium tartrate), natural vanilla aroma, bi vitamin,and quot",France,Cereals and Cereal Products,Biscuits,Biscuits,EUwest,0.272366357,0.16546037,0.784943676,203.111864764,2.319575439,1.22892128902954,15.940650047,0.0014541535098766,0.0006238543445154,0.0047668867453827,12.5139776695614,0.041475121010851,0.0043488260386518,0.344956888170735,0.269515117770568,0.164237144275582,0.775596977457941,178.575016483991,2.23825287486329,1.22039430524195,15.2642739936227,0.275217596229432,0.166683595724418,0.794290374542059,227.648713044009,2.40089800313671,1.23744827281712,16.6170261003773,0.201312,0.123387,0.478878,32.407344,2.61789,0.885882,1.566528,0.209559,0.150621,1.000941,8324.631024,1.188696,1.967334,141.811914,0.2472,0.139329,0.517116,41.960862,0.848232,0.879507,14.078562,0.195345,0.145041,0.750093,49.121856,2.473413,1.194654,5.629245,0.288807,0.150237,0.496245,68.303061,0.688122,1.05606,14.735823,0.241851,0.224676,0.631527,32.407344,3.084654,1.068648,1.566528,0.225738,0.190554,0.931209,197.050938,4.640667,1.365039,24.724551,0.230151,0.14217,1.547775,348.085692,0.734982,1.43832,68.836374,0.317559,0.152268,1.003128,681.838548,2.250957,1.73265,48.282726
291120241973165,Original Nature,"complete wheat (50.9%) , rice (37.3%) , sugar, full oatmeal (7.1%), inverted sugar syrup, barley malt extract, calcium carbonate, salt, glucose syrup, molasses, emulsifier mono and diglycerides of fatty acids, antioxidant extract rich in tocopherols,iron, vitamins b3, b5, b6, b2, b9",Belgium,Cereals and Cereal Products,Biscuits,Biscuits,EUwest,0.282843748666667,0.268325855,1.98930709333333,1892.24703718467,3.26842473566667,1.60405735166425,111.118193091333,0.0019629242873008,0.0022453695538324,0.0404759225733046,84.2620113081222,0.040587622982412,0.0178322013336414,2.27173251702213,0.278994934429144,0.263923234703741,1.90994371284798,1727.02985030533,3.18884233801,1.56909276804618,106.663881474771,0.286692562904189,0.272728475296259,2.06867047381868,2057.46422406401,3.34800713332333,1.63902193528233,115.572504707896,0.154538,0.122783,0.60204,43.796725,1.762428,0.85826,11.521015,0.218501,0.160817,0.798993,34530.540015,2.618475,1.848156,413.824662,0.221249,0.179023,0.725229,43.700327,1.953117,1.023009,11.534505,0.160751,0.251289,0.840746,24.304069,1.257428,1.011737,58.098333,0.444623,0.207866,0.373444,4.943567,4.546156,0.782679,6.307024,0.339847,0.283186,0.554024,625.104551,0.74474,0.840487,221.048346,0.30564,0.422267,5.777752,127.40435,3.289074,2.922154,32.860592,0.251754,0.16327,0.472469,7177.058558,2.649163,0.713707,101.351786,0.247699,0.252049,0.781344,7188.509728,2.885125,0.821464,106.413026
291120242393792,Elbows,"semolina, durum flour, niacin, ferrous sulfate (iron), thiamin mononitrate, riboflavin, folic acid",Germany,Cereals and Cereal Products,"Pasta, rice and other miscellaneous cereals",Pasta,EUwest,0.189762462004662,0.116694666573427,0.648836417692308,297.210314662424,0.487217361585082,0.835738792771306,6.73973762979021,0.0020050854758468,0.0005117013056696,0.0095298878691115,30.8721182282167,0.0207281960666366,0.0073108230990577,0.441252591617728,0.185830979992434,0.115691345516491,0.630150639361518,236.677644631313,0.446574440889894,0.821404057492059,5.87454926366262,0.19369394401689,0.117697987630363,0.667522196023099,357.742984693536,0.52786028228027,0.850073528050553,7.6049259959178,0.143956853146853,0.0905688811188812,0.0972423776223777,0.792239370629371,0.196391468531469,0.432823916083916,0.239292517482518,0.422336993006993,0.137283356643357,0.616821748251749,21854.1651913986,1.22983006993007,1.72462216783217,344.354326293707,0.157303846153846,0.0934289510489511,0.381342657342658,0.260266363636364,0.227852237762238,0.967656993006994,0.208785104895105,0.157303846153846,0.0934289510489511,0.381342657342658,0.260266363636364,0.227852237762238,0.967656993006994,0.208785104895105,0.157303846153846,0.0934289510489511,0.381342657342658,0.260266363636364,0.227852237762238,0.967656993006994,0.208785104895105,0.13633,0.0943823076923078,0.699763776223777,0.484305174825175,0.195438111888112,0.860881048951049,0.208785104895105,0.146816923076923,0.104869230769231,1.13926118881119,0.260266363636364,0.237385804195804,0.654956013986015,0.208785104895105,0.232619020979021,0.181137762237762,1.12019405594406,21.7355781118881,0.360368811188811,0.747431608391609,9.71375083916085,0.929522727272728,0.103915874125874,0.0552946853146854,8.23604804195805,18.8983887412588,0.449030979020979,0.209738461538462
291120242350831,Oat malt fine,whole -grain flock of biological origin,Belgium,Cereals and Cereal Products,Breakfast cereals,High fibre breakfast cereals,EUwest,0.219867666666667,0.108336333333333,0.506053333333333,257.441754333333,0.956586333333333,0.794650337837838,5.51866566666667,0.0027900642732463,0.0004170165661665,0.008023335986897,31.5351793355922,0.0471575583756501,0.0058057669749837,0.481791314956448,0.214397033301974,0.107518665883026,0.490321534619253,195.608983708977,0.864121899907542,0.783266649359572,4.57399078311889,0.225338300031359,0.109154000783641,0.521785132047413,319.274524957689,1.04905076675912,0.806034026316104,6.46334055021445,0.151,0.095,0.102,0.831,0.206,0.454,0.251,0.443,0.144,0.647,22923.389,1.29,1.809,361.202,0.14,0.097,0.279,0.688,0.173,,0.219,0.128,0.1,0.4,1.567,0.21,0.837,0.43,0.165,0.098,0.4,0.273,0.239,1.015,0.219,0.272,0.103,0.349,0.256,0.443,0.714,0.219,0.272,0.103,0.349,0.256,0.443,0.714,0.219,0.35,0.179,0.329,0.426,0.762,0.671,0.219,0.34,0.236,0.708,18.813,19.428,1.546,15.876
291120242022183,Crispeas - sel de mer,"pea flour (66%), toumesol oil, corn flour, rice flour, natural flavor, sea salt",France,Cereals and Cereal Products,Biscuits,Biscuits,EUwest,0.222497237303528,0.0689748970799878,0.6774252387299,196.066366589494,0.774305815016837,0.408582806470505,16.0404614234764,0.0014279831764215,0.0003076538720571,0.0057739484190073,11.8820456615577,0.0213268408676551,0.0016711877117511,0.25619400023753,0.219697311694624,0.0683716631138776,0.666103938654514,172.768582355554,0.732489098343737,0.405306016275298,15.5381276747622,0.225297162912432,0.069578131046098,0.688746538805286,219.364150823434,0.816122531689937,0.411859596665711,16.5427951721907,0.142442617655088,0.0500115540428585,0.353514755127816,4.07203317114287,0.298706151706677,0.295155598074077,1.06358422420978,1.00152956646077,0.157139543094011,0.678477907182841,20003.5309141277,15.3727159364271,0.664932208128583,268.627205732515,0.176130369782132,0.0609011954687398,0.241221122640283,70.2206062615247,0.369170165908041,0.376021174187693,15.6565768521433,0.1767372518733,0.0630109133836316,0.25195495425163,112.41319192359,0.326702032613114,0.349420548293124,33.32894393079,0.19631959543495,0.0903685018819442,0.574571028577222,15.9877462615247,0.70040638823519,0.394343339506306,2.47637685214332,0.178944489026047,0.0822257350179727,0.742070600769637,76.9433297815611,0.530347825263512,0.54561901953029,15.3406572402754,0.159434888954768,0.0508561772079179,0.377301777971448,589.277623322362,0.221862338169051,0.384907668621974,11.7223752055769,0.230545229096829,0.0570517192509455,0.687735774173609,593.877681175866,0.722485866909404,0.33877070235083,12.0623227999887,0.210502814845719,0.0539310997731996,1.05323768199923,580.640061175866,0.405569821294386,0.425509894746962,10.4651227999887
291120241630685,"Breakfast biscuits, cinnamon brown sugar","whole grain blend (rolled oats, rye flakes), enriched flour (wheat flour, niacin, reduced iron, thiamin mononitrate (vitamin b1), riboflavin (vitamin b2), folic acid), canola oil, sugar, whole grain wheat flour, brown sugar, malt syrup (from corn and barley), invert sugar, baking soda, salt, soy lecithin, disodium pyrophosphate, cinnamon, datem, natural flavor, ferric orthophosphate (iron), niacinamide, molasses, pyridoxine hydrochloride (vitamin b6), riboflavin (vitamin b2), thiamin mononitrate (vitamin b1)",France,Cereals and Cereal Products,Biscuits,Biscuits,EUwest,0.281668315292169,0.148903095787186,0.773058562780219,159.835351521719,2.65599715306662,1.00726808528922,17.3657552436407,0.0019583316515009,0.0008277764836354,0.0059846688261156,9.62593190652813,0.0497387656334759,0.0044439518082889,0.401199366640581,0.27782850608972,0.147280028643784,0.761324091545731,140.961254333686,2.55847160378008,0.998554583142824,16.5791014514383,0.285508124494617,0.150526162930587,0.784793034014708,178.709448709753,2.75352270235317,1.01598158743561,18.152409035843,0.171660850792232,0.0953789823323587,0.454780576969948,3.38190667752222,2.96793194034373,0.766882144086506,0.991133522008226,0.545596517315557,0.143544153470881,1.03394820465442,6282.87463633006,6.50970804746507,,131.111187380946,0.204303717631103,0.120623012352263,0.545098393751557,0.695481082034267,3.05894984136827,0.749200884476033,0.338194312797017,0.214869746533232,0.126744994447323,0.546926885506933,7.13704032727224,3.07246442132531,0.916315155159222,1.89982426347836,0.229493102969134,0.113172711982634,0.720389653534123,13.5479061306157,0.19275063340578,0.768124600561308,17.0465347029788,0.209651222070753,0.236145075244148,0.577221185672806,6.5830964914118,3.76931648436274,0.998553521304075,1.76402780286167,0.238688099386628,0.153933734724878,0.834497043834082,371.677014136896,1.37238921313352,1.18980926142013,27.2403440055351,0.534849915869544,0.211792508138388,1.0603344786504,2.11176619331265,2.37479566647124,,0.442008270198376,0.252118027531352,0.13403776757767,1.50464330162882,732.252509428724,1.9877413887806,1.22573932290477,99.8959673859541
291120242301276,Lot spaghetti pasta cooking 3min x3,"durum wheat semolina, water",France,Cereals and Cereal Products,"Pasta, rice and other miscellaneous cereals",Pasta,EUwest,0.135348909259259,0.0871888777777778,0.417404655864197,39.484383525,0.376909998765432,0.615605533553969,1.75281957808642,0.0009800510039336,0.0001808460234179,0.0029914154563762,8.65240124811077,0.0188981042940255,0.0025874274668056,0.150820994766128,0.133427269040204,0.0868342829754038,0.411539222096155,22.5191417538681,0.339855440248025,0.610532221385372,1.4570965103509,0.137270549478315,0.0875434725801517,0.42327008963224,56.4496252961319,0.413964557282839,0.620678845722566,2.04854264582194,0.119367592592593,0.0836444444444444,0.232636111111111,0.442618518518518,0.196041666666667,0.460915740740741,0.190813888888889,0.102812962962963,0.0862583333333333,0.305825,9131.16078888889,0.197784259259259,1.152725,110.812334259259,0.0862583333333333,0.0845157407407407,0.34590462962963,20.4197,0.14115,0.698779629629629,5.04654814814815,0.128080555555556,0.070575,0.315409259259259,0.442618518518518,0.209982407407407,0.387726851851852,0.190813888888889,0.128080555555556,0.0906148148148148,0.334577777777778,0.442618518518518,0.460044444444444,0.641274074074074,0.190813888888889,0.133308333333333,0.0975851851851852,0.31279537037037,0.442618518518518,0.480084259259259,0.507094444444444,0.190813888888889,0.178615740740741,0.0871296296296296,0.325864814814815,0.442618518518518,0.292755555555555,0.683967592592592,0.190813888888889,0.238735185185185,0.0749314814814814,0.361587962962963,0.442618518518518,0.857355555555555,0.408637962962963,0.190813888888889,0.135050925925926,0.107169444444444,0.814662037037037,0.651729629629629,0.191685185185185,0.835573148148148,0.348518518518518
291120241794567,Middle Greek Krini Pepperoni,"greek pepperoni, water, sugar, salt, vinegar, acidity regulator e330, preservative e211, e224 (sulfite)",Switzerland,Cereals and Cereal Products,"Pasta, rice and other miscellaneous cereals",Pasta,EUwest,1.25584252384473,0.78215151337716,3.56040029583816,5135.4687104117,17.546704995521,6.2332547159752,153.593284558768,0.0313244340294845,0.0048048311551765,0.0387417482602226,58.5397772400524,0.316493830690328,0.0225797320006909,1.29782836509891,1.19442297320033,0.772730415131764,3.48443720686162,5020.68653080317,16.9261380334993,6.18898138634861,151.048560688484,1.31726207448914,0.791572611622556,3.63636338481471,5250.25089002022,18.1672719575427,6.27752804560178,156.138008429051,0.877680008233467,0.605711878192109,2.14334198026593,2263.62415956162,12.862460742176,5.07484760139172,89.7159919810629,20.0653424033713,0.954375020905129,8.81883858472106,4885.15713497479,198.633710994846,6.97699270290097,441.921636145642,0.877680008233467,0.605711878192109,2.14334198026593,2263.62415956162,12.862460742176,5.07484760139172,89.7159919810629,0.882264613854164,0.641767081717592,2.18133981329171,2263.62415956162,13.08656248133,5.15729279738426,89.7159919810629,0.914434558379056,0.710303050488014,2.63311772988041,3214.70898773469,13.527150851997,5.66571779020157,111.804854977122,0.920029331339907,0.685825918784292,2.46457519443478,4393.36260478361,13.6096737531696,5.53843670534222,135.193103993338,0.915133904999162,0.808910923923009,4.43043854355373,3286.43537578604,18.2582307370165,7.41688172694787,103.855381946373,0.901457793317083,0.725999496850401,10.8893708113159,16509.6456020792,14.3191997518575,6.44906370990069,364.748736616907,2.41546552066731,1.58642895512124,9.45244662253741,13314.1001104287,35.2535968884809,8.78488142105589,317.746349626179
291120242224899,Crispy fiber tartine,"complete seigle flour (57 g), sound of wheat (27 g), flakes of avoine (13 g), seeds of sesame (7.9 g), germ of wheat , salt, in g for 100 g of product",Belgium,Cereals and Cereal Products,"Pasta, rice and other miscellaneous cereals",Other cereals,EUwest,0.180796640867033,0.087908468257864,0.41119900112979,180.619032179853,1.09493257914315,0.631168618371743,3.71928858224522,0.0018845509737935,0.0003232000105239,0.0063146579541745,17.6849501453688,0.035487797243465,0.0041677990837783,0.255723327048228,0.177101497520854,0.087274752118062,0.39881750195718,145.94317211244,1.02534969193114,0.622996584148846,3.21787770849052,0.184491784213212,0.0885421843976661,0.4235805003024,215.294892247265,1.16451546635515,0.639340652594641,4.22069945599991,0.0961914864545099,0.0707733132871381,0.212780779554556,0.474046785127995,0.170465265729904,0.928515466019002,0.163326739135603,0.323009079642505,0.108893196190262,0.461433264213959,15063.5003372391,0.99587834424388,1.27776597005242,237.373457985646,0.0969588635691736,0.0780084282965222,0.297152583928108,15.4209078229851,0.254643914794118,0.616043389861006,3.8254716640678,0.0975509598419333,0.0712277303351252,0.424366503053447,14.2971153374572,0.218457912951631,0.541632390571211,3.546851630303,0.132443490510918,0.0878652691136733,0.272181920524659,0.354398072609059,0.510264653318903,0.471476391209457,0.163326739135603,0.112144751277159,0.0842739057290201,0.673098047666795,1.04418142687655,0.837131597613867,0.675453108786133,0.301979633296862,0.201893565464343,0.107060347680673,0.306047446004407,0.621734387741748,0.292934509307331,0.431506665434699,0.163326739135603,0.239608168410393,0.164777337958706,0.563257775987949,12.5753213378327,12.8411770154826,1.10668839963688,10.5781511256496,0.522171479810047,0.129463405890809,0.597073559013473,0.850007371318498,3.81220761728706,,0.246136557554115
291120242250365,Polenta Semolina of fine grinded corn,gluten -free grain semolina,Germany,Cereals and Cereal Products,"Pasta, rice and other miscellaneous cereals",Pasta,EUwest,0.199046666666667,0.122404,0.680581,311.751448666667,0.511054666666667,0.876627648839556,7.069482,0.0021031850879931,0.0005367364975482,0.0099961414603017,32.3825490107458,0.0217423313836208,0.0076685080551989,0.462841051869252,0.194922835318111,0.121351591057421,0.660981012460184,248.25719344442,0.468423274754307,0.861591580879956,6.16196394560078,0.203170498015222,0.123456408942579,0.700180987539816,375.245703888913,0.553686058579026,0.891663716799156,7.97700005439922,0.151,0.095,0.102,0.831,0.206,0.454,0.251,0.443,0.144,0.647,22923.389,1.29,1.809,361.202,0.165,0.098,0.4,0.273,0.239,1.015,0.219,0.165,0.098,0.4,0.273,0.239,1.015,0.219,0.165,0.098,0.4,0.273,0.239,1.015,0.219,0.143,0.099,0.734,0.508,0.205,0.903,0.219,0.154,0.11,1.195,0.273,0.249,0.687,0.219,0.244,0.19,1.175,22.799,0.378,0.784,10.189,0.975,0.109,0.058,8.639,19.823,0.471,0.22
291120242387510,Lucky Charms Treats,"cereal (whole grain oats, sugar, oat flour, corn syrup, corn starch, salt, trisodium phosphate, natural and artificial flavor, vitamin e (mixed tocopherols) added to preserve freshness, vitamins and minerals calcium carbonate, zinc and iron (mineral nutrients), vitamin c (sodium ascorbate), a b vitamin (niacinamide), vitamin b6 (pyridoxine hydrochloride), vitamin b2 (riboflavin), vitamin b1 (thiamin mononitrate), vitamin a (palmitate), a b vitamin (folic acid), vitamin b12, vitamin d3), confectionery coating (sugar, palm kernel oil, whey powder, soy lecithin), corn syrup, marshmallows (sugar, corn starch, dextrose, corn syrup, gelatin, color (yellow 5, blue 1, red 40, yellow 6), artificial flavor), crisp rice (rice flour, barley malt extract, salt), canola oil, fructose, high fructose corn syrup, sugar, vegetable glycerin (2%), maltodextrin, sorbitol, calcium carbonate, gelatin, salt, artificial flavor",France,Cereals and Cereal Products,Breakfast cereals,Other breakfast cereals (not high fibre),EUwest,0.253882827620172,0.200748604124486,0.97894034340607,596.656374713247,6.67621190684543,1.04459059672474,42.9344816451689,0.0009558817370453,0.0009609030041313,0.0084461183177451,13.9806802358025,0.053338086030428,0.0048712896525338,0.558169174303208,0.252008577419729,0.198864508447895,0.962379571987913,569.243681574789,6.57162897094504,1.03503918962715,41.8400484676375,0.255757077820615,0.202632699801077,0.995501114824226,624.069067851706,6.78079484274583,1.05414200382234,44.0289148227004,0.212460406516951,0.132434992921784,0.405471150383566,94.8560335386055,4.77819045164629,0.77664896842542,3.45044330236111,0.542028071929822,0.206141095976101,1.11288379931267,6448.35617382201,15.8326642708375,1.70413229413791,151.532262762132,0.212806312531299,0.12103594811487,0.851739477799226,195.404691005043,5.01021055085072,0.87025860060602,38.0273742729442,0.233418271096461,0.138006637803088,0.874613461849214,180.932192221636,5.92958031671997,0.903436619218577,2.74090045508094,0.248011717082539,0.181962453004124,0.948593893529101,152.545696573204,6.26587567515073,0.745086650375792,53.691259320971,0.258184672497602,0.287345710671181,0.71161892764978,287.488589505265,5.98987785042918,1.13153883702352,38.0487601240375,0.234783412016368,0.315999103515946,1.79020182087673,202.856189631996,10.7309064959068,1.41472252542132,3.14136921135782,0.274813799555613,0.202350797217845,1.23443479671338,1249.20843407654,7.38480338074884,1.38021498056566,105.376105151182,0.259945008115989,0.185980723769291,0.66438763069095,2046.62096613559,9.66131624055866,0.849327320160674,26.3232617927461
291120241846929,Delikatess Krusten Schikenbraten,"crust (enriched wheat flour (wheat flour, niacin, reduced iron, thiamin mononitrate, riboflavin, folic acid, malted barley, ascorbic acid), water, soybean oil, yeast, sugar (2%), salt, non fat dry milk, malted barley, dextrose), mozzare",France,Cereals and Cereal Products,Bread,"White bread (not high fibre, not multiseed bread)",EUwest,0.217603583210131,0.129404908599612,0.825288649139681,84.1653971040416,2.61436862221754,0.674381947902162,2.53189426441011,0.0021067199358753,0.0008939803848014,0.0067879427557908,9.72601471114607,0.255259718966453,0.0019361709878553,0.130322947809958,0.213472820889787,0.127652031804847,0.811979154274803,65.0950620244928,2.11386677047521,0.670585590338833,2.27636285127722,0.221734345530474,0.131157785394377,0.838598144004559,103.23573218359,3.11487047395986,0.67817830546549,2.78742567754301,0.138994617263794,0.13554800266062,0.187806978291761,7.49753298079365,1.42466363117158,0.498424348193499,1.04879374561602,0.248568003257747,0.391618849977323,0.500003184897958,4480.82932709142,11.6711839809448,0.886616635442177,55.2247921455254,0.159075134769463,0.102250406402116,0.439741815706727,6.43442715079365,5.54379281287981,0.589006146817838,0.350432805616024,0.15772640590325,0.0992133412471655,0.474057794315948,47.7321980407937,5.46123515055932,0.684372711050642,2.98375684561602,0.252454277981859,0.105017699047619,0.448751949992441,26.7782680787755,0.85555713142857,0.560972953907785,4.02830122876795,0.199955294845049,0.115347649622071,1.13808238501134,6.42190890667423,1.1118580558201,0.642104480453514,1.01900353876795,0.185669226802721,0.123509584777022,1.24815510991685,15.8570031364172,1.22646273117914,0.781518466288737,2.76466387912321,0.203252143907785,0.114318658647014,1.35299320430839,12.1075775466742,1.26359739356009,0.683903795759637,0.470372718767952,0.210874671640211,0.123040165245654,1.54826329123205,6.31864917774754,1.17717450820106,0.685781981481481,1.01985268876795
291120242248624,Full semolina spirals,full durum wheat semolina,Switzerland,Cereals and Cereal Products,"Pasta, rice and other miscellaneous cereals",Pasta,EUwest,0.249958,0.125899666666667,1.41807,264.966680333333,2.29382566666667,1.06131515151515,5.19586,0.0032072928856828,0.0005456981419402,0.0225819137309859,29.7776175455087,0.073387928721335,0.0097644867691929,0.417123034984501,0.243669283414148,0.124829686132177,1.37379239253413,206.580058337716,2.14992989506085,1.04216938214315,4.37798379039107,0.256246716585852,0.126969647201156,1.46234760746587,323.353302328951,2.43772143827248,1.08046092088716,6.01373620960893,0.151,0.095,0.102,0.831,0.206,0.454,0.251,0.443,0.144,0.647,22923.389,1.29,1.809,361.202,0.177,0.127,0.095,0.18,0.263,0.688,0.219,0.165,0.092,0.397,0.508,0.27,0.581,0.219,0.109,0.145,0.563,6.072,0.496,1.842,0.219,0.244,0.171,0.981,22.775,0.377,0.71,10.178,0.193,0.117,2.717,0.18,1.688,0.807,0.219,0.239,0.134,3.947,0.18,2.09,1.006,0.219,0.287,0.138,4.765,0.18,2.516,2.32,0.219
291120242502391,Gaudrioles Caramel,"basic ingredients t55 wheat flour, butter, sugar, roasted corn flour, whole eggs, caramel aroma (0.75%)",France,Cereals and Cereal Products,"Buns, cakes, pastries and fruit pies",Buns cakes and pastries,EUwest,0.199262919652402,0.176551279409395,0.689265288062173,462.578781097852,2.24960972360129,1.28570880084497,25.915474369397,0.0005118411430582,0.000660225261141,0.0047057610347958,6.08590584348836,0.0239585750442821,0.0034834453796383,0.329477567389677,0.198259324408562,0.175256739216739,0.680038442082288,450.64580884305,2.20263282014263,1.27887861678768,25.2694494765788,0.200266514896241,0.177845819602051,0.698492134042058,474.511753352655,2.29658662705994,1.29253898490226,26.5614992622151,0.152106796885651,0.13822468604029,0.460673185398528,101.779857693141,3.1270523308081,0.979940387464085,4.18249004961095,0.18953238330333,0.165101051971837,0.957374206661517,4379.87567377223,1.6191690367521,1.85611945732978,101.788610161742,0.158509791119493,0.145719209497686,0.632962986868264,269.898553691503,3.05726825962701,1.13993324829989,12.3693323593951,0.215516301900264,0.162417576222571,0.475368121036185,241.237435057816,0.967420078472602,1.10172517302944,22.5824930408254,0.195103944956453,0.155172837871504,0.539413353949152,347.358825968746,1.04330021775629,1.13271284620834,27.538665634872,0.203627233481286,0.158118472393248,0.545179075045396,482.182488910391,3.2551030538158,1.1986002666309,13.8601003101513,0.177676802532215,0.245326488342277,0.751655671627061,412.803119515089,3.61526023828665,1.40122230362283,13.7254930731896,0.207533802515264,0.186915817852962,0.88425619570082,774.219561623098,1.8002025111818,1.51113312893242,37.4203056348971,0.185628616624298,0.159853773058799,0.955231527418917,1119.00970695504,1.58313300650198,1.5809106062869,66.3810380073317
291120241943881,Semi-complete penne,semi-complete semolina of wheat biological hard,France,Cereals and Cereal Products,"Pasta, rice and other miscellaneous cereals",Pasta,EUwest,0.151220333333333,0.100256666666667,0.480713666666667,62.7145133333333,0.369506333333333,0.711720976915356,2.53565733333333,0.000751976637215,0.0002138492618611,0.003410153996042,12.1482558838668,0.0106792393525377,0.0029145245393298,0.213842359502896,0.149745891141996,0.0998373605889643,0.474027189079618,38.8947559899743,0.348566957967778,0.706006307421911,2.11636478946662,0.152694775524671,0.100675972744369,0.487400144253715,86.5342706766924,0.390445708698888,0.717435646408802,2.95494987720005,0.137,0.096,0.267,0.508,0.225,0.529,0.219,0.118,0.099,0.351,10479.972,0.227,1.323,127.181,0.099,0.097,0.397,23.436,0.162,0.802,5.792,0.147,0.081,0.362,0.508,0.241,0.445,0.219,0.147,0.104,0.384,0.508,0.528,0.736,0.219,0.153,0.112,0.359,0.508,0.551,0.582,0.219,0.205,0.1,0.374,0.508,0.336,0.785,0.219,0.274,0.086,0.415,0.508,0.984,0.469,0.219,0.155,0.123,0.935,0.748,0.22,0.959,0.4
291120242528492,Crunchy müsli,"full cereals (67%) (full barley, full oats, full rye), dates, sunflower oil, apple (4%), wheat flour, banana puree, carrot (3%), raspberry (1%), natural aromas, salt, barley malt extract",France,Cereals and Cereal Products,Breakfast cereals,High fibre breakfast cereals,EUwest,0.295799398963524,0.131499966731672,1.05763576412423,293.605424777602,3.35029767752016,0.752325147697407,12.2411990078235,0.0034476147260531,0.0004625085071869,0.0076691402603265,6.26273454532624,0.0465296062953907,0.0018876911492815,0.140957325468832,0.289039470050845,0.130593100716027,1.04259845656507,281.325734705083,3.25906450447595,0.748623847235437,11.9648161821296,0.302559327876204,0.132406832747317,1.0726730716834,305.885114850122,3.44153085056438,0.756026448159378,12.5175818335175,0.185544727338389,0.113518046226074,0.485807869266883,34.4849384976527,0.893472780787288,0.584553882267966,7.00998581798485,1.01476763813651,0.211839295774648,1.34320555074034,4415.28761181654,7.26030835319609,,76.9152280317804,0.180623553629469,0.118489523293608,0.725247627302275,34.1796014373421,0.663552592993861,0.573762509931383,7.98235028169016,0.143166363308053,0.111831206211629,1.04406698447093,43.2466414373421,0.577329454676779,0.719364839292163,8.87169028169015,0.186524944023113,0.116694218129288,0.548903849765259,355.714457674252,0.993327735644638,0.770991812928855,14.0913731094258,0.274878107620079,0.122096168291802,0.697633661971831,350.162497038643,6.18946618996028,0.740627237269772,11.7746424738173,0.301476106897797,0.151480751173709,1.1767675442398,352.62326206934,3.22578174070062,0.837698122065727,12.0217959660528,0.85197341639581,0.214887053087757,1.32027271939328,36.5485181040087,3.12076128566269,,7.23023361502349,0.395489804983748,0.130109024918743,1.53576617190321,1345.22064872156,5.87310700252799,0.965635821596244,40.1930973997833
291120241887491,Panzani macaroni 3 minutes 1kg,durum wheat semolina of superior quality (100%),France,Cereals and Cereal Products,"Pasta, rice and other miscellaneous cereals",Pasta,EUwest,0.151220333333333,0.100256666666667,0.480713666666667,62.7145133333333,0.369506333333333,0.711720976915356,2.53565733333333,0.000751976637215,0.0002138492618611,0.003410153996042,12.1482558838668,0.0106792393525377,0.0029145245393298,0.213842359502896,0.149745891141996,0.0998373605889643,0.474027189079618,38.8947559899743,0.348566957967778,0.706006307421911,2.11636478946662,0.152694775524671,0.100675972744369,0.487400144253715,86.5342706766924,0.390445708698888,0.717435646408802,2.95494987720005,0.137,0.096,0.267,0.508,0.225,0.529,0.219,0.118,0.099,0.351,10479.972,0.227,1.323,127.181,0.099,0.097,0.397,23.436,0.162,0.802,5.792,0.147,0.081,0.362,0.508,0.241,0.445,0.219,0.147,0.104,0.384,0.508,0.528,0.736,0.219,0.153,0.112,0.359,0.508,0.551,0.582,0.219,0.205,0.1,0.374,0.508,0.336,0.785,0.219,0.274,0.086,0.415,0.508,0.984,0.469,0.219,0.155,0.123,0.935,0.748,0.22,0.959,0.4
291120242102666,Citizens of Swabian egg Knöpfle,"flour (wheat flour, spelled flour), drinking water, fresh egg (18%), rapeseed oil, dining salt, acidic citronic acid",Germany,Cereals and Cereal Products,Biscuits,Biscuits,EUwest,0.22419805772214,0.164291750980709,0.705545862478596,505.989058012189,2.22992800256272,1.36993288462452,14.6728533370983,0.0015625794809562,0.0003975013756466,0.0048689470439621,16.5074109454678,0.0253584245726781,0.0040366013145458,0.2321956832976,0.221134221693174,0.163512348044018,0.695999048663218,473.622064194555,2.18020633669517,1.36201809712551,14.217574415976,0.227261893751106,0.165071153917399,0.715092676293973,538.356051829823,2.27964966843026,1.37784767212352,15.1281322582205,0.162495113141984,0.148698446152744,0.426664874871567,211.711967273673,1.6945636203608,,8.35075367725024,0.310714997507851,0.17504984193984,0.658596924639615,10774.7504825669,2.29541418025145,1.78003948316888,174.695633539924,0.185779075690211,0.15257255608777,0.495466665328232,211.526825951558,1.76441293076364,1.43847543135779,8.35075367725024,0.158213798996118,0.154496595983987,0.564485072961612,223.576173545023,1.75883655259279,1.17079330025777,13.3210594096498,0.235805143888593,0.167096731343448,0.472358470673545,211.537248704148,1.80434858170709,1.29492615351784,8.35075367725024,0.219834329682329,0.119165919380609,0.506754691982939,638.064528704148,0.927538036285584,0.963022645855414,16.9941736772502,0.249679075690211,0.14897255608777,0.652246665328232,614.234705951558,1.90355293076364,1.80009543135779,15.5028736772502,0.358632517646997,0.114888749009635,0.576256016106327,1011.25335341489,4.20327659416348,,25.5094336772502,0.336476720361782,0.162461819617031,0.4198976821082,1848.89455517243,7.24367457253149,1.24112481260902,41.0866279997419
291120242260842,Whole grain oatmile,oatmeal,Switzerland,Cereals and Cereal Products,Breakfast cereals,High fibre breakfast cereals,EUwest,0.348219,0.141315666666667,1.59557133333333,136.662484333333,0.646002,0.751858333333333,4.01716866666667,0.002674831942691,0.0007891156917286,0.0178772772095877,14.0124036996472,0.0470572180687218,0.0043382383742743,0.402069252817477,0.342974309040388,0.139768403876641,1.56051836695173,109.187589244398,0.553734309364749,0.743352109364994,3.22880924051589,0.353463690959612,0.142862929456692,1.63062429971494,164.137379422269,0.738269690635251,0.760364557301672,4.80552809281744,0.333,0.141,0.34,0.0,0.208,0.501,0.0,0.958,0.181,0.585,4450.901,15.123,1.682,127.808,0.333,0.141,0.34,0.0,0.208,0.501,0.0,0.333,0.141,0.34,0.0,0.208,0.501,0.0,0.282,0.203,0.524,0.0,0.12,0.933,0.0,0.265,0.109,2.538,0.327,0.115,0.845,0.19,0.265,0.109,2.538,0.327,0.115,0.845,0.19,0.265,0.109,2.538,0.327,0.115,0.845,0.19,0.265,0.109,2.538,0.327,0.115,0.845,0.19
291120242376643,Toasted muesli canberry macadamia,"oats (26%) , honey (12%) , rolled barley (9%) , macadamia oil (8%) , shredded rice bran (rice flour, rice bran, prune juice), macadamia (7%) , sunflower kernels, barley bran (5%) , oat bran (4%) , dried cranberries (3%) , currants (3%) , sultanas (3%) , wheatgerm, pumpkin kernels, cinnamon",France,Cereals and Cereal Products,Breakfast cereals,High fibre breakfast cereals,EUwest,0.424122395600414,0.217681196172303,1.35534938667574,1315.13407779833,10.4241365488682,1.08481424230056,47.4379725737618,0.0022098716235809,0.0009210129585952,0.0095834392547322,26.8608483219844,0.101802610735453,0.0047497352057954,0.534029810329514,0.419789378059717,0.215875315114681,1.33655860718075,1262.46652657263,10.2245265383597,1.07550117373097,46.390870782544,0.428455413141111,0.219487077229926,1.37414016617074,1367.80162902403,10.6237465593767,1.09412731087014,48.4850743649796,0.222287836438923,0.164456314702721,0.377283045757576,108.601170763981,1.32361563146998,0.704827784692247,20.0724679768885,0.346416469979296,0.200132070396393,1.2991314047898,9213.55912465102,8.04283347826087,0.876511014504094,115.781355405437,0.602866873706004,0.218110082817569,0.417043890848449,203.716741995866,23.7412610766046,0.6458101138849,31.1292014551494,0.581405062111801,0.194741821948004,1.06768454302236,195.312716561083,23.5436026708075,0.77912091098635,41.2594326145697,0.493674109730849,0.177838716358279,0.641237313734757,914.352758670104,4.99328099378882,1.04381476191917,189.819200051217,0.345164265010352,0.23459964803496,1.77977852852961,695.648395763982,8.23490991718426,1.25357373707331,27.1170679768885,0.858218498964803,0.561818447207008,0.741132471341782,29.0024942422424,10.3376931677019,0.828065735004549,4.39467073051174,0.473416469979296,0.133858737062081,1.29256805105193,4162.14788424224,6.0129349068323,,87.0494457305117,0.374007836438923,0.222776314702721,0.536833045757576,5363.50995076398,6.80968563146998,0.777437784692247,107.465637976889
291120242579974,Soetti,"wheat flour, salt, rapeseed oil, sugar, yeast, wheat malt, sodium hydroxide",Austria,Cereals and Cereal Products,Bread,"White bread (not high fibre, not multiseed bread)",EUwest,0.223486456666667,0.123054006666667,0.639012988333333,323.462112435,0.901319801666667,0.803624326607227,10.0937251616667,0.0019322747220608,0.0005341354162536,0.0106545697160015,25.6716923478495,0.0202278557564863,0.0053500903095314,0.364576415443334,0.21969773872722,0.122006697808071,0.618121984088839,273.126205110952,0.861657925896018,0.793134108574584,9.37888001582934,0.227275174606113,0.124101315525262,0.659903992577827,373.798019759048,0.940981677437315,0.814114544639869,10.808570307504,0.15202,0.105625,0.12754,5.412095,0.40974,0.649575,3.239895,0.480305,0.135045,0.537965,19546.20308,2.756235,1.524015,305.47184,0.14582,0.09865,0.36004,3.60712,0.226065,0.81,3.40342,0.169365,0.08514,0.3737,23.502685,0.687895,,6.938175,0.157625,0.114685,0.41896,2.963245,0.21281,0.579835,3.390035,0.16597,0.1064,0.976165,2.60427,0.25629,0.69375,3.239895,0.23572,0.153675,0.810315,20.04332,0.35549,0.711575,10.95812,0.22797,0.119575,2.493615,2.532195,1.650515,0.94175,3.239895,0.41705,0.163385,0.334625,1801.623045,2.78484,,29.408295
291120242061598,Waffle bags,"wheat flour, sugar, coconut oil, emulsifier (lecithine (soy)), dining salt, aroma",Germany,Cereals and Cereal Products,Biscuits,Biscuits,EUwest,0.204479972758224,0.200426252316863,0.781793214561599,282.735353432376,7.18722020190983,1.02111465066355,13.3437873607168,0.001753044942753,0.0008668677727048,0.0095300646998695,22.9712454341107,0.0609207269061371,0.0057281772269571,0.392805921824876,0.201042680561915,0.198726536720485,0.763107089508959,237.694361758672,7.06776956257877,1.00988309669645,12.5735910600833,0.207917264954533,0.202125967913242,0.800479339614239,327.776345106079,7.30667084124089,1.03234620463066,14.1139836613503,0.174343637825353,0.0950735081105089,0.374345437860886,0.874790346610996,3.42926371390246,0.925906401439104,0.384329997104024,0.358057374415919,0.163769717544639,0.576827887909745,15443.1582489334,5.23955786035355,1.49083377466465,243.567246212241,0.168278603979746,0.135500124278227,0.456633789251132,11.3730916454473,2.24679018010127,0.744389322999022,14.2486080052767,0.206321595895887,0.140978549951141,0.431754493204228,11.1251030711379,2.94617978212667,0.987967017589055,14.2477436485209,0.202431990494803,0.179334380989606,0.496689294483432,11.8108621122679,8.85632714447897,0.96743854463889,14.2477436485209,0.223997797317225,0.1819587053922,0.801832404246246,15.7882582779604,4.62450060461934,0.750474602647241,7.09423620474371,0.320784940570311,0.242731670196322,0.48134437820023,94.865451577827,5.58088767426489,0.950208390210534,24.4159781420804,0.255019713529359,0.262089766083326,1.26234777729413,18.2228879846673,5.24176647691213,2.30973100310917,7.64462150368659,0.122777544550058,0.262809384933819,0.605832414586479,2312.62818547107,11.623604260087,,28.3603406390868
291120241963675,Cancelli to the clementine,"wheat flour, sugar, sunflower oil, eggs, lifting powder (disodic diphosphate, sodium adde carbonate), candied clementines (1%) , aroma",France,Cereals and Cereal Products,Biscuits,Biscuits,EUwest,0.355856871493116,0.182155014690148,1.37339605056211,342.448624406735,4.10481497640878,1.34142768757522,21.4701934763764,0.0020001918746702,0.0007080018400878,0.0147099086656636,9.23411264596939,0.0476500799409192,0.0039329135709506,0.352037019976372,0.351934984635424,0.180766796316189,1.34455351890089,324.34278891801,4.01138482870407,1.333716206371,20.7799350169005,0.359778758350807,0.183543233064108,1.40223858222333,360.554459895461,4.1982451241135,1.34913916877944,22.1604519358522,0.236608743803855,0.140916108732344,0.795339402771609,127.535485393977,3.42120641796215,1.13279683512481,5.26002068019898,0.471017595540553,0.177764771519943,0.815060184862752,8330.21666603652,2.95766658337035,1.88189602434041,115.497523295372,0.278936293772764,0.169166437772053,0.676692124633561,146.017885393977,3.90669060291374,1.1557201479968,5.44536068019898,0.314614042373634,0.170216272896864,0.655607726037132,138.120844405969,1.66688420413965,1.17584822652572,19.1234343316159,0.336732755174558,0.16509320938083,0.609132992182642,292.671695158212,1.86135425966065,1.11655827636137,22.5246919323976,0.345361514701963,0.25786973900684,0.801870038020787,191.425619452252,4.6645043794972,1.60697937203518,7.07415908954427,0.32368598623079,0.133378831038465,1.4872705385982,903.338772477923,1.08564365639158,1.55657220182997,91.7683122741404,0.656097773740784,0.149470733054988,1.9072462732522,621.561987954516,7.05335653104736,1.08149582730745,29.4568197931065,0.460962117882207,0.27160290859021,3.29618893381896,235.872489602558,8.71678355885227,1.42944792893311,7.940254581949
291120241835489,Fusilli rice and organic spinach,"rice flour , spinach powder (2%), water (",Belgium,Cereals and Cereal Products,"Pasta, rice and other miscellaneous cereals",Pasta,EUwest,0.329984341333333,0.484235904666667,4.002265438,4525.43665329133,4.950284669,2.63256891009633,269.874193640333,0.0039313597889971,0.00578000160828,0.105351092755034,217.58105345516,0.0771450317009215,0.0455606641445677,5.91381327865311,0.322275906715347,0.472902735768216,3.79569772249648,4098.81344537083,4.79902213774216,2.54323559552834,258.278652797427,0.337692775951319,0.495569073565117,4.20883315350352,4952.05986121183,5.10154720025785,2.72190222466431,281.469734483239,0.111307,0.144733,0.909073,114.478389,1.305028,0.992171,29.87567,0.155082,0.207809,0.471561,81525.248361,0.293947,1.73252,988.072976,0.09896,0.41232,0.340095,447.715419,2.87982,1.106139,69.377902,0.09854,0.41264,0.341315,464.567499,2.88914,1.112379,69.491222,0.596292,0.362391,0.328347,0.48766,10.061764,0.973974,0.10582,0.10915,0.112866,0.791255,3735.204138,1.334204,1.678892,268.413316,0.730994,0.751813,13.488365,16.549342,12.351655,7.03183,0.231675,0.212124,0.258397,0.207251,18852.999821,3.773657,0.586094,265.699273,0.211864,0.258717,0.207231,18870.149041,3.769397,0.583174,265.828453
291120242079559,Großblatt oatmeal whole grain,oatmeal,Germany,Cereals and Cereal Products,Breakfast cereals,High fibre breakfast cereals,EUwest,0.355989666666667,0.146045666666667,1.47348333333333,121.805001666667,0.607456666666667,0.732111,3.57885533333333,0.0026348156891224,0.0008201142539531,0.0177618319725554,13.2517512975087,0.0444755536858841,0.0043340540184003,0.380280376206644,0.350823437789094,0.144437623280872,1.43865672681431,95.8215598212906,0.520250988202468,0.723612980529698,2.83321856289676,0.361155895544239,0.147653710052461,1.50830993985235,147.788443512043,0.694662345130866,0.740609019470302,4.32449210376991,0.333,0.141,0.34,0.0,0.208,0.501,0.0,0.958,0.181,0.585,4450.901,15.123,1.682,127.808,0.333,0.141,0.34,0.0,0.208,0.501,0.0,0.333,0.141,0.34,0.0,0.208,0.501,0.0,0.282,0.203,0.524,0.0,0.12,0.933,0.0,0.545,0.187,0.799,0.0,0.341,0.512,0.0,0.265,0.109,2.538,0.327,0.115,0.845,0.19,0.265,0.109,2.538,0.327,0.115,0.845,0.19,0.265,0.109,2.538,0.327,0.115,0.845,0.19
291120242033124,Beez nergy cake +,"hautes-pyrenees corn flour, cane sugar , chestnut flour , spices (1.2%) (cinnamon , anise , ginger , coriander , cardamom , clove), pollen (0.9%), hemp seeds (0.9%), sodium bicarbonate,this kit also includes a jar of chestnut honey of 70g",France,Cereals and Cereal Products,"Buns, cakes, pastries and fruit pies",Buns cakes and pastries,EUwest,0.3271558633868,0.132920159642384,0.903871905029859,776.18422119659,7.62178832289068,,36.5305171051495,0.0014154130776916,0.0008175917808571,0.0056099462586278,16.9462535410844,0.0689734529851287,,0.424217058052656,0.324380584665844,0.131317062209129,0.892872173062798,742.956764425307,7.48654825806613,,35.6987312520752,0.329931142107757,0.134523257075638,0.914871636996919,809.411677967873,7.75702838771523,,37.3623029582239,0.191444810288372,0.0745124620837883,0.40387847176495,61.9334198120081,3.08373309105254,,10.8897381585155,0.321441485198275,0.135986465126981,0.379770454120353,11036.9410362288,8.82418234796478,,166.409338316102,0.30552565819437,0.176809475164907,0.567652785714034,92.7152148847842,2.30526260456637,,29.1977487220221,0.480759953946489,0.128086562835866,0.574838820100206,70.5850033239129,15.3721357313528,,20.6463069855042,0.46571866253308,0.114562142353048,0.754735968628453,205.688709372909,14.7963000904459,,36.5085425839993,0.304992969223703,0.118591821994038,0.973652324271298,553.399355131209,5.149515108558,,38.2900582320177,0.235125250018085,0.160676124564658,0.5745501529096,1036.31808528413,3.11355869263404,,20.6827109405847,0.222533727446356,0.123514382583063,0.524534454680503,1891.69432701933,3.47756681320244,,32.2485050516269,0.251260843115737,0.124651708608385,0.63186262272547,3504.82767017511,6.20039949865837,,52.2261680464655
291120241908077,Breton peasant - 6 pancakes,"crepe (80%) (flour of wheat (26%) , milk frais pasteurized (19%) , sugar, eggs whole pasteurized (13%) , bereur re fresh (4.5%) , dextrose, salt), garnish (20%) (caramel tosalted butter (18%) (sugar, glucose syrup, bereur salty (2.9%) , creme , water), bereur pastry chef)% ages expressed on the garnished pancake, eggs of high air in the open air",France,Cereals and Cereal Products,Puddings,Other cereal based puddings,EUwest,0.178246894133333,0.162865202933333,0.6281490176,456.140910338667,2.90154695093333,1.24082781192885,28.7988135322667,0.0006200476416552,0.0008896672623062,0.0060397816529858,5.45173749060317,0.0322493095285061,0.0042946481386073,0.435626260704101,0.177031132421797,0.161120783116443,0.616306483597069,445.451387055055,2.83831394573462,1.23240705774696,27.9446570244056,0.17946265584487,0.164609622750223,0.639991551602931,466.830433622278,2.96477995613205,1.24924856611074,29.6529700401278,0.1302432,0.1195,0.4290432,179.031212,4.0629088,1.0244872,6.6544016,0.3842784,0.1607048,1.38364,2152.9504216,4.506832,2.2786296,100.5718608,0.1381392,0.127948,0.4639072,262.515236,4.0124448,1.1207192,9.6270656,0.1894408,0.1329272,0.4126512,253.6768392,1.119252,1.0155824,27.6772072,0.1888128,0.1338272,0.5505712,250.1745792,1.038904,1.0461344,27.6399472,0.1897288,0.1353992,0.4549752,467.7587872,1.19032,1.1381184,31.9122672,0.1644728,0.2702376,0.6125128,367.0242,5.2021184,1.3606976,12.0199136,0.12936,0.1352976,1.6314048,652.7981184,1.3888896,1.596804,109.9346808,0.1753024,0.1409088,1.095396,1240.3610936,2.281308,1.6728736,79.0546768
291120242173751,Vegan pizza kaseri grated,"water, refined coconut oil modified potato starch (23%), modified tapioca starch, salt, herbal flavors, olive extract, b-carotene pigment",Netherlands,Cereals and Cereal Products,"Pasta, rice and other miscellaneous cereals",Pizza,EUwest,0.0679288143260167,0.157633231865991,0.268160529927377,0.671377896666667,10.3836644787977,0.381423473036759,0.150079293333333,0.00015249516305,0.0008110910005758,0.002152634349331,0.0119745882595676,0.11454592893589,0.001268626803201,0.0001331869020731,0.0676298086239133,0.156042880872252,0.263939740676622,0.647898659041426,10.1590679393434,0.378936006284296,0.149818146406645,0.0682278200281202,0.159223582859729,0.272381319178132,0.694857134291907,10.6082610182521,0.383910939789222,0.150340440260022,0.075616464864385,-0.001611615046137,0.0505279049314934,0.79948,2.41946084122375,0.195646599608534,0.14697,0.0590010498741716,0.211180349958057,0.386465634883958,1.54606,18.7449663226442,0.406959569572184,0.14697,0.072626464864385,0.112468384953863,0.160007904931493,0.08625,6.77727084122375,0.400806599608534,0.14697,0.072626464864385,0.112468384953863,0.160007904931493,0.08625,6.77727084122375,0.400806599608534,0.14697,0.073316464864385,0.122588384953863,0.130107904931493,0.27715,4.94555084122375,0.272696599608534,0.14881,0.0672810498741716,0.129530349958057,0.248235634883958,0.08625,6.16373632264421,0.450659569572184,0.14697,0.059976464864385,0.211598384953863,0.381727904931494,1.54606,18.8865408412238,0.403336599608534,0.14697,0.0590010498741716,0.211180349958057,0.386465634883958,1.54606,18.7449663226442,0.406959569572184,0.14697,0.0590010498741716,0.211180349958057,0.386465634883958,1.54606,18.7449663226442,0.406959569572184,0.14697
291120242015502,Sesame grilled toast aperitif,"wheat flour, sesame seeds (7.9%) , yeast, salt, barley malt, wheat malt, emulsifier soy lecithins, flour treatment agent ascorbic acid",France,Cereals and Cereal Products,Bread,"White bread (not high fibre, not multiseed bread)",EUwest,0.164995169208831,0.0995556132330541,0.475912274107418,60.5989347457889,0.640439006587889,0.678140627921745,2.18534859292938,0.0013056587386707,0.000243589766771,0.0032823353713147,10.648642555508,0.0168810138539914,0.002718574685108,0.174670564218906,0.162435091891915,0.0990779933021537,0.469476417568696,39.7195522127605,0.607339468880096,0.672810168147263,1.84286235502857,0.167555246525746,0.100033233163954,0.482348130646139,81.4783172788173,0.673538544295681,0.683471087696227,2.52783483083019,0.128722936360069,0.0900035955431724,0.237944417598915,0.478692553485614,0.238865989494898,0.50552798839232,0.210091218687373,0.113119563632442,0.0969046719777104,0.325498634781968,9129.3257506348,0.24571493137818,,111.125787170505,0.137900918178087,0.0794989872637624,0.3339745886921,0.482822773519019,0.255063476949536,0.432562105995327,0.209241218687373,0.11279553635947,0.0903763184743895,0.392064982548554,0.566032773519019,0.255308399107529,0.67578222247501,0.229461218687373,0.13896553635947,0.100838318474389,0.358185982548554,0.489912773519019,0.570329399107529,0.68989822247501,0.210091218687373,0.166024690894331,0.0836747929976362,0.428816563581131,0.660234876182451,0.597513789220644,,0.266532825791986,0.135416499995507,0.0887309044611056,0.700540819141437,0.482822773519019,0.230795972339443,0.642740163673506,0.209241218687373,0.141703309087696,0.106726799365755,0.33581712221321,500.907468995385,0.525370832300198,0.610501794389068,6.91338386246002,0.317505127192992,0.116993732496229,0.759987733305807,21.042826579163,2.27723421053694,,5.16302528834037
291120241937289,Complete organic farfalles,complete durum wheat semolina,France,Cereals and Cereal Products,"Pasta, rice and other miscellaneous cereals",Other cereals,EUwest,0.361198,0.10458,0.4943,2.30677233333333,2.22275966666667,0.653952,0.765047333333333,0.003029216195657,0.0003171888022068,0.0049076599467732,0.107869583219972,0.0837570015538653,0.0092197137485861,0.0431556035883092,0.355258448231343,0.103958070368881,0.484677279654514,2.09526647425431,2.05853268034924,0.635874397225909,0.68042975404404,0.367137551768658,0.105201929631119,0.503922720345486,2.51827819241235,2.3869866529841,0.672029602774091,0.849664912622627,0.274,0.086,0.415,0.508,0.984,0.469,0.219,0.975,0.109,0.058,8.639,19.823,0.471,0.22,0.274,0.086,0.415,0.508,0.984,0.469,0.219,0.274,0.086,0.415,0.508,0.984,0.469,0.219,0.274,0.086,0.415,0.508,0.984,0.469,0.219,0.369,0.109,0.547,0.508,1.326,0.493,0.219,0.369,0.109,0.547,0.508,1.326,0.493,0.219,0.272,0.148,1.515,26.389,0.411,2.7,10.995,0.975,0.109,0.058,8.639,19.823,0.471,0.22
291120242255368,Cereal flakes fruit,"flakes of rice and wheat (75%) (full wheat, rice, full wheat flour, sugar, barley malt extract, kitchen salt, vitamins (b1, b2, pantothenic acid, b6, biotin, folic acid, b12,niacine), iron), raisins (13%) (with sunflower oil), banana crisps (7%) (bananas, coconut oil, sugar, aroma), pineapple pieces (3%) (pineapple, sugar, antioxidant citric acid) , coconut (2%), apples (0.5%) (with sulfur anhydride)",Switzerland,Cereals and Cereal Products,Breakfast cereals,Other breakfast cereals (not high fibre),EUwest,0.516923332873433,0.211466602211946,2.33121535246231,1511.81837115056,23.672725683477,1.31262373435448,55.5884717213572,0.004513237421527,0.0009537298646894,0.0236279933803735,36.2151646327046,0.619456644191605,0.0086517518913733,0.80055001039267,0.508073978592337,0.209596571306672,2.28488663875959,1440.80929446109,22.4581227733612,1.29565976581302,54.0187890301899,0.525772687154528,0.213336633117221,2.37754406616502,1582.82744784004,24.8873285935928,1.32958770289593,57.1581544125245,0.240925648612746,0.197433895040735,0.527585120611021,29.4909855439065,7.13374707400646,1.20923620878767,7.03393253498222,1.2262268607372,0.189747607646426,0.822665683064744,14786.8682145213,114.623870229144,,243.516008453229,0.303784812778627,0.212822435959745,0.948791038995294,374.17344788803,6.71476466895854,0.999032026758401,89.4880075604904,0.503252924443443,0.192059415808141,1.16111346780248,261.065271004468,7.24650475624538,,87.7426784057497,0.305530721120658,0.161930774906242,3.05741488849077,348.996302923179,4.26369613096849,1.86702000550444,119.203985347284,0.260795930199224,0.221740027583135,0.981279855849554,2872.51108640044,4.46745064544144,,55.9062733065516,0.582144931356151,0.308444839636005,4.7551680568642,132.632517051794,10.1012495894473,2.37504565643343,5.91932904536533,1.13920459032581,0.179135378216046,1.4207216583812,2872.58125066674,117.475438919176,,54.4541693065516,0.493462868115368,0.211743519850365,3.76327109754319,2948.66404448459,11.3921963619915,1.55010263699325,44.0857688036866
291120241885196,Creative bites to garnish,"wheat flour, concentrated butter, sunflower oil, water, salt, sugar",France,Cereals and Cereal Products,"Buns, cakes, pastries and fruit pies",Buns cakes and pastries,EUwest,0.287276748946975,0.157468368327665,1.14533451574557,291.543204619707,1.85424029827643,1.00844329748165,8.9681000349328,0.0018122875266441,0.0002792288587564,0.0129506557516549,7.39024974740868,0.038568387439653,0.0024332560340505,0.112639201543834,0.283723296539178,0.156920868857583,1.11994144859332,277.052733117219,1.77861712745096,1.0036722777699,8.74724212135469,0.290830201354772,0.158015867797748,1.17072758289782,306.033676122194,1.9298634691019,1.01321431719341,9.18895794851092,0.207658626480156,0.117439643704674,0.685217857115118,45.324866689014,0.292327131089361,0.777931370438328,1.79612445946725,0.42238318092028,0.178245573036975,0.67047924207192,7873.1048650355,2.0257273087816,1.65279156571327,96.1697909834481,0.23880883549112,0.165728948899245,0.545658243203989,165.65934881501,0.633322361496308,0.942089962405473,6.22852262181321,0.253212874355191,0.152921270342994,0.568897310962868,182.375034013594,0.907370534001115,0.912980226945481,6.4917900743878,0.208670495207363,0.147840291762776,0.901252635181061,165.609326924756,0.33099660731252,1.11003359782852,6.1630100439746,0.203876547479938,0.143131306342124,0.926368146734291,347.942136300157,0.356427876477227,0.949600186030451,9.78404101635589,0.228914899321841,0.161150614399146,0.712820051925293,746.784636222045,1.16246371779694,1.27389231536962,47.4267305110611,0.386433404424544,0.164035009037838,2.87247224043944,182.710466854202,4.485128388128,0.866793260940938,6.25724688764599,0.373913956816084,0.162371265432176,2.89767162091151,361.644929320917,4.29062257448912,0.979197589505853,12.5139839881183
291120242069545,Mini Elisen &quot;Every Day&quot; mit Marzipan,"oil seeds (mandeln , haselnunt , walnusen), sugar, chocolate (cocoa mass, sugar, cocoa butter, emulsifier sunflower lecithe , dried fig, orange peel eritrockeniweiss , moisture kit sorbit,spices (contained cinnamon), potato strength, milcheiweiss , caramel sugar syrup, blossom honey, salt, baking agent sodium hydrogen carbonate,lemon juice concentrate, wax corn starch, natural aroma",Germany,Cereals and Cereal Products,"Buns, cakes, pastries and fruit pies",Buns cakes and pastries,EUwest,0.624467570534794,0.173081839078388,1.06717909960769,146.470354148413,16.7321942075324,1.33983100655841,14.4402206128675,0.0031192050213445,0.0017930714505841,0.0110648686520751,10.5968027787892,0.351613347254142,0.0067032743775625,0.374614708740274,0.618351572697501,0.16956606469394,1.04548359954182,125.692616733332,16.0427664666002,1.32668752566651,13.7056928300524,0.630583568372087,0.176597613462836,1.08887459967355,167.248091563493,17.4216219484645,1.35297448745031,15.1747483956825,0.370429091881409,0.0703794408767019,0.173417158935429,5.73548935445862,14.130501255888,0.577245615973777,0.515774535926115,1.24949575586364,2.5344121201498,2.58390359119679,207.813876967829,554.699759662096,2.37777945499628,30.0184500875759,0.525532353429558,0.134331255931898,0.336671049326241,7.15517939949869,19.1978723923535,0.998922988134906,0.526350643935887,0.453833942089786,0.14071798432698,0.766708461798604,15.5954624736433,9.55824779665117,1.36794728828305,0.846301098148494,0.607426178774549,0.120937461031377,0.858685933229577,11.0890790549015,14.551495785088,1.07252139954499,0.801319766887839,0.462581215992782,0.258839514245419,1.00076066844437,15.87096458004,15.2816124878326,2.11497410962665,4.84627733225703,0.800996666253083,0.264366119612809,0.571657965069938,4.91469275404043,29.4625929976726,1.75894082570536,1.67523925812924,0.86960679386512,0.169973599319763,1.69905720497986,10.0730659167988,32.1774687553947,2.26097085198925,1.74973681456617,1.26673488366402,0.227621746942891,1.09127867518057,7.15125505774843,38.3496160525231,2.04347668186936,1.64297024757502
291120241977848,Muesli aux figues pecan et cranberries,"complete oatmeal (71%) , dried figs (1a% figs, rice flour), wheat ice cream (5%), coral lenses, pecan (3.5%), hemp seeds, dried cranberries (1%)",France,Cereals and Cereal Products,Biscuits,Biscuits,EUwest,0.358193701742793,0.151796331211373,1.33018095529657,742.327312587656,3.63922708280505,0.9231829554078,25.3785310955808,0.0023667007938027,0.0006283872052569,0.0122926390909066,15.3986659377059,0.0520134376095774,0.0042306728423603,0.410921751878651,0.353553180572377,0.150564217656145,1.306078097812,712.134296441633,3.53724145834192,0.914887641128325,24.5728140848075,0.362834222913209,0.153028444766601,1.35428381278113,772.520328733678,3.74121270726818,0.931478269687276,26.184248106354,0.271060130625631,0.137052170224363,0.52581626827587,126.735482778086,0.804721371676194,0.601022733610734,14.1340683309591,0.744852013297446,0.167211159754607,0.758006248787676,4906.15071955463,12.9474655215129,1.59568351944142,123.131823510817,0.300741096442961,0.149492070306414,0.665934796518392,231.025543616001,2.36108982191111,0.692731896740143,15.896151955341,0.338416415324488,0.155112959084387,0.699348421486043,224.964019656495,2.71399911733379,,15.7798137963087,0.31187414333902,0.137194601375298,0.732825152847049,686.391462147599,2.66735313960249,0.832716699737436,22.8683029327789,0.251985766425746,0.126302440573569,2.22767132276069,259.897512778086,2.25330004683311,0.921074075466567,16.5352883309591,0.263166540396113,0.113842710655931,2.29090082570654,660.43458453956,2.61750500592125,1.07745386155671,22.4379661735192,0.477006415324488,0.188342959084387,0.887098421486043,1283.5296596565,2.47067411733379,,25.2837337963087,0.744153796149012,0.177892070306414,0.836572993483374,3391.17843993591,12.9491237193037,1.53128492645865,106.643370859491
291120242077951,Bite me apple pear,"bananas (38%) , pear juice concentrate (20%) , apple juice concentrate (17%) , full grain flour, corn, sunflower oil, wiper (wheat flour, starch), iron sulfate",Germany,Cereals and Cereal Products,Biscuits,Biscuits,EUwest,0.400727414506173,0.10081721004321,1.13504794722222,300.387970201451,31.1601369262963,0.747172841948408,21.842169523784,0.0049051963720214,0.0002460014488527,0.0081724291969853,7.12773467349706,0.523542491824158,0.0027618189384305,0.191293390422602,0.391109524627985,0.10033486139384,1.1190238132034,286.412226526507,30.1335982006221,0.741757590774199,21.467089990984,0.410345304384361,0.10129955869258,1.15107208124104,314.363713876394,32.1866756519705,0.752588093122618,22.2172490565839,0.101153814814815,0.0815041481481481,0.570869222222222,73.3316435,2.9981015,0.520888388888889,16.3619235555556,0.552746666666667,0.0848765185185185,1.49257940740741,3440.35916333333,56.6479906666667,0.966154759259259,66.1770754259259,0.113469518518518,0.11209262962963,0.7342685,79.416022962963,1.90391496296296,0.611467407407407,27.2571809074074,0.144229685185185,0.129631944444444,0.701493481481481,74.5348743703704,2.28667972222222,0.610870814814815,27.9662203148148,0.154706296296296,0.0861216111111111,0.808069277777778,651.489473259259,3.75439568518518,0.769442074074074,21.8122278518519,0.3764195,0.086833037037037,1.50578057407407,74.4569347592593,57.967620537037,0.622226,16.4581436296296,0.561753388888889,0.0835263703703703,1.06542077777778,649.941952425926,57.1129018518518,0.859849592592592,21.7190518518519,0.8383995,0.0990413703703703,1.38614557407407,74.5255064259259,69.2361422037037,0.611586,16.5316936296296,0.873044166666667,0.0845067037037037,1.08422807407407,667.966190740741,70.2818453888889,0.867622592592592,27.6327497592593
291120242335039,Albert Heijn American Pancakes,"wheat flour, palm oil, water, free -range egg, sugar, whey powder, acidity regulator (citric acid, e262, e325), rijsmugel (e341, e500), salt, emulsator (lecithin), natural vanillearoma, natural aroma (milk)",Netherlands,Cereals and Cereal Products,Biscuits,Biscuits,EUwest,0.193159792064708,0.278432807718104,0.81524115080537,439.653259770287,12.3953658539921,1.4244471682384,15.6539967769284,0.0006803672509654,0.0009212079761103,0.0042724275083829,10.0993898838648,0.113596082111967,0.0031954508277876,0.202456811178299,0.191825758358365,0.276626544278851,0.806863965842389,419.850827334771,12.1726317317502,1.41818167103056,15.2570285075012,0.194493825771052,0.280239071157356,0.82361833576835,459.455692205803,12.618099976234,1.43071266544624,16.0509650463556,0.177784245805206,0.0988778421074618,0.497637114110329,219.342602871215,4.31733435359058,1.22471151797615,8.37536796478743,0.273032795262782,0.326345457550333,0.965757582792425,6496.09271908312,20.75040069777,,120.282479160399,0.179265104017786,0.200249020006735,0.662471822190533,229.118378647252,8.77645697272782,1.49488179518516,14.0700704164536,0.165632174842241,0.230300196970305,0.683666347101997,218.702812065483,8.22949166879226,1.39691304327052,8.37536796478743,0.183821952521251,0.2521687524576,0.71340106240001,262.051866517858,7.65256929997331,1.52639537840918,15.34754138107,0.192787178994409,0.319548014859162,0.778737145128784,220.079149943251,20.6068683053487,1.37716831459816,8.37536796478743,0.166174334516913,0.344112550163663,0.894662994893603,354.348801103529,20.6082467872863,1.49652081298747,11.7173058143228,0.225145134946968,0.282297584354861,0.868500477788459,829.934980272873,19.7389972651136,1.27801878023304,21.462233488544,0.219979300780021,0.243297780550748,1.90896217290311,539.380450889717,7.6871566649534,1.56743921680278,21.3892813091397
291120242080031,Organic full spelled spirals - 500g - Naturata,whole grain spelled flour,Germany,Cereals and Cereal Products,"Pasta, rice and other miscellaneous cereals",Other cereals,EUwest,0.319782333333333,0.129105333333333,0.912466666666667,9.207974,1.16247866666667,1.52479095270733,3.62457733333333,0.0022929480707458,0.0003027554380156,0.016674218340295,0.33689857840147,0.0586832431559627,0.0152218561870766,0.122858536804756,0.315286423206957,0.128511703997826,0.879772604362342,8.54739832036661,1.04741518550039,1.49494461722034,3.38368180378363,0.32427824345971,0.129698962668841,0.945160728970991,9.86854967963339,1.27754214783294,1.55463728819432,3.86547286288304,0.204,0.084,0.25,0.688,0.253,,0.219,0.287,0.138,4.765,0.18,2.516,2.32,0.219,0.274,0.086,0.415,0.508,0.984,0.469,0.219,0.277,0.136,0.232,0.273,0.4,0.822,0.219,0.277,0.136,0.232,0.273,0.4,0.822,0.219,0.357,0.119,0.485,0.273,0.517,1.173,0.219,0.272,0.148,1.515,26.389,0.411,2.7,10.995,0.272,0.148,1.515,26.389,0.411,2.7,10.995,0.293,0.132,2.765,0.18,2.566,1.969,0.219
291120242247927,Flambée pie dough,"wheat flour, water, fats and vegetable oils (palm, rapeseed), ethanol, kitchen salt, concentrated lemon juice, dehydrated sourdough (wheat)",Switzerland,Cereals and Cereal Products,"Buns, cakes, pastries and fruit pies",Buns cakes and pastries,EUwest,0.161371846986379,0.149135994864843,0.870907948145056,151.465261908509,6.28800992424746,0.755318543261007,3.14625051456766,0.0013791652274347,0.0005445435285822,0.0111962754544272,13.7371869597046,0.0681630067787466,0.004976738539284,0.20116021682914,0.158667641430624,0.148068278244637,0.848954791492501,124.529999506351,6.15435894613301,0.745560376697812,2.75182454940743,0.164076052542135,0.150203711485049,0.892861104797612,178.400524310668,6.42166090236192,0.765076709824202,3.54067647972789,0.102065815922309,0.0484711029251274,0.26138059045701,23.8839414424686,1.44475001550993,,3.23721991997962,0.249610869194163,0.196628898820998,0.540583806719841,11036.4172972098,11.5553217761631,1.10563811256999,173.917209548638,0.112730664485064,0.126516035949277,0.254252781524241,14.4658393593749,3.00017418421269,0.439479957212517,0.337708638609647,0.104381488272868,0.132117340007851,0.315254363878523,34.1871787744379,2.81839814487224,0.445859771326416,5.6105584076895,0.0902942032507754,0.169793890982797,0.502080171080726,12.3055260599453,11.1139083649747,0.611869932666274,0.312705129328693,0.19954501932434,0.210804602157874,0.395301031489014,15.1707936918429,11.2565895735126,0.563423013733725,0.336629226030797,0.156817716603858,0.147292257704518,1.43844278219717,11.4384452687212,5.06925149635763,1.31681427932541,0.312724300691646,0.250547722411373,0.176457279552661,1.64209183672834,11.4661922042404,5.68701878531516,,0.344373692707168,0.205462915749265,0.158890921819334,2.43230795991652,11.6683871536116,5.05381373514545,1.33563288025,0.312705129328693
291120242204469,Spinach wheat tortillas,"wheat flour (58%), water, vegetable oils (palm, rapeseed) in variable proportions, vegetable fat (palm), moisty e422 powdered spinach (1.7%), cooking mixture glucose, salt,powders to lift,e450, e500, emulsifier e471, 20 stabilizing e415, conservative agents e202, e282,natural coloring e141",France,Cereals and Cereal Products,Bread,Other bread,EUwest,0.114876153450131,0.0926932066329382,0.356246359690474,271.099338748848,2.3029464160264,0.522269688419038,3.9694077736172,0.0006817388655704,0.000191220994145,0.0020684767553721,6.99192030624493,0.0200055877594918,0.0018689162123994,0.120924247170291,0.113539430343155,0.0923182690515245,0.352190582889726,257.389893816919,2.26372035341315,0.518605201014427,3.73230491275715,0.116212876557108,0.0930681442143519,0.360302136491223,284.808783680778,2.34217247863965,0.52593417582365,4.20651063447725,0.0950255985076323,0.0798398396964267,0.196391847415344,15.2035521702348,0.841277186540327,0.387580086891363,0.649439006005778,0.0837316991050968,0.0962862034668352,0.287732675372885,6360.78803437753,2.97323298413565,0.887785743900779,76.7828827628393,0.104242143635645,0.066864822473047,0.258261337462494,128.083844952793,0.765064256661743,0.50847723402452,1.68552308929446,0.107236145051009,0.0897488360683286,0.255045546994897,123.939649160511,1.15921561323868,0.424748809638685,2.77737865742074,0.107734711290064,0.0847265144494533,0.237740670586486,267.898530415306,0.753555782089414,0.426804526712636,2.94556545428552,0.136774904112222,0.0824607692402549,0.260530833238361,281.201934725192,1.27113909835977,0.569010599439736,3.00682725429216,0.0916171246883454,0.0918786894895491,0.456041330774784,296.199516674495,2.97394519593872,0.52620593503106,6.34325525429215,0.109235778080668,0.114100702731189,0.622197857619298,268.759789125387,2.97632048615718,0.681119611320308,3.27699625429216,0.174797898352162,0.104248442312278,0.520373253836568,295.823308223077,3.84922693761086,,6.30417842424119
291120242211533,Discoverer muesli fruit,"full-grain flakes (68%) , sauerkirsch stars (10%) (whole grain wheat flour , wholemeal flour , corn flour , rohrohrohrzucker , apple juice concentrate , beetroot powder , sour cherry juice concentrate), apple-johannisbeer rings (8%) (wheat flour , corn flour , agavendick juice , concentrate (carrot , apple , schwarze-johannisberere)), full spelled grain swelled (5%) , full grain of wheat flakes roasted (5%) , apple-fine cut , from ecological farming",Germany,Cereals and Cereal Products,Breakfast cereals,High fibre breakfast cereals,EUwest,0.178465019541307,0.11095474303375,0.619882260536141,349.925170072754,0.495409459649523,,7.87284068375615,0.0019261197931448,0.0004647578423128,0.008816697466093,32.9626316191538,0.0201565220234408,,0.468976562198053,0.174688369911472,0.110043466622293,0.602594874081675,285.293514790492,0.455887451875383,,6.9532923948437,0.182241669171142,0.111866019445208,0.637169646990607,414.556825355015,0.534931467423664,,8.79238897266861,0.138769992048367,0.0872677382751888,0.105160926663751,0.777343781690693,0.2079481891031,,0.280950447534483,0.390325871208176,0.130043827175651,0.581772282058783,19801.3153822783,1.31524458171973,,313.599906039331,0.149228785004051,0.088909294620614,0.360953866790757,4.51957017640434,0.245025708844911,,1.14548877068675,0.150240155267726,0.09000491348072,0.364320330159817,3.17943786080315,0.221660919597039,,0.827019595011641,0.153405704386879,0.0914308111111111,0.376505784167888,8.60372363812061,0.228231945724781,,1.03693999391401,0.242958370031248,0.0947785055290873,0.330515339424041,3.45153791437937,0.398230613068801,,0.714606757615691,0.307572744522992,0.158390942535513,0.304836185906437,4.35531586043088,0.668242748233269,,1.25485346703701,0.218020738095698,0.168558655813595,1.02852142920278,24.3029777587071,0.358056566830406,,10.3859941106144,0.21054243782855,0.114798431530275,2.73961037411262,3.64714130047537,1.86395416018794,,0.877794500626131
291120242100477,Blueberry rice waffles,"organic rice, organic apple juice concentrate, organic heideleler puree (1.3%), organic carot juice concentrate",Austria,Cereals and Cereal Products,Biscuits,Biscuits,EUwest,0.213445278083644,0.255278760127725,1.40689885037759,3391.13917907353,2.2572652830358,1.27370365555755,295.177167622871,0.0019028791374103,0.0031620720137997,0.0491533631532407,139.666446449,0.0417946211255169,0.0216665906392472,3.72358837194075,0.209714197693162,0.249078710606957,1.31052113211804,3117.28745128415,2.17531625734977,1.2312207727126,287.876121916057,0.217176358474126,0.261478809648493,1.50327656863713,3664.99090686291,2.33921430872183,1.3161865384025,302.478213329685,0.0923733527968194,0.104179772652841,0.615655860483504,77.5566240413018,1.67119089744924,0.724907772979475,21.4632767817942,0.133068070003223,0.155923807654453,0.349673201340925,54263.0399680939,0.277872151619211,1.29031666535725,658.171560019079,0.082896518972816,0.285485102224131,0.247285580307295,308.145619677978,2.02646151144729,0.821975108275488,49.71070156211,0.281697481190501,0.232194163395293,0.718639195779517,37.8978372220735,0.593383708700976,1.91808036260878,101.740201886708,0.164863207065649,0.0883639533856235,0.522625615472223,1238.16663668266,0.535006390905768,0.688651772816158,428.841146097344,0.174160192508864,0.561883656361875,0.447413778704199,396.760691031333,2.44236310941871,1.64660758701192,201.242297567834,0.222399562806489,0.619901277395505,9.04771124271188,14.2726795916107,5.24937295403457,4.11463807277961,4.08864304482221,0.158514991331255,0.183139411187278,0.158629440300848,12553.017469578,2.6151122057548,0.473217498691306,180.367036013228,0.164863207065649,0.186146460745674,0.168652938828838,12542.7273459892,2.57735702796603,0.512643259568066,176.848453913286
291120242115619,Bio-Bio-Bianco White,"full milk (42%) , cream (26%) , pipe-pipe sugar , white chocolate (9%) (pipe tube sugar , cocoa butter , full milk powder , emulgator (lecithine), bourbon vanilla extract), egg yail , lean milk powder , glucose syrup ,coffee extract (0.4%) , low -fat cocoa powder, stabilizers (joannis bread core flour, guar gum), coloring food (carrot concentrate, apple concentrate), bourbon vanilla extract , from controlled ecological cultivation,the product",Germany,Cereals and Cereal Products,Biscuits,Biscuits,EUwest,0.348639275808027,0.206231849064549,0.938328598218336,844.024348710463,7.45990608191542,1.74980605535682,27.4098640486537,0.0011167959862388,0.00090730389255,0.0050427547127173,8.43662155408142,0.154146487043729,0.0060185770387005,0.256635423063714,0.346449512137542,0.204452848131095,0.928440990091927,827.482198122176,7.15766253750762,1.73800509841414,26.906664777785,0.350829039478512,0.208010849998002,0.948216206344744,860.566499298751,7.76214962632323,1.7616070122995,27.9130633195224,0.272634593073321,0.136945309242984,0.537098673090649,159.324262096106,6.31687690924807,1.0701277499724,5.92050425895682,0.556104214692344,1.21374276984729,1.70593002704098,1469.04942645818,224.651203043636,2.62291761749987,36.4706601617568,0.3425303370801,0.160883271498605,0.745048651546361,178.04408364661,6.56365968355925,1.25157469539577,6.31626605841622,0.260423793073321,0.159571909242984,0.618551073090649,612.545214996106,6.52957170924807,1.3579630499724,16.4348448589568,0.361024256537553,0.166058554098675,0.636627473607518,710.013749201415,7.5881624820067,1.41119150404764,27.3762512819812,0.28392576757067,0.209440438168203,0.932259807208463,971.759537900807,4.73227308616011,1.93165344553759,24.8425009992723,0.529130521533915,0.211668157598891,0.821088407923259,971.620517328381,16.8642866952019,2.02099898244862,25.2108114127427,0.537342386767069,0.276073884178272,0.888948019770927,971.618177028382,17.2646145957513,2.16831105723466,25.2102483127427,0.410465488152077,0.256181630402432,0.949817618220103,1525.16043111615,14.2478122343781,2.38210090229822,49.8070533780342
291120241972112,Crispybrot ereminal,"rice flour , almond flour (25%), sea salt, from organic cultivation",Germany,Cereals and Cereal Products,Biscuits,Biscuits,EUwest,0.464547960666667,0.373193299333333,2.67249889933333,15400.0639534067,8.871194582,3.16178335045108,444.036787195333,0.0030954096933735,0.0044736192139696,0.0669450208738133,215.06976525522,0.101392297962034,0.0346660258990436,4.75351050570437,0.458478619645265,0.364421626663443,2.54123609356069,14978.3647671823,8.67238909444449,3.09381175577382,434.716316186375,0.470617301688069,0.381964972003223,2.80376170510597,15821.7631396311,9.07000006955551,3.22975494512833,453.357258204292,0.258822,0.151368,0.927688,1326.821894,2.438008,1.324696,49.84991,0.390302,0.125984,0.662126,82121.847566,16.410742,2.31244,1035.227706,0.68067,0.318768,0.48724,1240.25675,10.003,1.2436,27.23975,0.25659,0.126816,0.83692,4056.387518,2.440984,1.844752,230.994566,0.24465,0.23973,0.59693,10254.981074,3.52086,1.706774,221.288702,0.39681,0.578936,0.924088,16594.375452,15.616532,3.435684,453.26149,0.467678,0.092504,0.915086,21902.207822,16.83259,2.180008,877.03917,0.506366,0.663152,10.60643,20195.95691,22.058446,5.594968,285.163362,0.536204,0.398922,1.234496,30453.847296,10.296692,3.415484,417.010378
291120242007802,Mini chocolate filled cakes,"wheat syrup , wheat flour (20%) , rapeseed oil , eggs (16%) , cane sugar (10%) , chocolate (5%) (cocoa mass , sugar , cocoa butter , vanilla extract), inverted sugar syrup , natural aroma (contains alcohol), corn starch, lifting powders e341, e500, salt, natural vanilla flavor, cocoa extract , gelling it up pectins, acidity corrector e333, traces of nuts, milk and soy",France,Cereals and Cereal Products,"Buns, cakes, pastries and fruit pies",Buns cakes and pastries,EUwest,0.459003349032739,0.212913358420005,1.02440934670522,431.4470660243,7.89242064280926,1.773129436215,20.8748332480363,0.0018035700238039,0.0005999885264051,0.0039068759134557,11.0536043085257,0.0771893096935375,0.0046571558803189,0.268846478367031,0.455466989515006,0.211736927725394,1.01674891897644,409.773652579967,7.74107129324187,1.7639978930503,20.3476910855285,0.462539708550472,0.214089789114616,1.03206977443401,453.120479468633,8.04376999237665,1.78226097937971,21.4019754105441,0.325483990493118,0.162993518286207,0.669193009299173,191.051801401084,7.42118818499383,1.35302654870577,7.77145671446875,0.842283680811243,0.242972889456425,1.17603859362159,7233.66545557159,12.6629101731908,1.76855932567865,103.250699914891,0.403550594033364,0.20099658186143,0.743104890397876,207.330285214285,7.53948480541462,1.3632292756609,17.0513844440266,0.412154678254547,0.196150469568148,0.877114709071914,198.210567903149,5.01054743787632,1.51173250572305,16.8769589520415,0.433491858970545,0.209528793515411,0.939253055523742,217.826410327139,5.96394080771756,1.74341509683299,19.5739554799005,0.436590004823198,0.271492889456425,1.01769758104874,201.27986557159,7.95117740175264,1.88959446549932,8.24864991489069,0.512870797416072,0.218736492394565,1.15891622135912,376.377361809446,8.28601476604378,1.69759292914628,12.9217722331486,0.498956004004834,0.201100828246523,1.06408833841024,826.219457649262,9.77548689560101,2.14722014021437,45.8367721815837,0.485168559621689,0.166333108500277,1.18113192142508,1102.3762270338,5.59760359242266,2.06813071640921,53.123380867365
291120241918906,Thai chicken noodles with caramelized soy sauce,"noodles cooked (30.8%) (water, durum wheat semolina), marinated chicken and cooked (10.7%) (chicken meat (10.4%) , salt, sugar, lemon juice), omelette (10.7%) (whole eggs, water, wheat flour, concentrated lemon juice, salt, thickening xanthan gum, turmeric, pepper), flat beans, carrots, onions, aromatic caramel (5.7%) (sugar, water), rapeseed oil, red peppers,honey, water, soy sauce (1.3%) (water, soy, wheat flour, salt), thai basil, fish sauce (fish, salt, water), concentrated lemon juice, garlic puree, corn starch, pureeof peppers (peppers, salt), wheat flour, curry spices, salt",France,Cereals and Cereal Products,"Pasta, rice and other miscellaneous cereals",Pasta,EUwest,0.139958395135827,0.108656646414886,0.508641849776406,480.286362683686,1.89317306904954,,20.6617735071312,0.0009088227137546,0.0004447297650139,0.0087717579731777,2.99776713077521,0.0145594438110687,,0.384885696073266,0.138176416165618,0.107784640162526,0.491442578671716,474.40847483628,1.86462556215231,,19.9071068312695,0.141740374106036,0.109528652667246,0.525841120881096,486.164250531093,1.92172057594676,,21.4164401829929,0.0955281972583097,0.0774237128933909,0.30369057736335,114.766030021264,1.79809165054843,,4.85736516139589,0.130105270087771,0.200369074312927,5.04264388149818,623.840801931547,3.2036021654509,,50.4261610257884,0.109007594276619,0.131372261276128,0.394575931476243,143.279093916513,2.07735947864568,,5.63659960988201,0.107170203416832,0.128613330126878,0.353275507207145,254.443101110195,2.31780680069421,,6.41464213587348,0.121091208860233,0.0944307787729042,0.35035380340938,439.961423902666,1.12470115007847,,13.9243409711413,0.160999370655737,0.0997013912130595,0.385344017533212,451.842304100702,3.13210643180426,,8.23209317618186,0.153622257390794,0.0746119126466278,0.358863013776107,722.833306213519,0.699901453613852,,19.8118213037865,0.244462914320347,0.132190729114452,0.439185212184062,598.547573794508,2.05349096455868,,72.2634412347813,0.321030286034136,0.171955597334931,0.42126818761689,643.054767378723,3.66619458264229,,83.7783131788232
291120241938453,Brownie with hazelnuts,"sugar, rapeseed oil, eggs whole, wheat flour, chocolate (7.7%) (sugar, cocoa paste, cocoa butter, emulsifier (sunflower lecithins), grilled noistes (6.3%) , stabilizing (sorbitols),cocoa powder, salt, lifting powders (diphosphates, sodium carbonates (contains ble)), conservative (potassium sorbate), aromas",France,Cereals and Cereal Products,"Buns, cakes, pastries and fruit pies",Buns cakes and pastries,EUwest,0.517276969355128,0.245248438963559,1.19908242357023,499.069069045619,10.3435368995378,1.99563517362462,43.6877020036635,0.0021867833827941,0.0016932553726844,0.0106379265167252,13.0678663333392,0.102143131145172,0.0085798356495443,0.854046817366211,0.512989222205365,0.241928379484795,1.17822405256725,473.44618062186,10.1432592118247,1.97881221523687,42.0131251636623,0.521564716504892,0.248568498442323,1.21994079457322,524.691957469378,10.543814587251,2.01245813201237,45.3622788436646,0.323588927979868,0.150152286672556,0.687767446028696,171.634728483352,11.3388224639539,1.44676338359498,7.6744668488729,1.10104411778768,0.220081683781654,1.92345723293499,9385.8025931005,22.7340733839822,3.05053090995705,239.674589065531,0.395132113814252,0.189984777758434,0.926848647172888,169.289528582977,10.3712507330194,1.74328061773077,7.12180615672797,0.496662227346746,0.195842742549068,0.663579291547912,196.063270074521,7.4779312728871,1.4436899669863,42.6181172416505,0.565977117187135,0.177881416961108,0.818142603814841,197.402847878558,5.42394152595472,1.92868778432291,42.7068092890674,0.802494074097167,0.162603758211912,0.675470688961125,198.055225837607,11.9593188152202,2.14617307117009,42.9020860564226,0.607897634743469,0.235864091415348,1.46343032120418,474.08196176913,10.026970991937,,87.5250468799707,0.386249766277068,0.226725649112222,2.90804158475149,929.472468612738,5.44358422606746,2.57396604252561,196.733839682866,0.527387314210643,0.196325503628882,2.08813761284171,2015.19923908381,7.38473836454581,3.28804971537969,140.004679528143
291120242252830,Ticino bread of sils,"ble flour, water, sunflower oil, yeast, wheat protein, iodized kitchen salt, orge malt flour, acidity corrector sodium hydroxide, flour treatment agent ascorbic acid",Switzerland,Cereals and Cereal Products,Bread,"White bread (not high fibre, not multiseed bread)",EUwest,0.508801284383333,0.119788698009115,1.87787782388021,169.009968742387,25.2074115636396,0.80344971100035,3.15344928880625,0.0058300084675899,0.0003927822727968,0.0216933347085392,16.6852600587385,0.839772424877871,0.0050376023008778,0.226331772485259,0.497370064269494,0.119018548078439,1.83534250245914,136.294256329892,23.5608233146384,0.793572205492863,2.70966806200061,0.520232504497172,0.120558847939791,1.92041314530128,201.725681154883,26.8539998126408,0.813327216507837,3.59723051561189,0.19730436328125,0.10605487421875,0.30254108046875,12.6669899484375,1.82235573125,0.562076134375,0.3639963703125,1.43184988203125,0.13243731796875,0.58961008203125,10088.4194829383,152.4078405,1.1502310265625,158.998912116406,0.25872683359375,0.0943344453125,0.72405912578125,0.18302068828125,0.36218248359375,0.744822946875,0.1470692109375,0.2250574875,0.084293778125,1.10441198125,0.340840328125,0.326200884375,0.57575890390625,0.1470692109375,0.24239915546875,0.11701353984375,1.4602073140625,0.196504696875,1.306183775,0.70156661875,0.1470692109375,0.53751019375,0.11851665078125,1.88286921796875,15.724055903125,7.47412252109375,0.50674992578125,4.936860371875,0.56430356640625,0.089721109375,3.166504390625,5.83283957421875,7.777550203125,0.624364140625,0.20342081015625,1.32359815859375,0.12187617421875,1.6866488890625,1.115088759375,152.5979410875,0.70974332265625,0.1491890203125,1.35528158984375,0.12759679375,2.15089916640625,1.115088759375,152.877371349219,1.3790558078125,0.1491890203125
291120241927703,hazelnut chocolate stakes,"rice semolina, wheat flour, oatmeal, full wheat flour, sugar, sunflower, coconut, powdered lactrum, cocoa powder, cocoa butter, hazelnuts",France,Cereals and Cereal Products,Biscuits,Biscuits,EUwest,0.307377049907182,0.202461236654395,1.47330088257461,1334.75799274012,4.2010473808291,1.21893478417259,104.025565367569,0.0012019661254515,0.0015137603561274,0.0258134185918819,57.0652455972523,0.0384307299919008,0.0112827016496525,1.59400046045354,0.305020288433199,0.199493122984116,1.4226870847637,1222.86700889355,4.12569412257654,1.19681216689803,100.900120485919,0.309733811381166,0.205429350324674,1.52391468038552,1446.64897658669,4.27640063908167,1.24105740144716,107.151010249219,0.20009550098973,0.110414313140045,0.510974939947398,38.5672576977088,3.46991015075625,0.711941195378782,9.2281323897345,0.4366331603935,0.189223784831916,0.627346879750081,22278.1174768169,10.1868636476321,1.39100802454469,286.578496331777,0.201401854815129,0.181503900849289,0.825018984075689,130.869011322377,4.47805478033871,0.88459809907435,20.5559585922198,0.235889755139879,0.171738668991624,0.867566666564024,195.005685153747,4.48702828216929,0.798126328062599,28.9968542426014,0.285262262123017,0.205266849644506,0.537157663517276,448.89165638794,2.9539909565837,,151.461335026951,0.310695313616947,0.194020795688075,1.04476866474792,485.785765383052,3.36779206763893,,164.612431405498,0.385944811438889,0.265442735872012,4.36178714481818,11.5702171933081,5.94301050454305,2.40108207660453,7.99046686967943,0.212739867510638,0.115436190301032,1.37599655072335,4420.85847456831,1.68782034577535,1.06396953483374,113.649211192337,0.249214775881822,0.136509156689168,0.930206296951067,5035.15064094618,4.09567212749221,0.793885676508138,74.2761428788565
291120241925745,2 mini precious baguettes,"wheat flour (65%) , water, yeast, salt, fermented wheat flour (0.3%) , malted wheat flour 0.2.% , antioxidant ascorbic acid",France,Cereals and Cereal Products,Biscuits,Biscuits,EUwest,0.102320836666667,0.06680235,0.32434633,37.6629101066667,0.26546405,0.474688360765872,1.50662408666667,0.0006758046027253,0.0001464067410917,0.0024081540257893,7.14918518506763,0.0124809312754956,0.0021518188953171,0.123878589978075,0.100995749197129,0.0665152822036368,0.319624529184468,23.6451072270615,0.240991997612936,0.470469170420912,1.2637284824315,0.103645924136204,0.0670894177963632,0.329068130815532,51.6807129862719,0.289936102387064,0.478907551110831,1.74951969090183,0.09179,0.06432,0.17889,0.34036,0.15075,0.35443,0.14673,0.07906,0.06633,0.23517,7021.58124,0.15209,0.88641,85.21127,0.06633,0.06499,0.26599,15.70212,0.10854,0.53734,3.88064,0.09849,0.05427,0.24254,0.34036,0.16147,0.29815,0.14673,0.09849,0.06968,0.25728,0.34036,0.35376,0.49312,0.14673,0.10251,0.07504,0.24053,0.34036,0.36917,0.38994,0.14673,0.13735,0.067,0.25058,0.34036,0.22512,0.52595,0.14673,0.18358,0.05762,0.27805,0.34036,0.65928,0.31423,0.14673,0.10385,0.08241,0.62645,0.50116,0.1474,0.64253,0.268
291120241851392,Vollkorntoast - Full mie bread,"complete blue flour (58%) , water, wheat sourdough (ble flour, water), wheat flour, rapeseed oil, sugar, yeast, salt, acidity corrector sodium acetates",France,Cereals and Cereal Products,Bread,Other bread,EUwest,0.127615285425363,0.0811166628102251,0.390342587077019,65.7520446349752,0.457814186150512,0.576553598832103,2.71787428655422,0.0005970040567011,0.0001599461308035,0.0024871420560201,9.52892340347197,0.0103639678832187,0.0023478289427241,0.148319411970022,0.126444706545599,0.0808030475834658,0.385465910061058,47.0681573853175,0.437492980995418,0.571950080744073,2.42705621059259,0.128785864305127,0.0814302780369845,0.39521926409298,84.4359318846328,0.478135391305606,0.581157116920134,3.00869236251584,0.109854587889072,0.0740511398703259,0.223425367412314,0.389331124625508,0.341513993316859,0.425697116601816,0.169937714813186,0.103074233954328,0.0806344913439843,0.304388016360317,7497.65106688174,0.243149681499449,1.04966906311351,93.8413009327803,0.120210696966457,0.078406638206384,0.22545175345366,7.34404850237787,0.32354464684013,,2.20146474348509,0.0888330976141777,0.0847450750736791,0.313600592864696,16.6876552194149,0.332409812617553,0.662978193183394,4.13178630688656,0.120712279583907,0.0826797704704166,0.321580906280784,1.0875126450612,0.390838575277777,0.584423319600904,1.08433081292249,0.103591795498715,0.073531156048467,0.455096919399002,16.1493619399219,0.187035355253942,0.573818300829122,4.74475758496373,0.12081889939137,0.0963762351732411,0.398322187596854,10.7639632941112,0.4287517183665,0.737467301557009,2.76721663499364,0.216154877136072,0.104119219690521,0.274756838213488,0.760457720522486,3.36396191640728,0.490540031651237,0.192705670933404,0.124619246725544,0.0867001173048985,0.889031866970907,1.58223664395795,0.193165665799334,0.548274801402512,1.2451768434391
291120241748398,Maple creme cookies,"sugar, wheat flour, palm oil, canola oil, modified palm oil, maple syrup, inverted sugar, starch of but, malt soy lecithin, artificial aroma, salt, baking soda, caramel coloring, coloring (tartrazine), ammonium bicarbonate",France,Cereals and Cereal Products,Biscuits,Biscuits,EUwest,0.260721040237729,0.311853464449401,0.905309990599293,149.729606049188,17.1176893876034,1.24399353171576,18.4560486302386,0.0013564469672111,0.0012644959567596,0.0060628666511301,9.73378105743213,0.145085982680266,0.0048474816935897,0.438829625727999,0.25806137963155,0.309374097276071,0.893422192563457,130.644043064848,16.8332112753209,1.2344888062003,17.5956111073676,0.263380700843908,0.314332831622732,0.917197788635129,168.815169033528,17.4021674998859,1.25349825723122,19.3164861531097,0.284672194597386,0.0805118201962501,0.427244869100888,15.2343762234051,2.62729695348031,0.700785931015199,18.4545957489893,0.518017948476611,0.346936929258736,1.28808017439876,6222.71417681905,27.8015667825412,1.62218714315275,134.473729940062,0.231419164477701,0.226398156187944,0.557728100347497,0.882006769783098,8.55095680469921,0.956870945231659,0.45566369432127,0.279587826106898,0.213909593486151,0.559304650682766,14.420208269073,7.6701877010193,1.00691843381088,18.4545957489893,0.210607933752539,0.271012319634195,1.02236786079692,0.920127644927137,10.3220150293536,1.09483396814825,0.524722544625589,0.26659550678717,0.311836306691353,0.907253771595797,3.09879143163574,25.3775600853916,1.4022364240328,0.454325702613247,0.213283437098402,0.449604692870735,0.998573569339125,6.86604088474552,25.3557336603076,1.3843769362584,1.54907051811773,0.413669835213264,0.210163216703687,1.60065759162812,368.585944386928,7.59584264443453,1.95037538604275,95.6933782747208,0.456603168937985,0.212483042424504,1.04997524972919,934.588013484999,8.31332947735431,2.06459428030397,67.6651279750533
291120242188527,BABY BISCUITS,"whole wheat flour, concentrated apple juice, rice flour, vegetable oils and fats, skimmed milk powder, raising agents, calcium carbonate, vitamin b1",Belgium,Cereals and Cereal Products,Biscuits,Biscuits,EUwest,0.175169410110729,0.166907502750993,1.08554288944258,1862.42626206675,1.87201130137129,1.06222472190598,64.4799638252479,0.0011506366566011,0.0011823454305814,0.0215459799217086,46.2070391408521,0.0234947129119228,0.0094874506918408,1.14878484388654,0.172913293165826,0.164589212658842,1.0432964947036,1771.82556428659,1.82594391805603,1.04362215249625,62.227477831975,0.177425527055632,0.169225792843143,1.12778928418156,1953.0269598469,1.91807868468654,1.0808272913157,66.7324498185209,0.102150379713217,0.0850139805006463,0.297004252396649,38.1763500296334,0.755613602907429,0.501517016761988,8.89592190762849,0.194055187410453,0.143497342939347,0.307422495101864,17373.5729364783,0.671450975573389,0.885881970995584,210.059932259805,0.162865794150194,0.175250082656758,0.285312646693613,220.939548379923,0.959653022912321,0.695070859159686,18.5761860874326,0.213432305489871,0.136095837179233,0.281440556488718,517.446253852298,3.04306355841069,0.599396630316019,8.2879864117229,0.104269762420063,0.149292144602732,0.404360086710387,1198.05265471208,1.00903750671528,0.901603003902199,26.7484711370895,0.199074637677783,0.163021131102284,0.758397667765494,1126.49975380312,0.931031022795838,1.07960181726054,59.9497165991449,0.219067103425782,0.335193808733939,3.05048639800114,604.885684189984,3.32369409602907,2.00508071071299,22.253662425235,0.123266871646728,0.122866862328041,0.227379963750306,4868.48902517685,1.13662914577921,,66.5967434494518,0.111747936632925,0.104389098533471,0.259863387156519,5456.41221820565,1.67312764414262,,74.5931304013557
291120242339953,Cookies on Cookie Dough,"water, sugar, glucose syrup, oat syrup (water, oats (3%)), coconut oil, flour (wheat, whole grain wheat), vegetable oils (soy, rapeseed), brown sugar, corn starch, skimmed cocoa powder, pea protein, fava bean protein, cocoa mass, cocoa butter, stabilizers (guar gum, locust bean gum), salt, emulsifiers (lecithin (contains soya)), vanilla extract, molasses, raising agent (sodium bicarbonate)",Belgium,Cereals and Cereal Products,Biscuits,Biscuits,EUwest,0.243639406419076,0.11312620938624,0.498723177997357,87.9032542338384,9.58578982380348,0.601542759381565,10.3490193585591,0.0010024831970851,0.000744703507907,0.004315907212914,3.144815349524,0.12180308593728,0.0026193531753492,0.280773870568185,0.241673782157977,0.11166602802188,0.49026073997244,81.7370408093407,9.34696377515634,0.596406848710122,9.79849049834867,0.245605030680174,0.114586390750599,0.507185616022275,94.0694676583361,9.82461587245063,0.606678670053009,10.8995482187695,0.161512373416086,0.0622220202522155,0.182326658187547,1.03595694221265,7.3341917131797,0.346141309274423,0.23635142937821,0.412789980876467,0.867838595193999,0.960649723957329,6.75929122851324,188.283054278581,0.830133337659207,0.527412768418777,0.229165181271544,0.0737574831586539,0.159353117188053,10.8033642292726,7.11502997116035,0.281027205857121,10.8589134634395,0.23842768310671,0.0730382353151924,0.288283292545377,11.0630815716226,7.3969646254503,0.40029389872877,10.9094627765085,0.249877636484155,0.0810015767720621,0.405200974389864,2.42390538335617,7.31658803871537,0.52129512636286,0.795085671789033,0.211359585204623,0.0919809965767901,0.506078265668392,231.183706456982,4.72035256074512,0.635210166516778,16.8599735468578,0.241808324497043,0.17606833145171,0.531070507256829,2.32542714918872,11.8438690892918,0.668426602129221,0.358579779989025,0.392295792745049,0.150221797383852,0.373995409163301,2.60496462677815,16.663201766901,0.90429211078826,1.60439388418446,0.250387022481937,0.101011485768484,0.855807819933963,536.810556750075,6.33752552561671,0.864600566322227,38.9184644591756
291120242541769,Fell 3 pasta,durum wheat semolina,France,Cereals and Cereal Products,"Pasta, rice and other miscellaneous cereals",Pasta,EUwest,0.151220333333333,0.100256666666667,0.480713666666667,62.7145133333333,0.369506333333333,0.711720976915356,2.53565733333333,0.000751976637215,0.0002138492618611,0.003410153996042,12.1482558838668,0.0106792393525377,0.0029145245393298,0.213842359502896,0.149745891141996,0.0998373605889643,0.474027189079618,38.8947559899743,0.348566957967778,0.706006307421911,2.11636478946662,0.152694775524671,0.100675972744369,0.487400144253715,86.5342706766924,0.390445708698888,0.717435646408802,2.95494987720005,0.137,0.096,0.267,0.508,0.225,0.529,0.219,0.118,0.099,0.351,10479.972,0.227,1.323,127.181,0.099,0.097,0.397,23.436,0.162,0.802,5.792,0.147,0.081,0.362,0.508,0.241,0.445,0.219,0.147,0.104,0.384,0.508,0.528,0.736,0.219,0.153,0.112,0.359,0.508,0.551,0.582,0.219,0.205,0.1,0.374,0.508,0.336,0.785,0.219,0.274,0.086,0.415,0.508,0.984,0.469,0.219,0.155,0.123,0.935,0.748,0.22,0.959,0.4
291120242276314,Gressins Integrale,"ble flour, blank sound (7.5%), oil l, bg of yeast olive, sea salt, malted wheat flour,contains luten",France,Cereals and Cereal Products,Bread,Wholemeal bread,EUwest,0.130473613129344,0.0840483160936976,0.402369652520022,38.0621477401308,0.363333621472374,0.593431292980361,1.68968264885476,0.0009447493609965,0.0001743319116833,0.002883664043548,8.34073993846113,0.0182173906094333,0.0024942277861846,0.145388390867674,0.128621190794454,0.0837064938705573,0.396715492907834,21.7079975396849,0.327613775932887,0.58854072258129,1.40461158811026,0.132326035464234,0.0843901383168379,0.40802381213221,54.4162979405767,0.399053467011862,0.598321863379432,1.97475370959925,0.115067946844511,0.0806315539932343,0.224256509543683,0.426675306547531,0.188980204671643,0.444313458983551,0.183940732547066,0.0991096184500171,0.0831512900555229,0.294809119287763,8802.25446005816,0.190660028713169,1.11120360346926,106.820850712641,0.0831512900555229,0.0814714660139972,0.333445072242854,19.6841781185983,0.136065747363583,0.673609440651811,4.86477042425847,0.12346706705214,0.0680328736817914,0.304048151516154,0.426675306547531,0.202418797003849,0.373760849239471,0.183940732547066,0.12346706705214,0.0873508501593372,0.322526215972937,0.426675306547531,0.443473546962789,0.618175247281463,0.183940732547066,0.128506539176717,0.09407014632544,0.301528415453866,0.426675306547531,0.462791523440334,0.488828796083983,0.183940732547066,0.172181964256386,0.0839912020762857,0.314127095765309,0.426675306547531,0.28221043897632,0.659330936298843,0.183940732547066,0.230135893689023,0.0722324337856057,0.348563488616586,0.426675306547531,0.826473428430652,0.39391873773778,0.183940732547066,0.130186363218243,0.103309178553831,0.785317739413271,0.628254191530617,0.184780644567829,0.80547562791158,0.335964808305143
291120242088735,Crunchy fruit muesli,"whole oatmeal (44%), sultanas dried grapes (16%) (sultanal raisins, sunflower oil), sugar, palm oil, cornflakes (5%) (4,cornmeal (8%), salt, barley malt extract, emulsifier lecithins (sunflower), 4,banana chips (5%) (3,banana (37%), coconut fat, sugar, natural banana flavour), 4,coconut chips (5%), cereal balls (4%) (pieces of corn, wheat flour , sugar, rice flour, salt), wheat flour, glucose syrup, pieces of dehydrated apples (2%) (1,apple pieces (98%), antioxidants citric acid, ascorbic acid), oligofructose, honey, barley malt extract, salt, caramelized sugar, cinnamon, natural aroma",Germany,Cereals and Cereal Products,Breakfast cereals,High fibre breakfast cereals,EUwest,0.376146749501969,0.231440350313248,1.66352530766051,159.496152596147,6.81316785667315,0.845625493475231,9.26022975902335,0.0016988553538783,0.0005198360809454,0.012007314783116,7.0717512088897,0.0666658517769431,0.0025997694908615,0.21630301616953,0.372815709830291,0.23042107895242,1.63998190133014,145.63017879722,6.68245243319215,0.840527981617316,8.83611246950879,0.379477789173646,0.232459621674077,1.68706871399088,173.362126395074,6.94388328015414,0.850723005333145,9.68434704853791,0.264733764384564,0.19000893546315,0.590209079136201,14.7827605727506,2.69447291522569,,2.57075461029143,0.362080207229598,0.265248551685643,1.62022159953099,4174.12845724518,8.82249270921068,1.26189145380443,50.4400545828731,0.290851700129876,0.245608468112413,0.583008014181567,108.166516304603,4.01379176239957,0.806419681093536,3.25207682812867,0.273794632516752,0.213595739494329,0.816089457227925,314.911604780211,2.17082197362263,,23.7831138620955,0.264869819101699,0.214958099217692,1.5804817140182,59.8709212115596,2.59184446617931,,3.54932316237742,0.460287670410813,0.270226007338459,1.27144595139898,90.7292293832735,5.19793669727618,0.876775468676073,9.51160371988146,0.38033542057622,0.286859722533882,2.02410192388818,45.0630504698017,4.42059599391259,,3.79524192013155,0.417067913508696,0.243442097023447,2.48965037847696,88.1036177880471,10.5347224035934,0.76244731616199,9.94305180594661,0.348883557135192,0.254042566143049,2.87168719924545,84.9824809629364,8.78750472283188,0.954778920467045,3.90354654278872
291120242292475,Tortellini alla meat,"durum wheat , beef of the finished product (24%)), eggs of the finished product (18%)), breadcrumbs (wheat flour , salt, yeast), cheese amonggiano reggiano (milk, salt, tenders),hard cheese (milk , salt, rennet), sunflower oil , salt, garlic , spices , rosmarin , black pepper and quot",Belgium,Cereals and Cereal Products,"Pasta, rice and other miscellaneous cereals",Pasta,EUwest,1.67542001487871,1.77551000133476,7.13652335964319,4459.55031046771,9.05501311336834,,135.84080142646,0.0104852971567974,0.0045194770215068,0.0908305639673834,29.2532940718976,0.36751108583551,,0.724605113249385,1.65486091270507,1.76664841272481,6.95842684819772,4402.19175851196,8.33441379694945,,134.420028096332,1.69597911705235,1.7843715899447,7.31461987108865,4516.90886242346,9.77561242978724,,137.261574756587,1.13293075824104,1.5166251524295,4.64462234369344,1819.72704595157,6.12405579828622,,64.9778276441332,8.90565536887278,1.53171607053396,69.0447140969879,3626.69816159598,234.157032671291,,305.717048225461,1.33671560377021,1.58857807636133,5.55419880616464,2808.41776421766,7.27065429855953,,96.0961375166399,1.46622381309102,1.6430235474346,5.34067442119779,2877.2962382149,7.34992621138219,,99.6144869683869,1.69469530981072,1.81113519377347,5.45431822871939,2835.24993983988,7.20822061108157,,98.797108923158,1.45089895934825,1.60612501604614,8.97196357197731,3967.10759150509,9.06331169049299,,128.878887833052,1.5509879307245,1.73176552682883,6.15524294538025,7023.77482218818,6.55900880408316,,176.518976269611,1.52776162307135,1.72297218501331,6.19173514253526,9674.76066640548,8.58177913999334,,230.854715659155,2.07452464965265,2.28857472509056,7.67221280629195,5894.54161290636,8.52682231001515,,170.073783171274
291120242249356,Pralin gender galette,"ingredients puff pastry (49%) (preparation of wheat flour (wheat flour, gluten, wheat malt), butter, water, iodized kitchen salt), mass with almonds (39%) (cream with vanilla taste (50%) (preparation in powder powder (78%) (sugar, whole powdered milk, modified starchs of but, potato starch, geerer e 339, e 450 and e 516, thickening e 401, coloring carotenoides, aroma), water), preparation ofalmonds (50%) (sugar, soy, water, almonds (18%) , wheat starch, moist sorbitol, inverted sugar, glucose, lemon juice, kitchen salt, bitter almonds, preservative e 200, aromas, acidifying citric acid)), hazelnut nougatine (9%)hazelnuts (50%), sugar), syrup (water, sugar), liquid eggs (1%) (ground farming), lemon peel (0.4%) (lemon zest (100%)",Switzerland,Cereals and Cereal Products,"Buns, cakes, pastries and fruit pies",Buns cakes and pastries,EUwest,0.312411693237409,0.174932735151225,1.16123535206042,4250.99821493999,6.11099747845305,1.67754129496144,71.0549247050334,0.0014612382109164,0.0007923584038157,0.0085595302225515,33.4190045866124,0.0502128069415066,0.0065516825140224,0.463593021383102,0.309546562642729,0.173379114196226,1.14445220764665,4185.47172393425,6.01254245015026,1.66469504862232,70.1459322224101,0.31527682383209,0.176486356106223,1.17801849647418,4316.52470594574,6.20945250675584,1.69038754130055,71.9639171876568,0.183727251784615,0.105578561950611,0.499196761355335,398.18300541983,0.987267116514916,0.960703166690398,16.7297985070515,0.351263659171895,0.257253665023157,0.685755852488206,14059.9007615605,6.6156353771686,1.88978795440197,202.01236288438,0.252046826795612,0.164571229772074,0.742218652185342,1559.87447016285,4.33268864508341,1.25505659052071,34.7702338485073,0.289089960320468,0.177381880071343,1.48021791597307,1352.5919792111,4.72703150342663,1.77784132151262,31.0912112644844,0.381401114492874,0.189924711520308,0.746030186232184,2679.62031867367,9.08558358274964,1.49966892303467,76.1438467335729,0.299908300334355,0.176958084328297,0.950251900640757,4694.71235747586,5.55289815730799,1.65672559762962,72.9443465321303,0.351081853275491,0.155748540974716,0.7846015894193,5999.83289782885,10.2041598404118,1.70518552143152,95.1504835443677,0.347903500373185,0.1584867621797,0.795603396931243,6775.79907306272,9.93666227841727,1.75984185798803,102.397575825306,0.32969608906199,0.215917832744937,1.46805857576384,6625.42620898196,5.76441265250337,2.17055990931203,91.1365311986439
291120242243295,ORIGINAL SHREDDED WHEAT®,whole grain wheat (100%),France,Cereals and Cereal Products,Breakfast cereals,High fibre breakfast cereals,EUwest,0.151220333333333,0.100256666666667,0.480713666666667,62.7145133333333,0.369506333333333,0.711720976915356,2.53565733333333,0.000751976637215,0.0002138492618611,0.003410153996042,12.1482558838668,0.0106792393525377,0.0029145245393298,0.213842359502896,0.149745891141996,0.0998373605889643,0.474027189079618,38.8947559899743,0.348566957967778,0.706006307421911,2.11636478946662,0.152694775524671,0.100675972744369,0.487400144253715,86.5342706766924,0.390445708698888,0.717435646408802,2.95494987720005,0.137,0.096,0.267,0.508,0.225,0.529,0.219,0.118,0.099,0.351,10479.972,0.227,1.323,127.181,0.099,0.097,0.397,23.436,0.162,0.802,5.792,0.147,0.081,0.362,0.508,0.241,0.445,0.219,0.147,0.104,0.384,0.508,0.528,0.736,0.219,0.153,0.112,0.359,0.508,0.551,0.582,0.219,0.205,0.1,0.374,0.508,0.336,0.785,0.219,0.274,0.086,0.415,0.508,0.984,0.469,0.219,0.155,0.123,0.935,0.748,0.22,0.959,0.4
291120242261212,frischback baguettes,"white flour (wheat), water, yeast, iodized kitchen salt, glucose, rapeseed oil, acidity corrector (e 262)",Switzerland,Cereals and Cereal Products,Bread,"White bread (not high fibre, not multiseed bread)",EUwest,0.167328131021405,0.0853918730347264,0.957288909530226,211.550695424471,1.49998481465587,0.737452846846151,3.84826857277805,0.001672078838628,0.0003170574957656,0.013044142204029,19.2829842192848,0.0404283207247991,0.0056079934342402,0.268446663272711,0.164049593544434,0.0847702008634099,0.931712538319206,173.741481546356,1.42071476974818,0.726456943889896,3.32191034984316,0.170606668498375,0.0860135452060428,0.982865280741247,249.359909302585,1.57925485956355,0.748448749802406,4.37462679571293,0.110019623283205,0.0694548681908677,0.123619620830249,0.476682891493009,0.20156408730173,0.358499407993428,0.14568414850512,0.43417845398748,0.111540789734592,0.374108010350499,12784.7990010195,5.70853407307061,1.10136339425363,201.484843325269,0.117827268885222,0.0677818012761498,0.288137867444179,0.296549353675045,0.237256181482379,0.429325907383153,0.127838101414796,0.136305423569966,0.0674166681991729,0.319987403176561,0.290406351139244,0.220372215858197,0.504840305429211,0.127838101414796,0.15426884212763,0.0614040558056692,0.491065297691411,12.5083093287789,7.68495702369108,0.777544018295386,9.95685618639086,0.133442560089256,0.0867432263096196,0.971306857620666,0.113627370999218,1.02805914317239,0.62284398051886,0.127838101414796,0.191642427071499,0.0872188386142528,1.53240921821561,0.105090990852066,1.65562924477047,1.22682030313005,0.127838101414796,0.164042566511723,0.0896889322616784,2.46514803170239,0.105090990852066,1.40933546030293,0.743410479387031,0.127838101414796,0.19081163714721,0.091919688147969,2.92133761044881,0.105090990852066,1.64691096219288,1.47621378803348,0.127838101414796
291120241968672,Largevite -wide shrimp noodles,"wheat flour, egg, salt, co -comctor (e501 (l) carbonate), stm, perfume (msg e621), egg egg, tapioe flour, water",France,Cereals and Cereal Products,"Pasta, rice and other miscellaneous cereals",Pasta,EUwest,0.241916616340684,0.218055717517912,0.809987268729724,649.240544054675,3.09168757606928,1.88963000089201,21.4110197783392,0.0011541652610663,0.0005420067739163,0.0025681773795516,10.8596868271624,0.0176494477247126,0.0041838995490579,0.204039142336054,0.239653580665806,0.21699297485291,0.804951701272105,627.947355343413,3.05708132756201,1.88142639759617,21.0109489446777,0.244179652015562,0.219118460182914,0.815022836187343,670.533732765938,3.12629382457655,1.89783360418784,21.8110906120007,0.207659609244206,0.211170415408926,0.634463829298106,380.846374236222,2.96613216566893,1.74921004228754,14.9740583335229,0.355367990358422,0.146306758883806,0.802064445142239,7856.08517030208,0.836913484201019,2.07338931279039,118.986689399259,0.213995161744848,0.201667086657963,0.694651578054205,380.846374236222,2.97626904966996,1.69599140128214,14.9740583335229,0.18865295174228,0.212437525909055,0.719360232806708,396.62380062857,2.93445440316572,1.92723906755557,18.8089682621615,0.225399156246003,0.208636194408669,0.716826011806452,380.846374236222,2.99464215192182,1.78215491529087,14.9740583335229,0.211460940744591,0.213071081159119,0.930334131078085,380.846374236222,2.95346106066764,1.98615970581154,14.9740583335229,0.234645962626577,0.259866662032645,0.756260450741386,697.067818765826,3.96556832288503,1.81713546581829,22.8618782017934,0.298614541095174,0.20532340551232,0.999054623943967,1120.30993218128,3.17669202783371,2.57314339453815,31.3798005190217,0.385145087111439,0.141238316883293,0.831207986645192,1820.10990320823,0.864156359953779,1.60329131724276,45.8623759921001
291120241868802,Mini Berlin raspberry-Johannisberry,"wheat flour , water, raspberry-johannisberer filling (13%) (sugar, raspberries (25%), glucose fructose syrup, red currants (10%), water, gelling agent e440, acidic agent e330, aroma, preservative e202), decorative snow (sugar, corn starch, grape sugar, vegetable fatsal, shea, illipe), emulsifier e470b, natural vanilla aroma), palm fat, yeast, margarine (palm fat, water, salt, emulsifier e471, acid regulator e330), sugar, full el pulver, laktose , weizluten , aroma, rapeseed oil, emulgator e482, sour tough preparation (saueringe , roggenmehl , acid gulcator 260, 270, roggenkleie , vollkornrogroggen flour , water, gerstenmalzmehl , salt, starter crops (dried)), baking agent e500, e450",Germany,Cereals and Cereal Products,"Buns, cakes, pastries and fruit pies",Buns cakes and pastries,EUwest,0.129991417184455,0.13972827376332,0.450542878544507,263.40139493025,1.502427651792,0.592105422453204,7.76455866449669,0.0010790651948668,0.0003601737923412,0.0054765413076353,14.3847115837225,0.0154182812251233,0.0034291834931998,0.223324786896172,0.127875634363851,0.139022061084148,0.439804721044713,235.196495177232,1.47219617486684,0.585381632678382,7.32667340067963,0.13210720000506,0.140434486442491,0.461281036044301,291.606294683269,1.53265912871717,0.598829212228027,8.20244392831376,0.115764252682701,0.114954259233793,0.138669605613535,63.7644254033901,0.732762953954422,0.369489559060761,6.20217687763037,0.265402337640152,0.141088195706702,0.460530634102971,10793.9477166259,2.35405000320526,,180.675133000508,0.109001463651643,0.127271476529006,0.299867019233366,19.0630351975816,0.31447240679908,0.389628441835322,10.7065361484196,0.108323129584286,0.116711251988479,0.271412263970894,125.791545979575,1.53857967800416,0.613115147218408,2.59932070676694,0.115224932817831,0.131634224322197,0.296909378132241,117.907759345112,0.663433261188986,0.410847539343346,6.72566758352971,0.198263728136921,0.124116498192226,0.311552815252239,114.597553367099,1.3215371691747,0.681671123429301,1.54105200973206,0.194113388632934,0.169358849247143,0.264423412503273,148.683876388239,1.66102616163076,0.513749829765367,10.4156474987244,0.158962189515295,0.151573779173556,0.828412523923599,95.0544817342942,1.19554685049832,1.44575959422987,14.6741572744897,0.142819469392073,0.163166152318828,1.38246976416715,112.660973980134,2.92233536031952,0.584447348839062,1.37088105221294
291120242257045,Lindt Mini Eggs,"oat flakes (25%), sugar, glucose syrup, stabiliser (sorbitol), vegetable fats (palm, shea), wheat flour, invert sugar syrup, rice flour, cocoa butter, cocoa mass, honey (2%), skimmed milk powder, wheat bran, whey powder (from milk), whole milk powder, humectant (glycerol), milk fat, barley malt extract, salt, emulsifiers (soya lecithins, e471, e476), molasses, flavourings",France,Cereals and Cereal Products,Biscuits,Biscuits,EUwest,0.305618561900186,0.132209903693629,0.836140486620235,281.231382017504,5.83390388129634,0.872689854617552,31.3939285246476,0.0011454293111146,0.0012240702825112,0.0087804502950326,7.94800422191677,0.0606609214604362,0.0058726435779159,0.634489493828768,0.303372655285645,0.129809801376114,0.818924171999231,265.647290462315,5.71496265687489,0.861175037484356,30.149849874643,0.307864468514728,0.134610006011144,0.853356801241238,296.815473572694,5.95284510571779,0.884204671750747,32.6380071746523,0.211808775224403,0.0745196865945244,0.29041817043192,50.3627971694943,6.71584071263511,0.531496334289921,9.16310838720069,0.560981023770122,0.124472799482157,1.29129459502902,2492.99401097681,13.2611208578464,1.93571036268835,131.104296884982,0.28384083322116,0.0872115086742733,0.423688599922403,25.8613233322116,9.71073439295922,0.594354160642316,1.24100132837925,0.284825752025357,0.0902230627996859,0.503520828900118,46.6292714345772,6.12359603615058,0.635083916126232,9.17095074013534,0.369059760523463,0.099466278129632,0.354070221590531,72.3864695337979,4.23331713586868,0.442931385107242,28.0260080601042,0.317110789513275,0.0897015032107876,1.03986798456763,45.5490506965152,2.68616,0.675215522475513,27.3263510012827,0.315863495881023,0.20879532853382,0.773666430398185,301.143832944516,13.9032449341176,1.1937417645131,40.1203128791412,0.42514083322116,0.0992465086742733,0.615768599922403,1140.19398833221,10.9481393929592,0.994684160642316,33.1988013283792,0.439796906162653,0.273870963671779,0.666537831590032,1142.80304333221,11.6924202296248,1.34454608252239,33.8712913283792
291120242310044,The Catalan Cream Craft Flavoured Turron,"sugar, ground almonds, egg yolk (14%), powdered milk, glucose syrup, preservative (sorbic acid), aroma and color e-160",France,Cereals and Cereal Products,"Buns, cakes, pastries and fruit pies",Buns cakes and pastries,EUwest,0.410103967146119,0.223428768229089,1.2252218849102,10479.4202783582,9.73922251414,2.77066571290149,195.17645803078,0.0019182310211627,0.0023079928675095,0.0107690739772909,107.850689480876,0.0956152807704219,0.0182613125146403,1.5901597448065,0.40634278546791,0.218903358937432,1.20410636582631,10267.9514652786,9.55174434377209,2.73485974725274,192.058543852764,0.413865148824329,0.227954177520746,1.24633740399408,10690.8890914378,9.92670068450791,2.80647167855024,198.294372208795,0.294806252422463,0.147809760090042,0.65576808575683,1364.02402466266,7.49176129482789,1.61670358186036,33.7390902335521,0.448777320592605,0.125469158479412,1.77602120596299,20742.0183755642,18.4161469088999,3.13183612080954,391.364138799527,0.380528694305458,0.15970972775116,0.587620578605722,1436.9728907372,2.59425430599933,1.51069932737981,65.277412614669,0.325192384034202,0.360146136630394,0.877258874930049,1359.7515015846,8.78422513509832,2.11990087158132,33.7248308105926,0.304587001038103,0.156555344844324,1.5247848120391,3970.03863916694,9.37535540313966,2.50946870991711,101.332278901432,0.369431086248504,0.250731904810088,1.09583071461475,9740.70810347739,8.79455009833789,2.65836424117057,170.988342281393,0.574130230410042,0.325766580971073,1.38979937275032,15288.0540384404,8.46300931182981,3.76694619222212,241.45828641367,0.469918421667543,0.3159218297668,3.14032682971215,15798.79356609,8.61944124453206,4.58204551288856,369.742786948139,0.471669342116604,0.0920987199510842,0.651859768006018,18950.5645250466,16.2149288981914,1.90744257573123,303.039288381773
291120242048384,Small spelled flour T 150 organic,small spelled flour t150,France,Cereals and Cereal Products,"Pasta, rice and other miscellaneous cereals",Other cereals,EUwest,0.361198,0.10458,0.4943,2.30677233333333,2.22275966666667,0.653952,0.765047333333333,0.003029216195657,0.0003171888022068,0.0049076599467732,0.107869583219972,0.0837570015538653,0.0092197137485861,0.0431556035883092,0.355258448231343,0.103958070368881,0.484677279654514,2.09526647425431,2.05853268034924,0.635874397225909,0.68042975404404,0.367137551768658,0.105201929631119,0.503922720345486,2.51827819241235,2.3869866529841,0.672029602774091,0.849664912622627,0.274,0.086,0.415,0.508,0.984,0.469,0.219,0.975,0.109,0.058,8.639,19.823,0.471,0.22,0.274,0.086,0.415,0.508,0.984,0.469,0.219,0.274,0.086,0.415,0.508,0.984,0.469,0.219,0.274,0.086,0.415,0.508,0.984,0.469,0.219,0.369,0.109,0.547,0.508,1.326,0.493,0.219,0.369,0.109,0.547,0.508,1.326,0.493,0.219,0.272,0.148,1.515,26.389,0.411,2.7,10.995,0.975,0.109,0.058,8.639,19.823,0.471,0.22
291120241836718,Butter and almond cores,"wheat flour (42.6%) , sugar, butter (20.8%) , almond (6.2%) , lactrum powder (milk), modified potato starch, dextrosis, skim milk powder, egg of egg high on the ground,inverted sugar syrup, salt, aromas, e160a coloring, e500 raising powder",France,Cereals and Cereal Products,Biscuits,Biscuits,EUwest,0.221182465475442,0.156305700701703,0.715242971506221,3033.94757808083,3.305285313,1.36817793820036,63.4076814626686,0.0007115817662701,0.0008442567222062,0.0052368791140802,29.1780693322597,0.0327741853580217,0.00576597417863,0.519119370467063,0.219787227742178,0.154650319842862,0.704974732927253,2976.73652343346,3.24102315472664,1.35687227365921,62.3898153957228,0.222577703208706,0.157961081560543,0.725511210085189,3091.1586327282,3.36954747127336,1.37948360274151,64.4255475296144,0.163513592337917,0.112287178781925,0.428710856581532,349.641661339882,3.08474427013752,0.910172615913556,8.58486807269155,0.219387365422397,0.166108122789784,0.667869496070727,8358.58680379371,4.51735954715128,1.84848964047151,111.131794944008,0.250388635559921,0.132813489194499,0.429405260314342,471.880131366405,0.703040386051081,1.02048045284872,27.2175827848723,0.181441092337917,0.219803678781925,0.674293856581532,481.858153839882,3.67689677013752,1.21544611591356,14.9559300726916,0.212129654223969,0.134367296660118,0.650438760314342,1677.59125699607,2.87856092337918,1.25451343418468,62.0155369597249,0.195295691552063,0.105495315324165,0.515709166994106,4162.82992130747,5.97245958742633,1.31577365913556,62.2435014891945,0.271154135559921,0.179033489194499,0.685903760314342,4290.5808353664,2.13770588605108,1.64207345284872,77.1759937848723,0.213670921414538,0.107379082514735,0.486519611001965,5198.90572772004,6.71154975049116,1.14557415618861,77.0808434214145,0.206473635559921,0.202231489194499,0.690705760314342,5180.4062213664,7.32908538605108,1.32674395284872,78.7450527848723
291120242007156,Milk rice Speculoos flavors,"whole milk (56%) , water, sugar (11%) , rice (8.5%) , caramelized sugar syrup, corn starch, rice starch, skim milk powder , natural aroma, cinnamon,clove, salt,traces of gluten",France,Cereals and Cereal Products,Puddings,Cereal based milk puddings,EUwest,0.172828256228742,0.206460693404031,0.859837622616634,933.817759881695,1.72552663351291,1.31392602101224,58.3875115627234,0.0004776149212719,0.0007448638314423,0.0099901392992981,19.5003551954161,0.0201600940209319,0.0052291452786023,0.626998442015638,0.171891770231326,0.205000197684447,0.840249403845933,895.582334705889,1.68599762192569,1.30367294659232,57.1581210324078,0.173764742226157,0.207921189123615,0.879425841387335,972.0531850575,1.76505564510013,1.32417909543216,59.616902093039,0.0986562632349354,0.121064217723277,0.398427774890625,219.909874198765,1.93991371193225,0.787601671418345,62.9299651852205,0.159216393546712,0.177603199254419,0.860431127955909,8894.70266620885,0.891010402795498,1.48635876594199,153.014561761208,0.196827518636936,0.176942916765668,0.446871571983286,362.65385943355,1.25187225463821,0.983545876638362,23.4542036262992,0.227887558482437,0.191194441515192,0.447918357033049,331.671449782625,1.2719122472874,1.12608334034031,23.3270762086649,0.13149971364921,0.203391068600533,0.659411194805863,523.256265629858,3.20456179481816,1.18382423626333,76.0440920608405,0.137239006506148,0.159931572058941,0.53000396708997,1029.56470259598,2.14028594849232,1.11577772455043,44.9399485045065,0.210747427037781,0.298219082260738,1.78775583644033,357.146824570106,3.59640530481338,1.9173528215928,13.4341303745061,0.185254394742266,0.181179323308988,0.436341247913951,2099.53818602356,0.568373163756173,1.09723244936097,48.2442308966083,0.158234353035788,0.18435841884807,0.663880947429423,2389.14083686114,1.45352248520504,1.20835292652726,55.5460753788862
291120241882138,3 riz,"long grain rice stuck (80%) , red rice (10.5%) , wild rice (9.5%)",France,Cereals and Cereal Products,"Pasta, rice and other miscellaneous cereals",Rice,EUwest,0.324919666666667,0.450814666666667,3.54298433333333,4312.857325,4.24894066666667,2.42149117952266,353.146817,0.0036158124327323,0.0058391535164309,0.100446692921957,203.228465647527,0.0768738181663068,0.0435040294048151,6.11177925171282,0.317829943205938,0.439365515349668,3.34603294589002,3914.37602996768,4.09820991878946,2.3361904224603,341.163113322395,0.332009390127395,0.462263817983665,3.73993572077664,4711.33862003232,4.39967141454388,2.50679193658501,365.130520677605,0.113,0.147,0.927,116.351,1.332,1.009,30.39,0.158,0.211,0.479,83239.739,0.293,1.76,1008.924,0.1,0.42,0.345,456.821,2.94,1.121,70.758,0.1,0.42,0.345,456.821,2.94,1.121,70.758,0.216,0.113,0.752,1899.274,0.71,0.856,657.748,0.282,0.443,0.835,1662.398,0.925,1.032,575.714,0.314,0.933,13.845,6.015,7.884,6.172,0.773,0.809,1.439,17.21,4180.819,13.682,8.887,647.577,0.216,0.263,0.209,19240.659,3.843,0.586,271.187
291120241923335,"Wheat, spinach and emmental breaded pancakes","textured wheat proteins rehydrated (37.8%) (wheat proteins, wheat flour, water), breadcrumbs (15%) (breadcrumbs (wheat flour, yeast, salt), millet (1.5%) , pumpkin seeds 0.75 (9%) , brown linen seeds 0.75 96, onion seeds 0.3 sunflower oil), spinach 14 coating (water, wheat flour, salt), sunflower vegetable oil, emmental onion (7%), modified starch, fibersvegetables (wheat, psyllium), thickening methylcellulose, salt, muscade",France,Cereals and Cereal Products,"Pasta, rice and other miscellaneous cereals",Other cereals,EUwest,0.286034252191205,0.0995219624707494,0.58028857659388,1058.47460156968,1.25958567337542,0.544645371696269,11.8406142097178,0.0027723758461869,0.0003554259447218,0.0029942061983046,9.54843005020114,0.0111595012020606,0.0013265194934735,0.113381401678637,0.280598301503957,0.0988250591590524,0.574417670863756,1039.75246655869,1.2377046220338,0.542044391543411,11.6183010232774,0.291470202878452,0.100218865782446,0.586159482324003,1077.19673658068,1.28146672471704,0.547246351849127,12.0629273961581,0.0985487526233815,0.0602637644385302,0.230292406862329,4.68310983751718,0.199686653585643,0.352906903297088,1.65903851100805,0.433301070685228,0.120053159217293,0.646097212550077,5930.70784906282,1.74490065807302,,69.4138343251479,0.150051698368942,0.0850354164867765,0.817081474824472,41.486648164715,0.421544314495676,,2.28235565894967,0.163533805760513,0.0866701151422928,0.441153930758491,542.674739358334,1.10484704255908,,6.09799789985875,0.113010807556885,0.0773430237750426,0.273459936367804,1316.5346217297,0.504407262554802,,14.2198184879927,0.180857825434617,0.0840231018632089,0.446123596518471,1278.51389317652,0.747004872628311,,13.0318529453133,0.453558151452127,0.116727225811903,0.666673581218013,1279.26506646993,1.75336887576292,,13.0739795303732,0.474078997517798,0.120494141803578,0.689958584458754,1279.25874619079,1.80558188233187,,13.0667686082772,0.504093491442867,0.136257263766112,0.593189825606533,1279.15300518353,1.81490981026527,,13.0722758082772
291120242007625,Milk chocolate chocolate rice cake,"milk chocolate (50%) (cane sugar , cocoa butter , whole milk powder , cocoa paste), semi -complete rice ,traces of soybeans",France,Cereals and Cereal Products,Biscuits,Biscuits,EUwest,1.45480850901733,0.330270086222215,2.81881185140076,1916.87199942838,37.0886627373151,2.49317783306164,143.438069607371,0.0069148907645329,0.0027521575277616,0.0384284584736644,83.0980207668884,0.484677002441031,0.0205140057197298,2.23306626342394,1.44125010016905,0.324873778710365,2.74346304703966,1753.93711319427,36.1383297266824,2.45295488722847,139.059573053225,1.46836691786561,0.335666393734065,2.89416065576185,2079.80688566249,38.0389957479478,2.53340077889481,147.816566161517,0.817573139526514,0.144810778433045,0.603776365238129,117.624365111567,31.2029462741168,0.864783803492267,13.9600423014362,2.8274857788785,0.415917772149533,2.07508987046729,30740.0244669244,99.8392822730467,,419.809584978767,1.23158828401987,0.329282820878079,0.488320509702122,328.904726979231,49.304775183779,1.05073333321436,30.2780526088755,1.06603763144499,0.304305060960181,1.72345520005322,368.852030292767,22.9665190253124,2.07655157569849,40.4240820205587,1.72137507921495,0.241449798056075,1.2953640953271,154.552598725047,64.1887518467664,0.910780778542056,4.71418717072897,1.54409268205607,0.233341726728972,2.22362529203738,1011.77835399641,30.8021771918131,2.35947837390654,304.565631894655,1.5459428731215,0.511672494392524,6.95574945607477,84.3511076409346,34.657861195028,4.08065128919626,3.74580662201869,1.104776885202,0.238217234754574,1.56265197369808,7190.95830238377,24.2000528282657,1.76552013386671,104.092573540073,1.5528250108785,0.285662545046729,1.97054622220561,7109.2958261042,31.8481458788411,2.04326729992523,110.891580893122
291120241962623,Cereals and shrimp salad,"cereals rehydrated (50%) (water, precuite durum wheat semolina, soy flakes, oatmeal, barley flakes), peeled shrimp peeled (13%) (shrimp, salt, preservative e202, antioxidant e223 (sulfites), acidifier e330), sauce (rapeseed oil, sunflower oil, extra virgin olive oil (1.6%), basil (1.5%), water, garlic, salt, pepper, concentrated lemon juice (0.04%),cucumber (8.2%) , marinated tomato (7.7%) (tomato, rapeseed oil, salt, garlic, oregano), green pepper (4.6%) , carrot (2.0%) , balsamic vinegar (white wine vinegar, grape mustconcentrated, antixyed e224 (sulfites)), vinegar, provencal mix (pepper, aromatic plants including provence herbs, maltodextrin, salt)",Belgium,Cereals and Cereal Products,Breakfast cereals,Other breakfast cereals (not high fibre),EUwest,0.454863130237462,0.308168699293674,2.03950401826797,494.405488125576,5.25112833950248,,9.88480731507119,0.0032250696316257,0.0008012480924629,0.0196837345721144,13.2337581900828,0.0988932400520372,,0.192718741381578,0.448539557802445,0.306597647834374,2.00090903100387,468.457326361295,5.057222893037,,9.50693301779671,0.46118670267248,0.309739750752973,2.07809900553207,520.353649889858,5.44503378596796,,10.2626816123457,0.25262091632684,0.265687413128002,0.551139690617535,45.3285621433706,0.933554457319526,,2.00622074425076,0.767866805525718,0.327826700456991,2.20784805944884,18638.364207733,12.457847158582,,221.872866736786,0.313265291919637,0.280797488121849,0.52370878264836,210.719628238797,1.41322290358149,,2.65447685214511,0.323021936745101,0.315122093785278,0.500760253959569,184.616904776041,1.26553303273626,,2.14336168201888,0.518127499567843,0.253483053724726,0.666566183657816,495.772913085621,3.78142476478537,,12.0003481817232,0.593014144220682,0.213717599030584,1.60195744253837,673.643536148752,4.53888448999853,,13.7276631597206,0.481427243637049,0.348265985640201,3.0396820242069,491.351066430642,4.76344041736019,,10.8575468217644,0.482582312341753,0.349400289204106,4.05820592314811,500.230851386381,4.74954566092527,,10.5811073092963,0.437766056805996,0.433485933304162,4.03848162134996,793.868029868136,4.94712553144899,,23.588156225284
291120241960705,White noodles,biological white wheat semolina,France,Cereals and Cereal Products,"Pasta, rice and other miscellaneous cereals",Pasta,EUwest,0.151220333333333,0.100256666666667,0.480713666666667,62.7145133333333,0.369506333333333,0.711720976915356,2.53565733333333,0.000751976637215,0.0002138492618611,0.003410153996042,12.1482558838668,0.0106792393525377,0.0029145245393298,0.213842359502896,0.149745891141996,0.0998373605889643,0.474027189079618,38.8947559899743,0.348566957967778,0.706006307421911,2.11636478946662,0.152694775524671,0.100675972744369,0.487400144253715,86.5342706766924,0.390445708698888,0.717435646408802,2.95494987720005,0.137,0.096,0.267,0.508,0.225,0.529,0.219,0.118,0.099,0.351,10479.972,0.227,1.323,127.181,0.099,0.097,0.397,23.436,0.162,0.802,5.792,0.147,0.081,0.362,0.508,0.241,0.445,0.219,0.147,0.104,0.384,0.508,0.528,0.736,0.219,0.153,0.112,0.359,0.508,0.551,0.582,0.219,0.205,0.1,0.374,0.508,0.336,0.785,0.219,0.274,0.086,0.415,0.508,0.984,0.469,0.219,0.155,0.123,0.935,0.748,0.22,0.959,0.4
291120241901557,"Fricitus max, pizza taste (lot of 2)","corn semolina, potato powder, sunflower oil (20%), flavoring base pizza (sugar, cheese powder (ait , lactose), onion and garlic powder, breadcrumbs (of ble), tasteful exhausor (glutamate (glutamatemonosodic), potassium chloride, acidity corrector (citric acid), small milk powder, aromas), salt, emulsifier (mono and diglycerides of fatty acids)",France,Cereals and Cereal Products,"Pasta, rice and other miscellaneous cereals",Pizza,EUwest,0.337427989831216,0.12098964438579,1.33975107004088,77.5561527573953,2.32188203929738,0.787230162580446,5.979767135127,0.0023820345510721,0.0003468171199593,0.018389561677627,7.22330543949238,0.0511329897896037,0.0025665164228033,0.130536915617165,0.332757402914671,0.120309620873038,1.30369363916362,63.3930181946659,2.22162275758054,0.782197851852607,5.72381618347798,0.342098576747762,0.121669667898542,1.37580850091814,91.7192873201246,2.42214132101422,0.792262473308286,6.23571808677601,0.177247485375693,0.0964274529167566,0.626181655832584,62.7400175655959,0.354149536058329,0.671993965772277,20.4163385507849,0.530139472566243,0.153777912288806,0.829412827558441,10397.4024942815,2.66143985602397,1.82319647017951,119.93374196742,0.204836459970196,0.0926220771106182,0.827390901582148,49.4126401485479,0.344160424567216,0.823257654066276,11.3162579823808,0.299317370855491,0.109384172674429,0.529596824974727,9.21597787248536,1.05894265438948,0.702172325651114,1.153226543935,0.305654623273751,0.110492813803227,0.609181890995183,49.4368541857622,1.08428788361854,1.00405539175415,6.00566344742507,0.23734903950619,0.21578170503285,0.497228711254942,65.9808011723999,3.45309002840118,1.33835263371875,5.86680348016709,0.278005967225286,0.115854909367038,1.41799209502102,105.960957030037,0.441397453190461,0.790586875240451,10.2827298577264,0.483917370855491,0.124784172674429,3.72159682497473,9.68077787248536,6.01654265438948,0.638172325651114,0.828226543935001,0.47694903950619,0.12938170503285,3.86002871125494,69.6880011723999,5.82869002840118,0.662952633718747,5.92820348016709
291120242208218,Spaghetti 100% Pasta corn from Oro,corn flour,Belgium,Cereals and Cereal Products,"Pasta, rice and other miscellaneous cereals",Pasta,EUwest,0.197171333333333,0.097884,0.541102333333333,192.189650666667,0.547166333333333,0.801353,13.3039453333333,0.001109853506804,0.0002470579655139,0.0055348386597044,17.9440557668795,0.0105829430061758,0.0055772248125033,0.449719543949294,0.194995182166329,0.0973995797799665,0.530249868990375,157.005747873641,0.526415771541127,0.79041742678248,12.4221553453842,0.199347484500338,0.0983684202200335,0.551954797676292,227.373553459692,0.567916895125539,0.81228857321752,14.1857353212825,0.066,0.087,0.078,111.632,0.218,0.478,38.66,0.253,0.074,0.214,11020.811,4.14,0.77,147.356,0.077,0.089,0.287,108.385,0.253,0.8,37.535,0.129,0.079,0.501,91.279,0.211,0.815,22.183,0.117,0.096,0.673,84.523,1.781,0.434,17.592,0.275,0.089,0.474,0.0,0.448,0.957,0.0,0.181,0.113,0.691,79.44,0.297,0.681,11.563,0.185,0.116,0.681,206.933,0.264,0.652,19.621,0.193,0.12,1.842,0.0,1.613,1.102,0.0
291120241852979,Tagliatelle with bears garlic,"ble hard semolina, bears garlic (3%)",France,Cereals and Cereal Products,"Pasta, rice and other miscellaneous cereals",Pasta,EUwest,0.15733643,0.10098219,0.490799236666667,43.95732219,0.428442203333333,,1.95138553666667,0.0010901695003216,0.0002024819907441,0.0033320048997848,9.63257762754606,0.0210380013949124,,0.167906561229538,0.155198874353409,0.100585172359605,0.484265990335795,25.070194369131,0.38719183019281,,1.62216185360638,0.159473985646591,0.101379207640395,0.497332482997538,62.844450010869,0.469692576473857,,2.28060921972696,0.13631,0.09426,0.26508,0.49276,0.22278,,0.21243,0.12169,0.10044,0.37014,10165.57284,0.22979,,123.36557,0.14012,0.09753,0.28866,0.49276,0.22785,,0.21243,0.14982,0.08298,0.38081,0.49276,0.24337,,0.21243,0.16347,0.09038,0.39118,0.49276,0.26643,,0.21243,0.15564,0.11305,0.3779,0.49276,0.54407,,0.21243,0.20608,0.10141,0.39245,0.49276,0.33552,,0.21243,0.27301,0.08783,0.43222,0.49276,0.96408,,0.21243,0.15758,0.12372,0.93662,0.72556,0.223,,0.388
291120242537113,Carob Flour,carob flour,Netherlands,Cereals and Cereal Products,"Pasta, rice and other miscellaneous cereals",Other cereals,EUwest,0.199715,0.115810333333333,0.624676666666667,334.829911333333,0.836599333333333,0.851651754989677,8.21575133333333,0.0025828742181849,0.000560418820311,0.0113065539639346,33.1356104025985,0.0403252083933371,0.0074460431842854,0.528607327119873,0.194650615637856,0.114711489150426,0.60250728084,269.859086981323,0.757531466478035,0.837051886209056,7.17928170491214,0.204779384362144,0.116909177516241,0.646846052493333,399.800735685343,0.915667200188632,0.866251623770297,9.25222096175453,0.151,0.095,0.102,0.831,0.206,0.454,0.251,0.443,0.144,0.647,22923.389,1.29,1.809,361.202,0.147,0.081,0.362,0.508,0.241,0.445,0.219,0.099,0.097,0.397,23.436,0.162,0.802,5.792,0.165,0.098,0.4,0.273,0.239,1.015,0.219,0.136,0.123,0.488,26.393,0.206,0.599,10.996,0.35,0.179,0.329,0.426,0.762,0.671,0.219,0.975,0.109,0.058,8.639,19.823,0.471,0.22,0.234,0.127,3.153,0.18,2.048,1.007,0.219
291120242238508,Apricot wort,"wheat flour, sugar, apricot (10%) , vegetable oils (rapeseed, sunflowers, olives), rapeseed oil, wheat germs, eggs from free -range, almonds, barley malt, moisture, moisture (sorbit), gelling agent (pectin), citric acid (citric acid, sodium citrate), lean milk powder, preservatives (potassium sorbate), salt, natural aroma",France,Cereals and Cereal Products,Breakfast cereals,High fibre breakfast cereals,EUwest,0.22517932054603,0.135375060860638,0.643662856333687,1767.25015342387,2.99994405904124,1.15015539488666,38.2545933269968,0.000850459120336,0.0005272450470038,0.0035796991279968,17.955451902532,0.0264661423034544,0.0036669593300944,0.324006504279412,0.223511778302064,0.134341262330201,0.636643942227313,1732.04390559725,2.94805042974089,1.14296538487487,37.6192958502738,0.226846862789996,0.136408859391076,0.650681770440062,1802.4564012505,3.05183768834158,1.15734540489845,38.8898908037198,0.182279013827373,0.113629284701569,0.365392506455862,236.777111788463,2.49503116909783,0.875612071359769,7.28018712367763,0.316563846420598,0.211469551513706,0.722308867611218,7186.91119028164,4.95262963943857,,92.9940620777538,0.178479920815251,0.176368753616792,0.502213958127631,235.401957085448,2.81656403195323,0.993930553434503,7.22311133092082,0.176828499451591,0.115435001377827,0.462636955333095,553.385424879497,3.37091377389685,0.931014686653602,10.9515911108449,0.208233313745698,0.132520370424326,0.562981442172911,965.802305439799,1.08876255521615,0.952588350797766,45.5578817535263,0.19421067781495,0.108146172364118,0.542877395825674,2305.30995110284,4.28985423942489,,35.121550824152,0.261533873238303,0.143839921765295,0.703825458411383,2409.68118543621,3.11922136364585,,55.1760855977295,0.248663682260714,0.156270397680538,1.01979090652577,2586.31572214321,2.42676110775009,,49.4551446436967,0.210251819339748,0.178171005555121,0.549067686882776,3052.79617662141,5.84507322107405,1.16987188275788,47.1242537798189
291120241900336,Semolina,semolina white garlic (100%),France,Cereals and Cereal Products,"Pasta, rice and other miscellaneous cereals",Pasta,EUwest,0.221823,0.130541,0.870314,0.0,0.294481,,0.0,0.0008303435315941,0.0007126570468012,0.0051389765026214,0.0,0.0011049453294441,,0.0,0.220194899503659,0.129143653904715,0.860237724487214,0.0,0.292314472567861,,0.0,0.223451100496341,0.131938346095285,0.880390275512786,0.0,0.296647527432139,,0.0,0.114,0.038,0.203,0.0,0.151,,0.0,0.241,0.147,0.989,0.0,0.32,,0.0,0.114,0.038,0.203,0.0,0.151,,0.0,0.114,0.038,0.203,0.0,0.151,,0.0,0.241,0.147,0.989,0.0,0.32,,0.0,0.241,0.147,0.989,0.0,0.32,,0.0,0.241,0.147,0.989,0.0,0.32,,0.0,0.241,0.147,0.989,0.0,0.32,,0.0,0.241,0.147,0.989,0.0,0.32,,0.0
291120242237068,Rice: Originario milk rice,riz grain around,Germany,Cereals and Cereal Products,"Pasta, rice and other miscellaneous cereals",Rice,EUwest,0.0358030800014321,0.111626786526888,0.368154446053389,679.898849667196,0.295947703853212,0.56045427159642,44.6964112417879,0.000402296096883,0.001456675470947,0.0119262716744271,26.6048831325998,0.0055111034344335,0.0105480775092834,0.730292037898973,0.0350142757895732,0.108770602348872,0.344769945429468,627.733183548115,0.285141778479455,0.539772072512703,43.2644872439042,0.0365918842132911,0.114482970704903,0.391538946677309,732.064515786277,0.306753629226968,0.581136470680137,46.1283352396716,0.0135600000005424,0.0396404494417654,0.124041555969608,13.9621200005585,0.105692387342105,0.272089887664907,3.64680000014587,0.0189600000007584,0.0568988764096089,0.0640948277340262,9988.76868039955,0.0232491512696974,0.474606741615695,121.070880004843,0.0135600000005424,0.0396404494417654,0.124041555969608,13.9621200005585,0.105692387342105,0.272089887664907,3.64680000014587,0.0259200000010368,0.0304719101150986,0.100624865252584,227.912880009116,0.0563375337934646,0.230831460694906,78.9297600031572,0.0314400000012576,0.044764044947844,0.109590112555673,275.923560011037,0.0682398296653233,0.42660674161138,95.5566000038223,0.0338400000013536,0.119460674168041,0.111731067135515,199.487760007979,0.0733974912097955,0.278292134856476,69.0856800027634,0.0259200000010368,0.0709213483209817,0.0279662191991889,2308.87908009236,0.30493682023702,0.158022471924317,32.5424400013017,0.0376800000015072,0.251595505640593,1.85259475986971,0.721800000028872,0.625584671024894,1.6643595507114,0.0927600000037104,0.0376800000015072,0.251595505640593,1.85259475986971,0.721800000028872,0.625584671024894,1.6643595507114,0.0927600000037104
291120242011933,5 blinis,"water, flour (contains gluten), rapeseed and sunflower vegetable oils, eggs , lactose (contains ait), it skimmed powder,powers to lift sodium carbonates, diphosphates,salt, thickening modified starch of corn",France,Cereals and Cereal Products,Biscuits,Biscuits,EUwest,0.118267620189924,0.107277621926683,0.372154194479006,1426.59351767797,1.69931101596053,0.920601277682756,20.7855448115266,0.0004847194758746,0.0002315902146147,0.0009393398718482,9.76339029342198,0.0079179791904111,0.0017988981786451,0.113317959043381,0.11731720389928,0.106823530181501,0.370312378828737,1407.44989822666,1.68378579614557,0.917074078510268,20.5633560205708,0.119218036480568,0.107731713671864,0.373996010129274,1445.73713712927,1.71483623577548,0.924128476855243,21.0077336024824,0.0964875062647006,0.0997170035782457,0.310564863089342,167.012258777102,1.3039763095943,0.788718808693905,8.06925423517027,0.167249806199521,0.0777613285258332,0.374844721000365,4350.76009416183,0.723589542651481,0.989914827418326,59.8656871088965,0.128124666464935,0.108751223758768,0.302694253681827,166.929740410685,1.34352911372536,0.85499702538119,8.06677689050195,0.112724073493454,0.0994260369452672,0.326829994748277,766.335752135794,1.93794173055963,0.820266354709555,12.9100482448649,0.182071542141961,0.0777465147392927,0.374844803271587,1378.85203031799,1.10124332638105,0.775120425409407,26.0556578706308,0.107174898054392,0.109160217494149,0.327978808999873,1586.48897449258,1.70348434966866,0.898701551334238,20.6550787666858,0.106210682040844,0.121045287110972,0.369320186082674,1720.97880437887,1.95437211773075,0.94442061929658,24.0033425565805,0.129285339152477,0.0811113686083718,0.353516176937692,1918.49986596212,1.0122284223114,0.606093441631946,28.5489137738454,0.164339991936646,0.0766226873895108,0.412002082970889,2198.93930652663,0.706016064277293,0.866197733764019,33.7922272527063
291120242009039,Cookies cereals,"semolina de wheat complete (58.6%) , chocolate in powder (sugar, lean cocoa powder (3.6%), noisettes grilled (12%) , glucose syrup, malt extract, milk skimmed powder, rapeseed oil, salt salt, salt salt, salt",France,Cereals and Cereal Products,Biscuits,Biscuits,EUwest,0.243233374925998,0.119379344072437,0.625889646657621,147.604683205191,4.2330485638092,0.885497220808901,20.901429114419,0.0008345042759661,0.0009419484221801,0.0062079856776709,8.32675022006243,0.0455150992290793,0.004780067784783,0.491654899059971,0.241597116227998,0.117532413693231,0.613717305718578,131.27796341951,4.14380459089162,0.876124677473725,19.9374141558739,0.244869633623998,0.121226274451644,0.638061987596665,163.931402990872,4.32229253672677,0.894869764144076,21.8654440729642,0.149245409348044,0.0779273871555756,0.367599366838684,20.9004022902843,5.09713934856785,0.731060679643051,3.8209079496521,0.211470427469588,0.123604392108378,0.752899553967238,6593.53369404973,2.55248787086358,1.51620882171083,107.008712535943,0.192721216453666,0.0858701170921332,0.438730511830103,4.52845106085259,4.83616805769599,0.762102783544834,0.532747789991547,0.18231464646068,0.0779863970963255,0.571388371900565,18.2566967184577,4.65146563769777,0.746921503580952,3.86940798940947,0.251391486939656,0.0857901569537641,0.448869590919984,4.46142920094995,5.25966163521132,0.79965729787399,0.530698928350906,0.270977362981739,0.104808653959932,0.471942295780712,27.0273075772129,1.95269350591236,0.833935989716457,22.2459732574175,0.244280027969525,0.220506843015278,0.61587876188044,7.51706096274117,6.0893508115638,1.00541807691152,0.589806297418367,0.204522992153539,0.0892290642306637,1.50925721228177,420.428531101303,3.25466366568538,1.10076228678665,107.742702934714,0.244329873972992,0.100470279962915,1.06154132406724,1054.64453128675,3.06128781636086,1.33920714701173,76.1785424106554
291120242208416,MyPenne,"water, konjac flour (3.6%), firming agent e526",France,Cereals and Cereal Products,Bread,"White bread (not high fibre, not multiseed bread)",EUwest,0.005592312,0.003602448,0.01724622,1.631405772,0.015573072,0.0254354337349398,0.072422556,4.04934995036571e-05,7.47215025557e-06,0.0001235985472305,0.357497726383153,0.0007808270934662,0.000106906673655,0.0062315837157354,0.0055129141554549,0.0035877969416404,0.0170038734910717,0.930440203390427,0.0140420611231065,0.0252258159059121,0.0602039450822985,0.005671709844545,0.0036170990583595,0.0174885665089283,2.33237134060957,0.0171040828768935,0.0256450515639674,0.0846411669177015,0.004932,0.003456,0.009612,0.018288,0.0081,0.019044,0.007884,0.004248,0.003564,0.012636,377.278992,0.008172,0.047628,4.578516,0.003564,0.003492,0.014292,0.843696,0.005832,0.028872,0.208512,0.005292,0.002916,0.013032,0.018288,0.008676,0.01602,0.007884,0.005292,0.003744,0.013824,0.018288,0.019008,0.026496,0.007884,0.005508,0.004032,0.012924,0.018288,0.019836,0.020952,0.007884,0.00738,0.0036,0.013464,0.018288,0.012096,0.02826,0.007884,0.009864,0.003096,0.01494,0.018288,0.035424,0.016884,0.007884,0.00558,0.004428,0.03366,0.026928,0.00792,0.034524,0.0144
291120242316457,Alicante Turron Cake,"grilled almonds (65%), sugar, honey (12%), azyme bread (potato starch and sunflower oil) and egg white,contains almonds and eggs",France,Cereals and Cereal Products,"Buns, cakes, pastries and fruit pies",Buns cakes and pastries,EUwest,0.697596806325308,0.201278948981073,1.77874330109255,29994.754807749,17.5392616753978,4.51488561030104,474.995739192458,0.0050508506905734,0.0053878620217236,0.0180470908619791,325.885339515316,0.243076076722855,0.0504854564698658,4.30141662910167,0.687693323967254,0.190714669862834,1.74335737168874,29355.7733948433,17.0626489649919,4.41589598298524,466.561713656829,0.707500288683361,0.211843228099312,1.81412923049635,30633.7362206546,18.0158743858037,4.61387523761683,483.429764728087,0.507267878692228,0.125734771093053,0.718171477228637,3450.25210375652,5.38447811804663,1.71223293957534,75.8754776641701,0.780125975626887,-0.0535060038585643,2.53106536116958,56186.8455554228,47.4559778654353,3.03966735270555,802.079487788468,0.53028347994899,0.128611721250148,0.698783334865605,3456.67683379647,4.03456307042181,1.68196242053113,84.2898063649368,0.530580892176614,0.129920335051698,0.707408289466729,3521.91997572322,4.07620078228931,1.71681913360877,85.0705134624524,0.342038821366128,-0.0289688302628054,1.73138098189694,8997.99801416031,20.2431753210369,2.22641148226076,127.069146947098,0.510408450656635,-0.176641903929781,1.14226810884617,27768.6325339613,4.19747757211595,2.71792331308707,482.682698523849,1.08948926206479,0.577106372252898,3.03928984046645,44901.5105534408,20.702091932948,8.37769922178614,607.408992438327,1.08183461031546,0.591234833561107,3.19828313110173,45081.5548918301,21.1794242961669,8.57928694317456,612.353117484858,0.80366639563496,-0.074514128585914,0.888316298209834,56174.9895994891,45.0568427972767,2.87960778141085,800.297005879796
291120242275990,Bucaneve without added sugars,"wheat flour, sweeteners maltitol, maltitol syrup,palm oil, malt extract (barley), freshly pasteurized fresh milk (1.6%), yeasting agents sodium acid carbonate, ammonium acid carbonate, monopotaxic tartrate,eggs, wheat starch, salt, emulsifiers lecithins (soy),aromas, natural aromas,from",France,Cereals and Cereal Products,Biscuits,Biscuits,EUwest,0.146840456207833,0.105019625792333,0.466797698827833,76.1511941141968,1.00897105395233,0.711147576907216,2.898810537894,0.0008473288829935,0.0001929909596164,0.0030687195674765,9.35921160566186,0.0162912995601357,0.002655935053232,0.168115322554308,0.145179051593387,0.104641217741707,0.460780690612754,57.8000701748272,0.97702780168303,0.705939938124128,2.56917752495572,0.148501860822279,0.10539803384296,0.472814707042912,94.5023180535664,1.04091430622164,0.716355215690305,3.22844355083228,0.1318282445,0.093113566,0.2699368685,18.875980197,0.3921443455,0.5408773045,0.9073091965,0.115764524,0.1046340575,0.3583633025,9259.598469559,1.0946887635,1.2594213145,112.9275657255,0.0976401505,0.1003154605,0.3878901485,44.61671277,0.502697398,0.793085064,5.929224728,0.1132612035,0.099525168,0.4166216695,18.818271482,1.0537976905,0.721410267,0.9008887075,0.1403629585,0.10615587,0.371799388,25.114231482,0.765828809,0.727681203,1.0073187075,0.1401034025,0.111228419,0.390371117,34.005148178,1.396226822,0.751632846,1.2301682555,0.1931011805,0.107235273,0.376313632,25.245571482,1.201980092,0.7770945135,1.0257487075,0.253190422,0.09518091,0.4131302405,34.516750465,1.794824958,0.4999831965,1.2729269745,0.1472874145,0.1279889925,0.8694743455,34.651794505,1.126189034,0.9306527625,1.413707563
291120241986650,Fresh baratte butter pancakes,"froment flour, butter fresh baratte (24%), sugar, eggs whole, salt",France,Cereals and Cereal Products,"Buns, cakes, pastries and fruit pies",Buns cakes and pastries,EUwest,0.196399891413848,0.178142091611506,0.683636261615827,467.326089091689,2.22467748705207,1.32399744948985,23.6409327409167,0.000572204932742,0.0005821957357954,0.004277553431746,7.56993452437866,0.0212481724520621,0.0033449594180965,0.293429085476405,0.195277937548299,0.177000548225726,0.675249025971346,452.483299706977,2.1830150198933,1.3174388025183,23.0655901007593,0.197521845279398,0.179283634997286,0.692023497260308,482.1688784764,2.26633995421085,1.33055609646141,24.2162753810742,0.15448102488924,0.14705051694891,0.477237894046621,123.521754938235,2.97762477863104,1.04791181962655,5.04038703003572,0.180517079149794,0.168364537419451,0.901975051471699,5992.78401256558,1.62547263060031,1.96172786394684,115.379136705816,0.173855900703086,0.160403684700705,0.531749244822262,255.338634938235,3.00521513591746,1.28070334040449,9.73406703003572,0.186511305238478,0.160474907651283,0.569525414716759,249.968266450003,0.940531527372067,1.25646595050085,21.0074007248179,0.199152904386426,0.153002345558206,0.705274900690342,273.316666450003,1.04647764504745,1.15273652561547,21.2558007248179,0.184139624379551,0.24127907090206,0.616982141056017,255.338634938235,3.50789749325519,1.46563606617957,9.73406703003572,0.18150305358857,0.24684386120758,0.583161950690979,477.606993354523,3.60062082596338,1.32051291193118,14.4267776840301,0.201003888131716,0.202762942049906,0.78593104080193,755.131169510595,1.87749573211639,1.42424444388589,33.1404335899668,0.180999297041376,0.169369327724971,1.0508828090205,959.743249784868,1.8780527782749,1.61040138922614,58.0497969214419
291120242226953,Swedish pancakes with oats and chocolate flakes,"sugar, chocolate (23%) (sugar, cocoa paste, cocoa butter, emulsifier sunflower lecithins), oatmeal (22%) , margarine (vegetable fat (palm, palm, rapeseed) in variable proportion, water, salt,emulsifying mono and diglycerides of fatty acids, aroma, antioxidant citric acid), wheat flour, whole egg in powder, lifting powders sodium carbonates, diphosphates, ammonium carbonates, corn starch",France,Cereals and Cereal Products,"Buns, cakes, pastries and fruit pies",Buns cakes and pastries,EUwest,0.79821783418158,0.18630367728111,1.32419095548579,754.903444029736,19.3066011786095,1.52643860757085,36.0224788321088,0.00324577149237,0.0015184301181106,0.0100710596729908,8.55154342319905,0.227221406981995,0.0084272227277863,0.666606637584612,0.79185367046299,0.183326407350183,1.30444407166194,738.135959775283,18.8610755962322,1.50991488578121,34.7154263216472,0.804581997900169,0.189280947212037,1.34393783930964,771.670928284188,19.7521267609868,1.54296232936048,37.3295313425704,0.497222877325864,0.0968698348763989,0.38127250834102,164.502690170739,18.1466739040367,0.688104718588451,5.7708384135799,0.69556364468271,1.71166352633542,1.60551855058391,859.960044563403,380.535111084831,1.15623317991566,57.3141518372261,0.627356914971071,0.115543974528259,0.398756714954956,665.229630448103,24.2449290909185,0.811384730690614,9.0661342876081,0.818966892955819,0.120346376254808,0.823608258430372,303.953066003073,32.1031030482266,0.892396918477083,5.33333595899148,0.689558688313885,0.168213317333493,0.971870683018105,648.004928957634,10.3478058298441,1.28512719438663,36.0932186114022,0.838977216150981,0.159695439961577,1.23070797045744,665.947133632299,19.110931833923,1.42437396126332,9.3296903682338,1.0608189283623,0.26716470489404,1.0184590065454,670.742182436117,34.920833716316,2.4718718624543,10.9981508324867,0.644499119339623,0.144642395136904,2.33452681297681,1733.64371019853,12.0181896937587,2.28142421014638,108.833387444457,0.796604407426299,0.193747194045383,1.44825455259842,2219.74361846354,15.2334125863579,2.11392704540594,80.3939035777002
291120242300966,Gran Cereale Classico,"oatmeal (34%) , whole wheat flour (34%) , non-hydrogenated palm fat, sugar, glucose syrup, raising agents (ammonium bicarbonate, sodium bicarbonate), salt, flavourings",Switzerland,Cereals and Cereal Products,Breakfast cereals,High fibre breakfast cereals,EUwest,0.256388545563977,0.201833479611217,1.24789704066994,150.878254026682,7.28646461829271,0.948001639299436,4.72386741000203,0.0014164422863538,0.0007061507089557,0.010127408744077,12.3381587348094,0.0679334440933509,0.0038310419289538,0.230603583843985,0.253611248816661,0.200448890852471,1.22803967010523,126.686143658205,7.15326375643474,0.940489903459141,4.27171020635213,0.259165842311292,0.203218068369962,1.26775441123466,175.070364395159,7.41966548015069,0.955513375139731,5.17602461365194,0.217445933745969,0.0875950732920698,0.302946397821237,0.80231550259625,2.53227088690904,0.53876463289261,0.24169770986546,0.51912266154328,0.240536445819896,0.683718044466404,9308.33801817274,17.7762278960808,1.48262014464302,166.430637709865,0.285684425824867,0.161429529358738,0.525989303240056,0.372586574647179,5.0977193931493,0.6195357917867,0.24169770986546,0.221160158422044,0.162766940784007,0.877214224029034,0.376085926532935,4.36706792517561,0.66508810624409,0.242806330124599,0.247263491755377,0.211360274117341,0.847984224029035,0.675285926532935,4.35243459184228,1.42011143957742,0.242806330124599,0.222241928622582,0.221141214105782,1.25328001710982,9.68718926976305,5.34167271991664,0.876668655125812,3.97761770986546,0.290905994876614,0.276889779153229,1.2321480444664,1.14061817274223,13.0906745627475,0.85010347797635,0.24169770986546,0.193744914222985,0.220905908776078,0.684954247057802,1314.78576509697,5.30369652453828,,16.1678326181695,0.302188247556318,0.229779242109411,2.86895091372447,14.1969184303012,6.32360985787161,0.875642488695168,8.10912928483616
291120241996443,Verde ravioli,"water, mid-lived tomato puree, wheat hard semolina, carrots (9.7%), breadcrumbs (wheat flour, water), onions (2.9%) , eggplant (1.6%) , red peppers (1.6%) , olives green (1.6%) , broccoli (1%), spinach (1%), sunflower oil, salt, sugar, parsley, cassava starch, basil, starch transformed of corn, oregano, natural aromas",France,Cereals and Cereal Products,"Pasta, rice and other miscellaneous cereals",Pasta,EUwest,0.0580516211218101,0.0669523308619019,0.220596697182819,430.316787824018,0.646044841856729,0.362257296053262,6.18934670134348,0.0001751591393597,0.0004185243433275,0.0010497076705413,3.4586607861118,0.0033527339894202,0.0007338382121318,0.0464147239584652,0.0577081769076031,0.0661317070295055,0.218538477284195,423.535200290323,0.639470950853093,0.360818418875389,6.09833878445247,0.0583950653360171,0.0677729546942983,0.222654917081444,437.098375357714,0.652618732860365,0.363696173231136,6.28035461823449,0.0505316912785748,0.0478742585646896,0.137211219459151,36.886302849114,0.489711389282362,0.267733667447591,3.36046178326088,0.0475290149789797,0.0964416083664349,0.199095361954393,2358.33726211884,0.401504895363907,,29.6765405079437,0.0442931812787298,0.0539842744462141,0.162889499966188,196.604951395194,0.384033098261117,0.338731166935326,3.70538271639623,0.0484056294650036,0.04863687253222,0.204418460032876,256.725615427005,0.370036478399224,0.310476830326751,4.2822804967544,0.0437745981088248,0.0521666706802319,0.180081862241302,438.424852865949,0.53996090072233,0.358414869664874,6.37596260577283,0.0489346980623738,0.0540848440148408,0.176784335994057,525.145732538207,0.652159476625635,0.376083036598692,7.47864102284746,0.0520067761140513,0.0958688018720174,0.287673445054249,423.437296637817,0.418319428764852,0.414547954334364,5.87014976156429,0.0669423383281984,0.0557517134379337,0.417461129627608,502.721542403719,0.934622239237516,0.39075830785175,5.56606647051348,0.0554147350955722,0.0450827622848593,0.131839504361261,732.658274116991,0.528800561842867,,10.3593264571949
291120242518084,Lemon biscuits,"wheat flour , pipe folding sugar , sunflower oil, lemon oil (0.2%), baking agent sodium hydr carbonate, monocalium",France,Cereals and Cereal Products,Biscuits,Biscuits,EUwest,0.278406198339925,0.136268769873584,1.0403231108008,138.760400584008,2.66434219764721,0.924643573245415,15.1110546377593,0.0014202062868316,0.0006662465549318,0.0104508392021303,10.3337362728496,0.0367647783243921,0.0038765155662379,0.358534043041086,0.275621521308651,0.134962423397099,1.01983157224507,118.498472219753,2.59225546298825,0.917042674728931,14.4080571057503,0.281190875371198,0.137575116350069,1.06081464935654,159.022328948263,2.73642893230616,0.932244471761898,15.8140521697683,0.192372391827307,0.100419206751355,0.554069926694501,2.95945970784401,2.4733954014391,0.693388240348228,0.371006899848983,0.41708012127565,0.129203910775517,1.76540591457759,7903.17096911618,5.27305883741671,1.67895203741672,139.1318060393,0.20424228636404,0.10579232431376,0.610894710562316,29.8309909334992,0.205219702656125,0.83030173374789,18.0570725762459,0.260639543110953,0.108669195913654,0.479959549862308,14.1237927198365,0.478457849729057,0.584380514701963,14.2391985512659,0.194710216114418,0.104390454046371,0.905772196713155,20.0196636992449,2.47035546895265,0.906596721506618,4.51771270878565,0.24975728229546,0.1091305053922,1.06359171441769,29.6281182863996,0.275013722910189,0.854667939131207,18.1434083830505,0.463982565870125,0.117349414835214,1.30810940435285,15.883437069841,4.54137579372834,0.654819664777472,14.2568941836724,0.420027811992538,0.105845806733588,2.19573590334902,4.87752180698232,5.84033289842764,0.633452195753753,0.404197125486364,0.384917505196766,0.211062117438038,2.2684258018655,4.87752180698232,5.99077121101536,1.06859374966687,0.404197125486364
291120241734020,Crêpe lace the authentic,"wheat flour, sugar, pastry butter (milk)",France,Cereals and Cereal Products,"Buns, cakes, pastries and fruit pies",Buns cakes and pastries,EUwest,0.178794841090908,0.142199793146935,0.612347380254733,266.360428426852,1.96755785066357,0.986413578833362,21.5289763856507,0.0007234241962379,0.0008066786413854,0.0058353802282004,7.36732436913241,0.0309269657700456,0.0041476396100268,0.413274229763985,0.177376383250092,0.14061809370995,0.600905627432703,251.914907981765,1.90691763802307,0.978281072405855,20.7186467413504,0.180213298931723,0.143781492583921,0.623789133076762,280.805948871939,2.02819806330407,0.994546085260869,22.3393060299509,0.136695770238321,0.090092052098322,0.383401028378747,13.553709714587,2.91958658994512,0.625153596689105,0.830580446962442,0.164908215394857,0.126902476624399,0.98109869279439,6527.87509713986,1.14816845975699,1.77813213635826,135.810471246882,0.154004587124865,0.116237196703667,0.426992984294701,100.019727850735,3.11312135646539,0.905386952267736,3.9523492068569,0.193486562735928,0.104785586120945,0.375154685260818,121.79067978327,0.228318423483726,0.632705115986232,21.1276127546379,0.128715130772004,0.10953122039888,0.509804692349791,222.859518191632,2.9089681603364,0.890291037803082,6.17812176200202,0.202902589859084,0.125058019660948,0.381043906527736,235.951511420209,0.386710993184542,0.718889125271921,23.3244195345851,0.1448907063474,0.229506350156672,0.569070538205334,237.016572311412,3.65885599423486,1.18062801874068,9.61917900759601,0.142805351166613,0.121762451537715,1.39346949515589,467.023287027144,0.697095876033408,1.27862773519133,94.8505342941739,0.185622046856945,0.119705264734597,0.999654451134368,997.645358134089,1.19045211799185,1.34801294888252,67.9993597867409
291120241950394,Fine Chinese noodles,"wheat flour, salt",France,Cereals and Cereal Products,"Pasta, rice and other miscellaneous cereals",Pasta,EUwest,0.15301187,0.09856698,0.471875741666667,44.637074595,0.426096553333333,0.695941728580991,1.98156160166667,0.0011079471391972,0.0002044463333815,0.0033817935839458,9.78153501353904,0.0213642968628951,0.0029250853763951,0.170503054444428,0.150839456753421,0.0981661107643301,0.46524487190849,25.4578777872103,0.38420639461833,0.690206351870094,1.647246830724,0.155184283246579,0.0989678492356699,0.478506611424843,63.8162714027897,0.467986712048336,0.701677105291887,2.31587637260933,0.134945,0.09456,0.262995,0.50038,0.221625,0.521065,0.215715,0.11623,0.097515,0.345735,10322.77242,0.223595,1.303155,125.273285,0.097515,0.095545,0.391045,23.08446,0.15957,0.78997,5.70512,0.144795,0.079785,0.35657,0.50038,0.237385,0.438325,0.215715,0.144795,0.10244,0.37824,0.50038,0.52008,0.72496,0.215715,0.150705,0.11032,0.353615,0.50038,0.542735,0.57327,0.215715,0.201925,0.0985,0.36839,0.50038,0.33096,0.773225,0.215715,0.26989,0.08471,0.408775,0.50038,0.96924,0.461965,0.215715,0.152675,0.121155,0.920975,0.73678,0.2167,0.944615,0.394
291120241852546,Riz basmati micro-ondable,"cooked basmati rice (98%), sunflower oil, salt",France,Cereals and Cereal Products,"Pasta, rice and other miscellaneous cereals",Rice,EUwest,0.336034278333333,0.446414963333333,3.54977009166667,4228.016038925,4.31801126833333,2.4023850837404,346.115403285,0.0035460500266985,0.0057226127375679,0.0984850632070618,199.158596665343,0.0754480102124996,0.0426939061107582,5.98968863333593,0.329081341881316,0.435194319968395,3.35666498012115,3837.51476114796,4.17007618098572,2.31867278023608,334.371089436803,0.342987214785351,0.457635606698272,3.74287520321218,4618.51731670204,4.46594635568095,2.48609738724473,357.859717133197,0.120385,0.147405,0.949935,114.03394,1.31847,1.013015,29.786505,0.1954,0.212285,0.611365,81575.291335,0.914095,1.745485,988.753065,0.107645,0.414945,0.379575,447.69454,2.89431,1.122775,69.347145,0.110945,0.41532,0.417045,447.69454,2.89881,1.12576,69.347145,0.224715,0.11608,0.763015,1861.29848,0.7405,0.86288,644.597345,0.289305,0.43786,0.897245,1629.16,0.92411,1.03854,564.204025,0.34828,0.919845,13.710045,6.241815,8.353275,6.069245,0.765085,0.805855,1.41556,16.891855,4097.21258,13.45306,8.73326,634.629765,0.221565,0.26389,0.241735,18861.123885,3.90747,0.589145,266.850205
291120242084211,Choco Cookie,"beet sugar , cocoa butter (24%) , hazelnutmark , buckwheat flour hazelnutkant (8%) (raw pipe sugar , hazelnuts (25%) , mais-glucosesi-rup , caramel syrup), sea salt , bourbon vanilla extract , from organic cultivation",Germany,Cereals and Cereal Products,Biscuits,Biscuits,EUwest,1.56962750068432,0.256945566031334,2.14846271641851,1298.06406575338,45.6682618669213,2.60777789716469,41.7033643586699,0.0074987826604181,0.0044282190645409,0.0114592039621298,29.784642451655,1.00888552762514,0.0126362960748399,0.724270119554479,1.55492422269535,0.248262911945929,2.1259940212959,1239.66366963567,43.6900842021611,2.58300121242089,40.283247869212,1.5843307786733,0.265628220116739,2.17093141154111,1356.46446187109,47.6464395316816,2.63255458190849,43.1234808481278,0.823490404038911,0.119056095043013,0.400168526114211,110.031433107393,29.7405174761106,1.16312502377127,20.6617474458573,2.94455838,6.3416018,6.13620736,6267.404806,1451.74651804,,89.27826032,1.41662477212226,0.342918279026133,0.829665824274785,8.3204665273928,48.4607532304241,2.40101941158074,4.33581238585728,1.53022524565036,0.233411529504952,1.57913242773259,9.79855770838778,47.8988169182962,2.157009025807,4.79706062107313,1.22782524565036,0.224951529504952,2.33207242773259,792.749777708388,29.4732969182962,2.679009025807,35.7088206210731,1.73949212,0.18759334,2.13759322,999.247405,35.51528056,2.64286694,193.96622844,2.10139211829843,0.466970485180979,1.47967380888787,10.6081426808069,70.750578189122,4.67089645068355,4.10364726309026,2.80180622,0.39785288,2.06594568,794.05948048,103.3499572,4.47817196,38.10582768,1.92682622,0.05669288,3.50060568,4510.78084048,43.1948572,2.88499196,148.90680768
291120242364258,Hazelnut Knuspino,"do crispy waffles with hazelnut cream filling (74%), sugar, wheat flour, vegetable fats (coconut, palm), hazelnuts (7%), lean cocoa powder, glucose syrup, emulsifier lecithine (soy), natural flavors, baking agent sodium hydrogen carbonate salt",France,Cereals and Cereal Products,"Buns, cakes, pastries and fruit pies",Buns cakes and pastries,EUwest,1.3425863413921,0.306483689931869,3.15115636432978,5037.75162075031,54.3275024546466,3.06783877473625,148.565397351271,0.0110988458556974,0.0051573138574227,0.0288019064708161,125.660577884048,0.543353790040286,0.0209626024033004,2.27450213964806,1.3208242203435,0.296371459353116,3.09468287301387,4791.36197424975,53.2621186206148,3.02673624056959,144.105655182413,1.3643484624407,0.316595920510622,3.20762985564568,5284.14126725087,55.3928862886785,3.1089413089029,153.02513952013,0.410603971001621,0.0128440889601255,0.797034785254759,461.375701918641,7.26700815983794,1.8468310868238,93.5314235294107,0.86284,0.34337,0.98152,28933.04871,36.47005,1.99567,387.24062,2.0845424594021,0.220800777062706,0.741713614488858,118.654099051183,107.411935821596,1.15247987774196,8.88463970587805,2.4661674594021,0.324620777062706,0.647588614488858,11.1549240511828,125.801970821596,1.15984487774196,2.21724470587805,1.11837,0.280895,4.01123,3537.985015,42.416295,3.49982,146.02762,1.0962124594021,0.295800777062706,4.05668361448886,3636.39774405118,44.8102108215957,3.56188487774196,142.831174705878,1.1191274594021,0.293640777062706,4.13955361448886,3672.00425905118,42.8653058215957,,153.296454705878,0.591207459402099,-0.293139222937294,1.06061361448886,15250.9681440512,6.46791082159567,,261.408294705878,0.86763,0.34209,0.805825,27923.8679,36.1312,1.72128,364.77784
291120242254466,Chocolate tart,"wheat flour, sugar, vegetable margarine (palm oil, rapeseed oil, water, emulsifier e471), inverted sugar syrup, vegetable oils (sunflower, palm), whole egg (ground farming), chocolate (8%) (cocoa paste, sugar, cocoa butter, emulsifier soy lecithin, natural vanilla flavor), hazelnuts (3.5%), wheat protein, cocoa powder, skimmed milk powder, iodized kitchen salt, aromas, lifting powder e503, emulsifier soy lecithin, barley malt",Switzerland,Cereals and Cereal Products,"Buns, cakes, pastries and fruit pies",Buns cakes and pastries,EUwest,0.644116180944165,0.264666308457883,1.40530513751832,526.375917128587,22.9752358843232,1.71849565908446,18.0047412219885,0.0025791545803302,0.0012202135702651,0.0100423453808618,11.6342891742655,0.113975815373336,0.0062268705012634,0.257005965688688,0.63905908988173,0.262273768209419,1.3856145553955,503.563922744973,22.7517571980691,1.70628628962711,17.5008154076969,0.6491732720066,0.267058848706347,1.42499571964114,549.187911512201,23.1987145705772,1.73070502854182,18.5086670362801,0.447888692794018,0.173908106220583,0.578118608151504,111.490028892607,18.469872330193,1.05285261618308,4.48440234230949,0.760037978841478,0.319270008203776,1.25634652980102,7409.13798144261,19.8376264264232,2.11110709279816,121.194887418433,0.548810718939474,0.216655209735787,0.914008817310291,111.438860350171,11.46206218359,1.58892155059987,4.67369746938149,0.592008316355511,0.181568201832977,1.06230958127928,262.895388250498,23.717209365207,1.25086277345479,12.1238819375733,0.473351896988471,0.315539028320834,1.17592455577504,273.913435034133,21.9773280654482,1.94553245495538,30.2294210594465,0.722189546855606,0.279409548082424,1.27933072957925,287.017092484425,33.2705158643499,1.51253790704105,30.0800901938009,0.520100329858043,0.318090955725351,0.975054921202349,1309.57444399896,20.3116762444222,1.58076344827334,19.792298565639,0.604467537250138,0.361583867164212,1.2848127489538,1332.34366163384,27.351356886134,1.98791837346273,25.60925403424,0.823824910760332,0.325457061102346,0.903021341395968,1798.62742754891,28.9797124517517,1.90147947431872,30.4409515950442
291120242120525,Damped organic whole grain basmati,"damped organic whole grain basmati rice (97.4%), sunflower oil , salt, from controlled ecological cultivation",Switzerland,Cereals and Cereal Products,"Pasta, rice and other miscellaneous cereals",Rice,EUwest,0.34701992172849,0.40010712400619,2.98869358315621,8796.04391524037,7.02632456522818,1.99357669851228,316.518272033042,0.0032455876697789,0.0052124291474683,0.0920670257125401,219.297998383774,0.115873296579311,0.0406957178539081,5.02686132165648,0.340656118441024,0.38988682582931,2.80817267276693,8366.05419841831,6.79912538260644,1.91378235326135,306.661826957697,0.353383725015957,0.410327422183069,3.16921449354548,9226.03363206244,7.25352374784992,2.07337104376321,326.374717108387,0.123769360388463,0.148936713535981,0.932827088658832,114.770783891363,1.49326564602506,1.01253287137613,29.630579897912,0.193006642291929,0.212428511675245,0.822795429977661,81075.8930594853,0.857948176463044,1.74327689360396,982.704263959165,0.60523021409731,0.363927806755366,0.380408348334466,0.013464034464407,10.0265462381354,0.993071059625133,0.0058195450169952,0.42189664229193,0.353658511675245,1.33609342997766,56.4068834852947,1.34397417646304,1.67801889360396,151.452729959165,0.397168676686413,0.169612369692143,0.832704378743323,2239.69846726822,18.2668731684956,1.58152370647761,775.607132870941,0.36066544155385,0.916183717844032,13.6769127682781,6.32784376738079,8.52654047064581,6.03949020410605,0.763101411649995,0.226423233827328,0.263867320928426,0.304384041200349,18740.4066514098,3.87030090396038,0.61604289903467,264.141957545017,0.352364676686413,0.264090369692143,0.238564378743323,18740.5207712682,21.1723151684956,0.611419706477615,264.142200870941,0.24949864229193,0.263076511675245,0.559815429977661,18740.7891394853,4.31564817646304,0.599800893603962,264.148425959165
291120242104344,Shortbread,"wheat flour (wheat flour, calcium carbonate, iron, niacin, thiamin), butter (33%) (milk), sugar, cornflour, salt",France,Cereals and Cereal Products,Biscuits,Biscuits,EUwest,0.17985432,0.159996849,0.630382440888889,392.146466418,1.76479513088889,1.08546469632473,24.094043614,0.0004888742768966,0.0007003014184708,0.0050864772927052,6.15762433788933,0.025615380755409,0.003692737583599,0.350878900958248,0.178895757161152,0.158623729268686,0.6204091034812,380.072871743815,1.71456963681925,1.07822414146526,23.4060559425492,0.180812882838848,0.161369968731314,0.640355778296578,404.220061092185,1.81502062495852,1.0927052511842,24.7820312854508,0.130527666666667,0.117805,0.423539,39.88895,2.65401933333333,0.75706,2.535982,0.176599333333333,0.149394,0.933861999999999,4496.60076233333,1.08015333333333,1.709125,105.269348666667,0.157137666666667,0.136931666666667,0.453511,214.604064,2.59961533333333,0.964038666666667,8.918412,0.191075,0.132638666666667,0.396039333333333,229.539665,0.371270666666667,0.809398666666667,22.1808663333333,0.198139,0.141197333333333,0.476522,217.856205,0.300312666666667,0.995023333333333,22.7303243333333,0.154187666666667,0.136215,0.691247,390.870434,2.65749,0.976755333333333,11.0839733333333,0.156033333333333,0.236421666666667,0.578276,399.287648,3.28481933333333,1.200051,13.1298873333333,0.189964,0.164006666666667,0.748723666666666,741.722864333333,1.099862,1.20556933333333,36.7246096666666,0.185559333333333,0.140548666666667,0.999129999999999,995.437340333332,1.16695466666667,1.39827833333333,63.9773813333332
291120241930879,Chocolate flan flan,"chocolate in powder (64%) (sugar, cocoa powder), sugar, blue starch, gelicifying carraghenian, thickening xanthan gum",France,Cereals and Cereal Products,Puddings,Cereal based milk puddings,EUwest,1.7526771712139,0.242137087819817,2.14593645855286,247.91722582992,48.3598298420251,2.3561975967539,43.0745169273478,0.0086277381461541,0.0030035410265909,0.0181749047273946,10.0180220842256,0.621856310221263,0.0184491208241948,1.02966273287303,1.73576028775112,0.236247878775477,2.11029991743257,228.274335740358,47.1405217739774,2.3200233849632,41.0556002468795,1.76959405467668,0.248026296864157,2.18157299967314,267.560115919482,49.5791379100728,2.3923718085446,45.0934336078161,1.00046707205188,0.0830808467240172,0.347013128152282,6.93100139652373,44.4139511148142,0.68136477836169,0.783882941143039,1.54355,4.44847,3.58076,321.26445,1052.11246,1.28907,77.05673,1.52842353616301,0.118636398701511,0.38696579236638,6.93100139652373,66.3610841738988,0.730183802107657,0.783882941143039,1.48466564286868,0.10489647373262,1.06463697743009,43.9964113965237,52.576927755864,0.628042825853623,45.459232941143,1.44097870086715,0.164964866006602,1.80314566364345,42.9093396378504,27.2546562910616,1.90903608774267,45.2972505880975,1.8227,0.19283,2.41664,8.0575,45.80438,2.41369,1.52841,1.77427,0.28064,3.81305,91.27257,39.73155,3.1407,50.96792,2.70076351773125,0.318381446907973,1.76523803851717,346.023946907743,94.6741096921626,,102.09979176412,3.53956,0.39542,1.44856,44.65561,125.75664,4.30946,48.49326
291120242237078,Vollkorn-Haterflöckli,complete oatmeal,Germany,Cereals and Cereal Products,Breakfast cereals,High fibre breakfast cereals,EUwest,0.355989666666667,0.146045666666667,1.47348333333333,121.805001666667,0.607456666666667,0.732111,3.57885533333333,0.0026348156891224,0.0008201142539531,0.0177618319725554,13.2517512975087,0.0444755536858841,0.0043340540184003,0.380280376206644,0.350823437789094,0.144437623280872,1.43865672681431,95.8215598212906,0.520250988202468,0.723612980529698,2.83321856289676,0.361155895544239,0.147653710052461,1.50830993985235,147.788443512043,0.694662345130866,0.740609019470302,4.32449210376991,0.333,0.141,0.34,0.0,0.208,0.501,0.0,0.958,0.181,0.585,4450.901,15.123,1.682,127.808,0.333,0.141,0.34,0.0,0.208,0.501,0.0,0.333,0.141,0.34,0.0,0.208,0.501,0.0,0.282,0.203,0.524,0.0,0.12,0.933,0.0,0.545,0.187,0.799,0.0,0.341,0.512,0.0,0.265,0.109,2.538,0.327,0.115,0.845,0.19,0.265,0.109,2.538,0.327,0.115,0.845,0.19,0.265,0.109,2.538,0.327,0.115,0.845,0.19
291120242060740,Cakes,"whole grain harbor flakes (29%), wheat flour, butter, sugar, herbal oils (corrupted), honey (5%), baking agent (dinatrium diphosphate, sodium hydrogen carbonate), salt",Germany,Cereals and Cereal Products,Biscuits,Biscuits,EUwest,0.159370988997033,0.124857740921895,0.607285171125171,387.607774022105,1.54806145421109,0.906938534598113,13.6989192821682,0.0013584475593892,0.0005187578066202,0.006734645614163,18.0282427189255,0.0175749844989693,0.0045978339154692,0.29754831634976,0.156707405719099,0.123840583793185,0.594080178914238,352.258801215047,1.51360120986978,0.897923307291534,13.1154998381649,0.162034572274967,0.125874898050605,0.620490163336104,422.956746829163,1.58252169855239,0.915953761904692,14.2823387261716,0.121804035333484,0.0885940090275398,0.200396585624268,27.9732826292814,1.66810663061924,0.609362745231664,1.1309944286738,0.290216889755066,0.16694414132079,0.55012345313933,12031.2920978263,2.48265538444544,1.36406873618883,190.183781759801,0.160792871469264,0.0858082583540525,0.337461762205167,32.7198442725771,0.163189967512581,0.7796900726658,9.83247900637948,0.133499270465891,0.105469999361222,0.423093818433759,26.3948432855537,0.815519966849121,0.984974171207757,1.1309944286738,0.170958387851407,0.101870002715277,0.503279799511594,105.97497079029,1.40438809792142,,26.1183637047955,0.1306368912671,0.121788268330638,0.452080491282795,378.290035974719,1.56782645133635,1.10653643385324,23.0175105569333,0.249773273390026,0.142865975184896,0.352936258208778,326.063207149483,0.574712117184036,0.785770606528631,16.635335296718,0.181629778037534,0.146292501771262,1.05969619518166,333.33546009818,1.04321759194954,2.0536756747419,13.5774207383214,0.183551174354833,0.115799879987874,2.3976744131462,319.290386003152,2.80602369647311,1.68539628108488,7.93385071901236
291120241960723,Macaroni Half Completes,durum wheat semolina,France,Cereals and Cereal Products,"Pasta, rice and other miscellaneous cereals",Pasta,EUwest,0.151220333333333,0.100256666666667,0.480713666666667,62.7145133333333,0.369506333333333,0.711720976915356,2.53565733333333,0.000751976637215,0.0002138492618611,0.003410153996042,12.1482558838668,0.0106792393525377,0.0029145245393298,0.213842359502896,0.149745891141996,0.0998373605889643,0.474027189079618,38.8947559899743,0.348566957967778,0.706006307421911,2.11636478946662,0.152694775524671,0.100675972744369,0.487400144253715,86.5342706766924,0.390445708698888,0.717435646408802,2.95494987720005,0.137,0.096,0.267,0.508,0.225,0.529,0.219,0.118,0.099,0.351,10479.972,0.227,1.323,127.181,0.099,0.097,0.397,23.436,0.162,0.802,5.792,0.147,0.081,0.362,0.508,0.241,0.445,0.219,0.147,0.104,0.384,0.508,0.528,0.736,0.219,0.153,0.112,0.359,0.508,0.551,0.582,0.219,0.205,0.1,0.374,0.508,0.336,0.785,0.219,0.274,0.086,0.415,0.508,0.984,0.469,0.219,0.155,0.123,0.935,0.748,0.22,0.959,0.4
291120242294562,Crispy pizza bread,"wheat flour, durum wheat semolina,extra virgin olive oil (5%) , olive husk oil, yeast, barley malt, salt",Belgium,Cereals and Cereal Products,"Pasta, rice and other miscellaneous cereals",Pizza,EUwest,0.318259594940644,0.124962486725575,0.645021561286674,545.91284357573,6.27036579589026,0.965583727528537,9.01099088487059,0.0023101584160975,0.0004522868500394,0.0075777447241828,26.157097407202,0.0504785222739737,0.0060496175531687,0.36393465382752,0.313729939538073,0.124075662878554,0.630163458011153,494.625175699587,6.17138976483594,0.953721907732003,8.29740407653514,0.322789250343214,0.125849310572597,0.659879664562196,597.200511451873,6.36934182694458,0.97744554732507,9.72457769320605,0.255473279535645,0.110212387864088,0.198196813262586,4.134282941708,5.78285367445626,0.637518426711333,0.229381680095997,0.458571299650059,0.145634744405182,0.608872943087388,22196.469880688,4.50491762934786,1.67788142435143,342.928334939407,0.225536265184966,0.11625913921548,0.45856962385083,135.487625202576,6.12805445744166,0.733395274561196,1.97065392177888,0.242063669583107,0.10278866597522,0.556069174938154,155.945183101152,5.21600764764325,0.714938910791292,2.163831680096,0.20944139298091,0.111084766090988,0.525328677594947,410.52773987297,4.94516510548391,0.82978659604641,5.43926935953021,0.241980900981988,0.103728836296636,1.00243474535457,255.97869849476,5.073058178376,0.799629103625455,3.55658238420298,0.433333396351882,0.14777413250528,0.606253588771649,39.373144633792,7.35965729425635,1.00942997664571,1.51642119509652,0.170998081193246,0.094771230339762,0.575237443711934,2417.22594344362,3.19016369417407,0.713485254774739,35.9461828433725,0.290161973347814,0.104342344900183,0.323565093448999,2634.94127496924,3.11077358336614,0.697195715979765,34.1473693595302
291120241995380,Eastern vegetable couscous,"water, turnips (14%) , carrots (10%) , zucchini (3.3%) , chickpeas (3%) , garnish of celeri et peppers (2%) , double concentrated tomato puree, salt, rapeseed oil, spices, grilled onions powder",France,Cereals and Cereal Products,"Pasta, rice and other miscellaneous cereals",Other cereals,EUwest,0.0216620273260107,0.015920582970743,0.0867228462669359,132.966092539742,0.119889664350509,0.11155005086462,1.88642704173229,9.27278031599954e-05,2.88341886947374e-05,0.0001487211584972,0.980831274492054,0.0012533740529383,0.0001225457234556,0.0103116322365401,0.0214802107927265,0.0158640461818848,0.0864312404643341,131.042922401039,0.117432104509256,0.111309768685508,1.86620845397481,0.0218438438592949,0.0159771197596011,0.0870144520695377,134.889262678445,0.122347224191762,0.111790333043731,1.90664562948978,0.018423275811072,0.0135671427078226,0.0762628139070037,1.4821169444585,0.0665529479525709,0.10115659000267,0.461492124419598,0.0341506524869563,0.0203827345736619,0.10081138752389,299.052960221468,0.25011419661207,0.110957265072957,3.71493370204497,0.0177087228601693,0.0172309437152161,0.0830166902143125,5.35325257202257,0.0636154089830593,0.0970450211426805,0.9629725449808,0.0189086495668692,0.0150818427932924,0.0834226180648804,67.1608530088261,0.128945495668024,0.105892430273795,0.977956302456708,0.0272142455864347,0.0193031113486232,0.100240115916374,76.1917863661965,0.132577157486716,0.118594504862299,1.17316439986016,0.0170968587543208,0.0174372874098208,0.0827402324719997,161.570017688209,0.0936807199843046,0.113817278962553,2.40226081689959,0.0204770817395735,0.014664230336818,0.0955719834057633,163.43765460137,0.106354322939991,0.106314882417518,1.94058301489363,0.0259332008425121,0.0176893801793392,0.0888196678804798,161.214769651381,0.0929727637184817,0.110094059580256,2.31948655400758,0.0294481716863941,0.0181105890455082,0.0926619763834416,157.205291029653,0.0978487048095778,0.113588146543737,1.77299864230209
291120242183432,Sandblided cookie (raspberry),"rice flour, palm fat, full rice flour, cane sugar, potato starch, raspberry sequins (raspberry (1.4%) , cane sugar, corn starch), corn maltodextrin, raspberry aromawith other natural, emulsifying aromas sunflower lecithins, thickening xanthane gum",Belgium,Cereals and Cereal Products,Biscuits,Biscuits,EUwest,0.279442173679556,0.502225895369793,2.81224451232075,2743.3119605192,16.818428816868,2.1353640430834,159.288369996105,0.0022539804632622,0.0035770272485058,0.0614177382515168,122.286705744075,0.149801988412026,0.0264539499876659,3.35195981136784,0.27502266949683,0.495212220165343,2.69181935535053,2503.53765176341,16.5247037712615,2.08349431993109,152.715996966203,0.283861677862282,0.509239570574243,2.93266966929097,2983.08626927499,17.1121538624744,2.1872337662357,165.860743026007,0.150207831559203,0.198271873624653,0.730559156969759,67.4197085960045,9.13082386884368,1.16563762107596,17.5297514606473,0.178283782369564,0.401525022289607,0.89904115017555,47014.6655548891,23.2784275502232,1.68186394219479,579.313211389966,0.16753045098997,0.386165115273952,0.416470120588326,282.391713579282,9.52081092952558,1.14382308711099,48.9133268243378,0.161210416623717,0.410440385360663,0.513626645247224,413.242664724816,7.64561409997354,1.15221890931837,51.2587434694554,0.138743698880839,0.553318471149719,0.758507621523065,269.284365672997,25.7903279264583,1.2889177070696,40.3208389388655,0.140683829797824,0.353588906267476,1.01645460386378,2208.81311082955,25.6394690501627,1.59890026245189,164.748780190848,0.260887301281223,0.841916602791761,8.35440257631365,24.9710243736159,28.532825526026,,0.94108357255297,0.226798699607103,0.321966174253839,0.440399088301186,10994.5424784862,8.22143779888731,0.859881623317411,164.239068810982,0.204191001864225,0.465055800042895,0.682134244577026,10841.8930651143,26.2984344453721,0.988309401068637,153.200532560392
291120241904618,Fresh butter puck,"wheat flour, fresh butter (23%) , sugar, eggs of high hens in the open air, almond powder, lifting powders (diphosphates and sodium carbonates (wheat)), salt",France,Cereals and Cereal Products,Biscuits,Biscuits,EUwest,0.25623270125,0.196594790416667,0.832945155833333,3309.04373344225,4.03710414858333,1.77727084904348,68.6467876833333,0.000757085490031,0.0007700158607481,0.0044473635377934,30.8563142244142,0.0317182715366103,0.00571767526574,0.495232747115928,0.254748241848328,0.195084977721832,0.824224964120165,3248.54205119566,3.97491237895193,1.76605988685269,67.6757574401811,0.257717160651671,0.198104603111501,0.841665347546501,3369.54541568884,4.09929591821474,1.78848181123427,69.6178179264855,0.1920545,0.16230325,0.588605,485.450366,3.44508,1.4043105,14.41448875,0.2342385,0.22764,0.69139075,9241.82852525,7.89431775,1.93862975,129.4785185,0.20537775,0.16638225,0.732385,753.184106,3.4768415,1.41404175,20.41689175,0.21098675,0.24648925,0.76039975,744.15052875,3.99026875,1.5966255,22.351591,0.2816525,0.125169,0.811562,1813.587841,2.1553295,1.378277,48.39733175,0.23816,0.180793,1.0959455,3226.264711,2.50890175,1.83868325,75.84536675,0.28452525,0.189472,0.77568775,4814.709731,4.59203625,1.74449425,73.57107175,0.32779125,0.217284,1.03581025,5049.741641,3.5982975,2.34505325,83.52556175,0.2815915,0.228724,1.37322725,5205.571226,4.12004475,2.4226915,113.31191175
291120242130063,Asparagus cheese girasoli,"filling (60%) (green asparagus (42%) , parmigiano reggiano cheese d,o,p, (10%) , breadcrumbs (wheat flour, water, dining salt, yeast), sweet whey powder, whey protein cheese ricotta (6.6%) (sweet whey milk, cream, dining salt), butter, mascarpone fresh cheese (5%) , cream, sunflower oil, dining salt), dough (40%) (wheat flour, full egg (20%) , durum wheat semolina, water),can traces of fish,crustaceans, molluscs, shell fruits,sellery and soy",Germany,Cereals and Cereal Products,"Pasta, rice and other miscellaneous cereals",Pasta,EUwest,0.315779191678975,0.284449386753274,1.33042531861507,2892.62188394109,2.2650972765166,2.5484313485801,52.9304553973,0.0009001487724621,0.0006966928199021,0.0053067106768919,20.6575682754877,0.0111972455326918,0.0085676387003579,0.341553972839126,0.314014220185293,0.283083342600798,1.32002015742787,2852.11744706308,2.24314221777793,2.53163230542534,52.26075162826,0.317544163172656,0.285815430905749,1.34083047980227,2933.1263208191,2.28705233525527,2.56523039173486,53.6001591663401,0.311524017253592,0.211060939994683,0.98124045953024,276.565641229996,1.13235602701481,,12.311796446933,0.371739622780473,0.350900528848325,1.30499254463778,9447.81933370083,4.25330874384416,2.98847423659097,164.651505755073,0.290871081849304,0.25891256960818,1.17890582001035,980.395994385967,1.59382774446634,2.09052667374992,31.9471907722682,0.309540095449081,0.274768324287342,1.03970703772573,1594.67559293827,2.45485082325541,2.17175251659369,33.3388652198654,0.380872270979937,0.25316657617399,0.948783472721141,2316.10753027649,1.92009541555172,1.83143841407439,31.4580961386624,0.299032051088179,0.291686224205209,2.39373002795129,1929.48081450443,1.37432440220278,3.28667215493956,56.0370645446774,0.348995825418709,0.317862443107691,1.61442608356369,3295.15531880663,2.44098339497412,2.9231958372507,72.0126599515325,0.265970365426661,0.320136421871142,1.58334148394622,4178.62234143827,2.49050846743163,,74.5789254318955,0.303242524706447,0.334286021619788,1.38580314751332,4491.36475829626,3.49426858206033,3.10946491965415,80.8317243057863
291120242256073,Multi-cereal cracotte,"cereals (92.2%) (wheat flour (65.6%) , full oatmeal (9.1%) , quinoa flour (6.8%) , rice flour (5.6%) , barley flour malted (5.1%), sugar, wheat germs, powdered lactrum (milk), salt, palm oil, mineral (ferric pyrophosphate), emulsifier (sunflower lecithins)",Belgium,Cereals and Cereal Products,Breakfast cereals,High fibre breakfast cereals,EUwest,0.21002236967728,0.128623994215783,0.72839281411118,486.274854716884,1.77155633536379,0.825873593061275,19.3086794543583,0.0017254204722798,0.0004254072828607,0.0077441307578179,23.7892823724399,0.0316352802628106,0.0047810729948651,0.423682403679743,0.206639242308392,0.127789874623085,0.713208468535167,439.629892765045,1.70952729131393,0.816499078755084,18.4779419276895,0.213405497046169,0.129458113808481,0.743577159687193,532.919816668723,1.83358537941364,0.835248107367465,20.139416981027,0.144743778090893,0.105197302424514,0.196873295042476,6.64700797679977,0.802187635490684,0.517422697214815,1.79133764771474,0.333171849577801,0.166326928943398,1.39401608644941,14253.9198500847,1.59666101497361,1.65753586848588,226.486322604246,0.167901448515818,0.0964648395837951,0.365690433205029,119.183065868688,0.791866053800525,0.583890222561659,41.31584443899,0.171378609903919,0.100471286042878,0.580800096046256,20.4416399390318,1.02352249557727,0.729491797860953,3.95261017399114,0.234920899874672,0.122905118269025,0.349178155073383,23.9618167212032,1.51689724574653,0.635636880832966,3.85440173499,0.293697688747573,0.166391113864088,0.323165120470376,25.4352587134358,0.907814819641304,0.606453258175993,5.37826315666681,0.253053931106035,0.160915915392846,1.17484946817333,23.2755541599607,1.13054431997912,0.972639508337354,5.0460121586668,0.408184128957624,0.173073445851039,1.20493694385797,14.4796091968325,3.30083758711293,,2.34838558369904,0.416879646590668,0.155953948913016,0.974864631283452,2236.43819304975,8.61390772070004,1.04078490800916,46.5094168179107
291120242281925,Dolcenza,"vegetable oil (68%), wheat bran, barley malt extract, ammonium bicarbonate, sodium bicarbonate, salt, artificial flavorings",France,Cereals and Cereal Products,"Pasta, rice and other miscellaneous cereals",Pasta,EUwest,0.122102244927536,0.0974663266666667,0.313461465797101,4321.10401159652,1.58623736028985,0.745415778650816,44.6878520689855,0.000372403416969,0.0001406544024904,0.0009815820791402,33.0633108580809,0.0121542946609528,0.0023419562744455,0.30321954056208,0.121372052946824,0.0971905377988138,0.311536823514191,4256.274948961,1.5624057623822,0.74082377542835,44.0933127419414,0.122832436908248,0.0977421155345195,0.315386108080012,4385.93307423204,1.61006895819751,0.750007781873281,45.2823913960296,0.0896478260869565,0.0784886956521739,0.267150434782609,18.5288643478261,0.252999130434783,0.3949,6.42848608695652,0.11099652173913,0.101065217391304,0.277093043478261,8177.56718782608,1.47210347826087,0.977526086956521,88.0157504347826,0.0972686956521739,0.0774,0.302533043478261,18.5288643478261,0.265246956521739,0.409053043478261,6.42848608695652,0.142007826086957,0.0900486956521739,0.247430434782609,2259.11526434783,2.60987913043478,0.58394,24.5158060869565,0.146906956521739,0.0973973913043478,0.429242608695652,2259.18058608696,2.60851826086957,0.700974782608695,24.5650695652174,0.118889565217391,0.102426086956522,0.286074782608696,5325.33046434783,1.55402782608696,0.81776,53.4600060869565,0.114262608695652,0.0988878260869565,0.349763478260869,5331.63618956522,1.46829304347826,0.811772173913043,54.9926173913043,0.117800869565217,0.101065217391304,0.381335652173913,5325.33046434783,1.46611565217391,0.863213043478261,53.4600060869565,0.121066956521739,0.107597391304348,0.436042608695652,5325.39578608696,1.47019826086957,0.878454782608695,53.5092695652174
291120242237199,Ricotta and spinach tortelloni,"fine durum wheat finots, water, egg (7%) (ground farming), spinach (7%), ricotta (7%) (cheese) , breadcrumbs (wheat flour, water, kitchen salt, yeast), cheese (3.5%), fresh cheese (with thickening carob seed flour), rapeseed oil, powdered condiment, iodized kitchen salt, aromas, spices",Germany,Cereals and Cereal Products,"Pasta, rice and other miscellaneous cereals",Pasta,EUwest,0.286862849663194,0.239500775711376,1.1652034459113,1221.87293240814,1.61188325499204,2.10287877275706,31.2452257710605,0.0013144514351055,0.0006068516595248,0.0066382824527259,19.2464563679916,0.0160770021959819,0.0073563836847109,0.320075425564471,0.284285532019974,0.238310888091994,1.15218739828173,1184.13534070875,1.58036018741939,2.08845470431715,30.617636177838,0.289440167306414,0.240690663330758,1.17821949354087,1259.61052410753,1.64340632256469,2.11730284119698,31.8728153642829,0.266705846405587,0.172259811251597,0.815373778902232,269.374804319401,0.977483697374721,1.37800145892818,8.47880036215105,0.392096062086473,0.27811790819996,1.2233017214959,14348.7089384315,2.22325766561269,3.01827402711864,240.435365992054,0.280673787176773,0.187342810868828,0.856652542752514,334.249511148222,1.15107181506681,1.67996891668242,10.1410203621511,0.252772439404476,0.218701791763042,0.860432157756995,500.585547897717,1.12448186848529,1.8343007934559,16.1714809582708,0.268818968351135,0.226119586432099,0.851066570450104,883.995789789055,1.05897425446916,1.85119714877712,22.8683794651259,0.263172525462298,0.227145547177654,1.7061569191255,725.080072784126,1.48689824099013,2.49892215462197,23.9712807836838,0.244850068593537,0.259985908965497,1.44026347386313,1483.71800115194,1.49923592434575,2.17142505238136,42.2221664139904,0.242633231997609,0.263258017180478,1.89327921105911,1518.67326848966,1.58295318290962,2.69368128150051,45.5136750702403,0.280300901528689,0.303167912506506,1.66132148547451,1813.95989003736,2.29422064223379,2.66235477167015,46.5597888991156
291120242096021,Toast rolls rye,"of the full grain grain (27%), rye, grain flour, wheat flour, water, yeast, corn grinding, sugar, grape gluts, wheat gluts, barley malt extract (dining salt, dining salt, potassiumiodate), acid regulator sodium acetate",Germany,Cereals and Cereal Products,Bread,"White bread (not high fibre, not multiseed bread)",EUwest,0.199460970365899,0.112567616502444,0.705196411640554,248.079054861597,0.663559910146855,0.847713518721595,5.68581567558755,0.001395734481487,0.000334756046826,0.0082193132397648,23.3967064732437,0.0146426571597693,0.0045830345110354,0.333079786012539,0.196724276557125,0.111911241802994,0.68908034948547,202.203838192299,0.634849242233538,0.838727309425981,5.03272771344369,0.202197664174673,0.113223991201894,0.721312473795637,293.954271530895,0.692270578060173,0.856699728017209,6.3389036377314,0.180904261505888,0.0932751374462148,0.170980290562098,1.44195252742192,0.361612672702969,0.57429798676957,0.347900598920881,0.321520145281049,0.127738087168629,1.06761782156482,13986.205563095,1.38008905499995,1.33904129398679,221.346870598921,0.191754261505888,0.0950551374462148,0.348500290562098,0.82080252742192,0.274582672702969,0.91445798676957,0.885440598920881,0.192294261505888,0.0949851374462148,0.350170290562098,9.38968252742192,0.338702672702969,0.92477798676957,0.983420598920881,0.171634261505888,0.110895137446215,0.411660290562098,17.6379225274219,0.361402672702969,0.66561798676957,6.91429059892088,0.184574261505888,0.102655137446215,0.836160290562098,1.61520252742192,0.279922672702969,0.71400798676957,1.00107059892088,0.171883613448986,0.101523921807768,1.16253347320252,1.51818309500346,0.70249000928862,1.12070928075636,1.02931059892088,0.291203743060366,0.115046806724493,1.24642156037115,1.07606309500346,1.01296111098535,1.22272364053429,0.328380598920881,0.140714261505888,0.0882851374462148,0.332540290562098,2102.62925252742,0.398752672702969,,25.7584405989209
291120242021889,Delicia in rhubarb pieces,"rhubarb (79%) , sugar, antioxidant ascorbic acid",France,Cereals and Cereal Products,"Pasta, rice and other miscellaneous cereals",Pasta,EUwest,0.143343783333333,0.11616715,0.38413035,5085.95979233333,2.97934116666667,0.892804291134874,64.1088809166667,0.0004532379493373,0.0006364424437698,0.0039265613451512,38.2957642650572,0.0259518152852199,0.003801405029042,0.464963943931464,0.142455094613304,0.11491924209301,0.376431323956309,5010.87116884759,2.92845600680314,0.885350666003726,63.1972003903644,0.144232472053362,0.11741505790699,0.391829376043691,5161.04841581908,3.0302263265302,0.900257916266022,65.020561442969,0.09143,0.07183,0.30654,21.67155,2.38118,0.44911,7.56194,0.12064,0.13511,2.88553,6215.69435,5.47086,1.08092,78.4497,0.12823,0.07643,0.27554,31.94415,0.22278,0.40071,21.01574,0.15226,0.08526,0.28363,2624.70575,5.11932,0.66873,28.57515,0.17486,0.09666,0.72703,3322.21555,3.70292,1.12093,78.80675,0.15904,0.10171,0.26053,6197.19895,1.63846,0.82652,75.6553,0.13404,0.18991,0.38933,6186.92635,4.37366,1.08712,62.2015,0.14604,0.12411,0.51313,6484.61335,2.39806,1.14732,83.5049,0.11664,0.10491,1.04433,6461.41255,1.85526,1.20132,133.3811
291120242124900,penne,durability semolina,Germany,Cereals and Cereal Products,"Pasta, rice and other miscellaneous cereals",Pasta,EUwest,0.199046666666667,0.122404,0.680581,311.751448666667,0.511054666666667,0.876627648839556,7.069482,0.0021031850879931,0.0005367364975482,0.0099961414603017,32.3825490107458,0.0217423313836208,0.0076685080551989,0.462841051869252,0.194922835318111,0.121351591057421,0.660981012460184,248.25719344442,0.468423274754307,0.861591580879956,6.16196394560078,0.203170498015222,0.123456408942579,0.700180987539816,375.245703888913,0.553686058579026,0.891663716799156,7.97700005439922,0.151,0.095,0.102,0.831,0.206,0.454,0.251,0.443,0.144,0.647,22923.389,1.29,1.809,361.202,0.165,0.098,0.4,0.273,0.239,1.015,0.219,0.165,0.098,0.4,0.273,0.239,1.015,0.219,0.165,0.098,0.4,0.273,0.239,1.015,0.219,0.143,0.099,0.734,0.508,0.205,0.903,0.219,0.154,0.11,1.195,0.273,0.249,0.687,0.219,0.244,0.19,1.175,22.799,0.378,0.784,10.189,0.975,0.109,0.058,8.639,19.823,0.471,0.22
291120242068433,Gluten -free mini spice speculatius,"sugar, flour (corn, rice), potato thickness, palm fat, cooking banana flour, butter (lactose -free), modified starch, inulin, cinnamon, spices, ollei powder , egg clares, bourbon vanilla flock powder, natural vanilla aroma ydrogen carbonate, ammonium hydrogen carbonate), emulgator (lecithine (soja))",France,Cereals and Cereal Products,Biscuits,Biscuits,EUwest,0.208625813412653,0.201338636739134,0.985916098639723,784.416354321415,9.31911615954121,1.11154398870922,69.9264580071907,0.0009555051021768,0.0013085190504406,0.0147332424773272,29.156749492482,0.0826809975001413,0.0073967794893033,0.943525487182958,0.206752301701032,0.198772951050701,0.957027815083162,727.247102663295,9.15699895389561,1.09704071398058,68.076435389391,0.210499325124275,0.203904322427567,1.01480438219628,841.585605979536,9.48123336518682,1.12604726343786,71.7764806249905,0.136382580639094,0.10483991928331,0.438612484584977,61.9143856692803,7.17389567364531,0.776237630993198,8.54417470975839,0.189501369465682,0.135728651439087,1.13953395950362,11739.3616669689,3.14148324554277,1.56657862308355,215.904312038967,0.219249718388365,0.133290600119376,0.510499873339006,47.0112939323861,18.1772419978107,0.814894096208715,5.65581726807525,0.252627394522973,0.16886328520609,0.347898718538932,66.8479811735761,7.27072802141277,0.659269648699445,25.2062519338997,0.2304692502781,0.161790600861283,0.367792657296114,288.990568725527,1.92657896965282,0.670712708598965,100.761861234116,0.168589342096719,0.292979980227637,0.643828565917516,376.596931990592,10.677153626178,1.18690470614308,104.919239980392,0.218556877987359,0.183579342586325,1.77013802154837,716.707297024437,14.8208374347423,1.31837923606089,196.850264051705,0.220991101858311,0.144465875138522,0.364253354419633,2477.84513220228,2.77166494140539,0.690566888309498,59.2124555666791,0.155789096002809,0.309793649389472,0.593673993811569,2487.93929080916,11.153708093543,,38.5175724103403
291120241970291,Triangle aïoli,"wheat flour , butter (29.5%) , emmental, modified corn starch, olive oil (3.5%) , salt, potato starch, dehydrated garlic (0.9%) , black pepper, milk protein, dextrose",France,Cereals and Cereal Products,"Pasta, rice and other miscellaneous cereals",Pasta,EUwest,0.198887985913462,0.135112690141026,0.534882085815171,584.13974829373,3.72856043360256,,12.9057089031709,0.0006749226766418,0.0002108321434765,0.0019830027996129,9.13332774356926,0.0165627774474022,,0.132027378640411,0.197564627685184,0.134699299894245,0.530993902527831,566.231527338481,3.69608487962176,,12.646835518221,0.200211344141739,0.135526080387807,0.538770269102511,602.047969248979,3.76103598758337,,13.1645822881209,0.174549419871795,0.104859,0.494736269230769,179.715216294872,3.1749253974359,,4.23329686217949,0.214712602564103,0.13477717948718,0.498495689102564,4437.40631952565,4.12049374038462,,59.1201918910257,0.187156496794872,0.123168833333333,0.438659570512821,343.732809314103,3.60426480769231,,8.49047206089744,0.171401737179487,0.12972666025641,0.656840496794872,284.602798512821,3.83864679807692,,8.53250614423077,0.221659753205128,0.131763628205128,0.508473173076923,335.376771955129,4.30420566666667,,7.97398525320513,0.201627993589744,0.130960128205128,0.584405317307693,430.574304615385,3.71314163782051,,11.5920151378205,0.253941487179487,0.161540778846154,0.499984144230769,431.364365211539,4.12554266025641,,10.0992585032051,0.235524653846154,0.150217689102564,0.592779189102564,793.587745951924,4.82823863141026,,14.5230371762821,0.160298951923077,0.125641333333333,0.379174150641026,1992.82935417308,1.91272996794872,,30.0832034262821
291120242185405,Vanilla Cornet Shock,"skimmed milk, sugar, water, lactrum protein concentrate, wheat flour, copra fat, glucose-fructose syrup, cocoa powder (1.4%), cocoa paste, emulsifiers (soy lecithin, e471), cocoa powder, hazelnuts, stabilizers (e410, e412), aroma, coloring (e160a),this product",France,Cereals and Cereal Products,Biscuits,Biscuits,EUwest,0.295779199376618,0.142680435805777,0.627924670078722,464.416591687389,6.41785725273077,1.03838893241085,21.535131546007,0.0009507292347334,0.0005117255632035,0.003515142439573,4.04589377827207,0.0676926366010674,0.0032033276870383,0.228820652176342,0.29391505197249,0.141677067185753,0.621032335842564,456.483583940703,6.28512855544419,1.03210799060933,21.0864702351082,0.297643346780745,0.143683804425802,0.634817004314879,472.349599434076,6.55058595001734,1.04466987421237,21.9837928569058,0.251914704079148,0.0834087503714801,0.378315130164308,106.614622036754,7.75516822699666,0.654657007305183,4.07931108616155,0.453901904130695,0.151146789166008,1.11531203373418,1627.66956776183,14.784958413194,1.68153643887026,81.8766971472044,0.26527627728818,0.121442483854742,0.491106611287409,257.556794819704,4.39674038147493,0.859772791611769,18.0035099136446,0.256695840683309,0.122392483854742,0.530078514448381,301.054084819704,3.62199861126031,0.879054889280043,19.7208299136446,0.337871629864609,0.136684439788385,0.542245605637664,237.37340633353,5.58214623478466,1.00302007972499,17.9319942484892,0.284906059238079,0.129420996215422,0.526612350374724,522.736282246005,4.60054357597384,0.885970343332478,23.4960227158111,0.316704382418518,0.15318908154165,0.758551967551714,480.452304669671,5.32723524709626,1.25537477054853,25.100105137169,0.309780747056292,0.131179732083887,0.893880593979273,736.362061222899,6.14157997466313,1.25075038298226,43.960617560167,0.392564815482229,0.143298083638048,0.856529245778862,752.761963422318,5.84563293742314,1.21357940666597,30.9199725897656
291120242060630,Chocolate & biscuit muesli,"whole grain harbor flakes (48%), sugar, wheat flour, palm oil, whole grain wheat flakes (6%), glucose fructose syrup, full milk powder, fully grain flour (2%), cocoa mass, cocoa butter, sweet whey powder, butter, butter, barley malt thickness,backing agent (ammonium hydrogen carbonate, sodium hydrogen carbonate), acid gulcator calcium carbonate, dining salt, acidic citric acid, emulgator lecithine, aroma",Germany,Cereals and Cereal Products,Biscuits,Biscuits,EUwest,0.282064185652979,0.166908667427622,0.772758604300831,256.912060713944,7.26063262080551,0.996090187971915,10.8091807343306,0.0016227403043188,0.0006768297437885,0.0079216947934862,20.1743966350106,0.0854933458674727,0.0049595861602962,0.319572133078553,0.278882388969597,0.165581569907292,0.757226099097382,217.355005200089,7.0930010881392,0.986365653027057,10.182577974527,0.285245982336361,0.168235764947952,0.78829110950428,296.469116227799,7.42826415347182,1.00581472291677,11.4357834941342,0.229345081125252,0.11415734998794,0.231477060652928,25.3078831311777,5.12206348466105,0.68634325881144,0.956262826201512,0.460654807486668,0.231936600616908,0.681093773296812,15009.5719613217,12.7932152919109,1.6200825194906,237.305556603443,0.20310289219763,0.11384256665783,0.624890419490757,76.0071989866259,4.46684501826712,0.807279029394274,5.49106719007586,0.239899238467479,0.132739600208298,0.576590977042014,24.1094268244316,5.6430051219867,0.757617972122487,7.60364210102147,0.225030970857762,0.163906662127092,0.582543580181401,83.3609053835922,7.97599334432101,1.12238601420253,15.9163902848802,0.265458923713578,0.196214954030921,0.644388686065594,38.9207842314072,8.67563881053115,1.1727968697669,1.47984156101829,0.354508801144129,0.23068579096604,0.501171347457906,61.1063912761762,5.2059397292587,0.915179863514859,1.82134020910631,0.431758048709799,0.25053824739098,0.642890652949161,36.5316639011979,9.8301218236295,0.975677497927682,1.45616436206069,0.251565686351836,0.140755419461762,2.6768795652453,96.6598060821661,5.70902143458513,0.936409427801931,12.6286640499169
291120242123148,Oatmandel nature,"water, whole grain harbor (10%), roasted blanched almonds ,sea salt, from controlled ecological agriculture (0.75%)",Germany,Cereals and Cereal Products,Breakfast cereals,High fibre breakfast cereals,EUwest,0.0875582739045819,0.0313732563643362,0.237023453327873,3082.35865705857,1.74448453079304,0.533110549304762,47.6420150205334,0.0005655993074438,0.0005422570501797,0.0020956175668604,32.5426262915938,0.0239786207555128,0.0051652506528889,0.425374360216385,0.0864492720539725,0.0303100229688196,0.232914460036632,3018.55052945642,1.69746832259946,0.522982756612081,46.8079599810856,0.0886672757551912,0.0324364897598528,0.241132446619115,3146.16678466072,1.79150073898662,0.543238341997443,48.4760700599812,0.0634392481329914,0.0211180167186589,0.0760354280724002,343.162234688798,0.420868337902366,0.204179561821671,7.5601445455259,0.148170601853724,0.0706229023349385,0.36317238189126,6756.64398012004,2.18635712726251,1.00508763841057,95.6617749796511,0.0635392481329914,0.0240180167186589,0.1109354280724,343.146134688798,0.423268337902366,0.221879561821671,7.5733445455259,0.0637392481329914,0.0226180167186589,0.1853354280724,343.106434688798,0.425168337902366,0.227479561821671,7.5569445455259,0.0676392481329914,0.0204180167186589,0.1073354280724,1192.2962346888,0.705468337902366,0.233179561821671,16.9127445455259,0.0768721940201738,-0.0037543528384353,0.161435936654553,4468.36175727557,3.60736660909205,0.560826589555549,63.0007482117,0.117470601853724,0.0686229023349385,0.34817238189126,4466.94648012004,2.07795712726251,0.884687638410574,60.6420749796511,0.131070601853724,0.0710229023349385,0.44997238189126,4466.94398012004,2.09845712726251,1.09418763841057,60.6410749796511,0.089047953809862,0.003824797183847,0.13427639551738,5587.99788919037,4.49982952907294,0.337949304019401,79.8231439627112
291120242503648,Pizzero,"wheat flour, water, tomato (18.8%), ham (8.3%) (pork, water, salt, potato starch, dextrose, sucrose, aromas, natural aromas, giant e407, acidity regulatore262, anti oxidant e301, preservative e250), mozzarella cheese (5%) (milk, salt, rennet), edam cheese (5%) (milk, salt, rennet), extra virgin olive oil, salt, malted wheat flour,trehalose sunflower oil, yeast, trehalose is a source of glucose",France,Cereals and Cereal Products,"Pasta, rice and other miscellaneous cereals",Pizza,EUwest,0.392829933400157,0.26868161828771,1.06898427040622,1341.73644863804,3.76230344932103,1.91108097559922,38.8451049490416,0.0060316808700741,0.0004083749336226,0.0032418072823496,6.80591543687579,0.0600214546004394,0.0030561321907321,0.1322273104207,0.38100328305041,0.267880894964379,1.06262787953352,1328.39171374312,3.64461606294677,1.90508864815004,38.58583954679,0.404656583749904,0.269482341611041,1.07534066127893,1355.08118353295,3.87999083569528,1.91707330304839,39.1043703512932,0.27221600862945,0.244483128319865,0.790891194345015,616.328273951518,2.83584480937103,1.70810222276393,22.0477886438921,0.400502270970529,0.319681925484778,1.43065881664318,5607.12546696967,5.22861632408717,2.21347047224946,90.1902976560767,0.316781145243044,0.261472923478479,0.912708519650042,1026.92359075906,3.35813385159994,1.54689521905062,30.8578465385439,0.270553739324686,0.245000435983302,0.932453222080574,1232.60426557119,2.48808008752172,1.93444665137882,37.7798765650904,0.296709702811042,0.253775391807717,0.974463137706436,1253.54707396915,3.1600503759291,1.90993418675826,38.8937575021831,0.348469555457465,0.27570848422789,1.32996560140155,1095.71493831947,3.35336277828352,2.12561401118218,34.2364607857334,0.31741573937222,0.252869439938012,1.10959093085214,1561.65247164293,2.83068212908326,1.90633255692725,44.4388537105755,0.316174237698892,0.272077524581742,2.09450663651805,1433.11764936312,2.67604516831889,2.60600861403648,45.829638155501,1.7643467235228,0.283072390182871,1.45817893180748,713.959142757603,17.2515381921407,2.13502872642523,38.2851692408339
291120242159600,W.K Kellogg Muesli crisp apricot and squash seeds,"complete oats (49%), complete barley (14%), sugar, sunflower oil, sunflower seeds (5.5%), nuts (5.5%) (cashews, almonds), spelled (4.5%), rice syrupbrown, lean cocoa in powder (4%), salt, antioxidant (extract rich in tocopherols), natural aroma",Netherlands,Cereals and Cereal Products,Breakfast cereals,High fibre breakfast cereals,EUwest,0.621528757864186,0.179641690535194,2.13037564232188,1793.80576703493,11.0056616240936,1.2311171882037,40.538840465598,0.0019853436976929,0.0006382106421379,0.0122133836992163,19.2044007051888,0.074798804872411,0.0041311371403684,0.383591110696309,0.617635984648484,0.178390315623848,2.10642818526815,1756.15063620008,10.8589994695698,1.22301703908135,39.7867121549003,0.625421531079888,0.180893065446539,2.15432309937561,1831.46089786978,11.1523237786174,1.23921733732604,41.2909687762956,0.531013932375317,0.17918265309645,0.79325158184705,156.876996350847,6.76413911284869,1.12862740989288,6.2893613300208,0.904636621457741,0.333584156187754,2.44865279383969,8273.66162822309,20.1495770137181,1.8691140092085,135.430262389391,0.788110697379544,0.25073471691833,1.27685821618209,182.781636921818,10.2083918431953,0.962606316907174,10.0018612672428,0.78473357523246,0.187485192779879,1.96697700795996,259.11390860962,10.8689666128487,0.953024870208973,8.04207591887616,0.539556181741336,0.155132725324257,1.42200428902505,1645.58272610962,8.0880833021978,,25.0802184188762,0.539333055697997,0.124650324839527,2.79838066250108,1611.00173255558,7.31655347065996,,27.764322653533,0.59037939602705,0.172390463419609,1.23378008703778,3127.93397135085,9.21511687362637,1.29452366409584,57.9957513300208,0.48167851934973,0.163555833575083,2.52411374698048,3112.34670981435,8.9269015885805,1.21868900839574,47.2846097423884,0.92043607523246,0.180040192779879,2.32025700795996,3138.98274360962,16.9525616128487,1.55944237020897,91.6655009188762
291120242320649,Vermicelli rice noodles,"rice flour (85.5%), water (14.5%)",Belgium,Cereals and Cereal Products,"Pasta, rice and other miscellaneous cereals",Pasta,EUwest,0.27981243,0.420016755,3.47149095,4030.111263375,4.216726335,2.2886979026087,233.631551835,0.0033524262729109,0.0049688404744653,0.0915110501439575,185.836958220196,0.0657198629870496,0.0392608142442834,5.10357772446202,0.273239142353146,0.410274074609409,3.29206017166417,3665.73045903981,4.0878657640707,2.21171705224289,223.624684664783,0.286385717646854,0.429759435390591,3.65092172833583,4394.49206771019,4.3455869059293,2.36567875297451,243.638419005217,0.096615,0.125685,0.792585,99.480105,1.13886,0.862695,25.98345,0.13509,0.180405,0.409545,71169.976845,0.250515,1.5048,862.63002,0.0855,0.3591,0.294975,390.581955,2.5137,0.958455,60.49809,0.0855,0.3591,0.294975,390.581955,2.5137,0.958455,60.49809,0.51984,0.315495,0.284715,0.0,8.78598,0.84303,0.0,0.2052,0.72162,0.55746,506.80809,3.05919,2.04003,259.24455,0.63783,0.655785,11.777625,0.13509,10.777275,6.13035,0.021375,0.18468,0.224865,0.178695,16450.763445,3.285765,0.50103,231.864885,0.18468,0.224865,0.178695,16450.763445,3.285765,0.50103,231.864885
291120242072651,Apple grape fruit cuts,"potato thickness, palm fat, wheat flour, apple, banana, whole grain oatmeal, concentrated apple juice, rice flour, concentrated grape juice, apple biver juice, red grape juice concentrate",Germany,Cereals and Cereal Products,Biscuits,Biscuits,EUwest,0.180673185331845,0.228880221988053,0.603450015773892,173.672377664518,17.2824576265429,0.761887980847962,9.36841431551935,0.0010837137324427,0.0008839416869384,0.003669202147175,6.82160077331873,0.161813309058649,0.0020250653816344,0.129952875035104,0.178548287866462,0.227147028623522,0.596255608146579,160.296887662739,16.9651813200879,0.757917323129184,9.11360852454825,0.182798082797228,0.230613415352585,0.610644423401206,187.047867666298,17.5997339329978,0.765858638566741,9.62322010649045,0.134224983420364,0.0524751065822804,0.331756093908114,62.0755713092741,2.66930403022811,,18.6288162357047,0.184923441119638,0.279431545519037,0.64368144162911,4353.51458107286,20.3035932553148,,71.5562889149119,0.14091080568387,0.182048396890791,0.361479405657639,30.5582896010711,7.60460551055655,0.609083344327798,10.9354017353152,0.121949944990857,0.189026643617221,0.470608184610774,40.725431388929,5.2615388198593,,11.8960478092903,0.1873836191444,0.187588562154538,0.548980098999549,39.3950508834532,17.6529253035207,0.753740138936948,11.1597986770454,0.277432186103709,0.181615952908203,0.742206093888622,0.501111396145482,20.8307091864774,0.927634025674112,0.453126704336761,0.180980177569344,0.181187813530176,0.386475783031242,811.537642865722,5.56873663365125,0.823617147025267,22.750668700601,0.142802461758531,0.289889231220625,0.894502945167362,271.398630730431,22.6603312231886,0.942890919369455,4.2904814387878,0.253177818169759,0.28797635846168,0.845728443394799,298.697134161061,33.5693100267105,1.03291115569918,3.78497868201225
291120242125846,American style sandwich slices,"wheat flour (60%), water, wheat flour, yeast, rapeseed oil, sugar, dining salt, acid regulator sodium acetate,aroma,the product",Germany,Cereals and Cereal Products,Bread,"White bread (not high fibre, not multiseed bread)",EUwest,0.155667092146975,0.093808395284268,0.518429989385932,228.631464095795,0.550623759976159,0.657501877547751,5.58257984712811,0.0019743574072599,0.0003914557731565,0.0070894029691306,22.1139630001982,0.0185726325576873,0.0050156858450945,0.306800199467369,0.151795860358678,0.0930408462948177,0.504529404804219,185.271393514447,0.514207371897028,0.647667344847519,4.98101972408922,0.159538323935273,0.0945759442737183,0.532330573967645,271.991534677143,0.58704014805529,0.667336410247983,6.18413997016701,0.106092181795947,0.0826712339393985,0.0844142513205491,2.81323603144859,0.442686803402854,0.490258783319459,0.166689910392003,0.325427033350032,0.111851721901591,0.486055306043953,16446.2432953471,1.06994084203508,1.33106350638873,259.15636065485,0.126898014678906,0.0747793662941381,0.299647005282196,0.213941806105099,0.293458760656112,0.766474150903574,0.166689910392003,0.124738014678906,0.0757493662941381,0.307287005282196,1.3392718061051,0.351778760656112,0.771004150903573,0.782509910392003,0.125998014678906,0.0759493662941381,0.351707005282196,6.7351718061051,0.389448760656112,0.772974150903573,1.158579910392,0.205051576157921,0.103232181795947,0.182046663063674,0.237601806105099,0.345007005282196,0.637127745854914,0.166689910392003,0.261464879621922,0.133122209863783,0.247158586844607,0.837340510625539,0.560761195062584,0.517253926360885,0.839379910392003,0.18334597322214,0.142314077509043,0.865444953016452,17.501381858572,0.457973269991676,0.609604930353105,7.93541176705075,0.178251318142907,0.106941721901591,1.97893872282469,0.153429652376988,1.60987786998063,1.5654099956409,0.172499910392003
291120242254535,Complete cookies,"sunflower seeds (26%) , sesame seeds (15%) , corinth grapes (15%) , sugar, maltodextrin, flax seeds (9%) , palm oil, hazelnuts (5%) , honey, powdered milk parzm, emulsifier soy lecithin",Switzerland,Cereals and Cereal Products,Biscuits,Biscuits,EUwest,0.539185130134672,0.285766039705896,1.75479987659804,475.809076270441,28.3643362355669,1.02448521643036,13.6268508422533,0.0051802158944688,0.0007531563074859,0.0173425838258802,10.8341876468169,0.717111842131527,0.0036582031108454,0.217002489151058,0.52902799426496,0.2842892844698,1.72079531311268,454.565885212676,26.9582553766424,1.01731237522204,13.2013620573696,0.549342266004384,0.287242794941992,1.7888044400834,497.052267328206,29.7704170944914,1.03165805763868,14.052339627137,0.259632893901876,0.22018666123973,0.507867082781871,56.6624744877135,3.50426912746852,0.819738097746452,6.69708618913323,0.41868231586186,0.233355633224894,1.12904550976747,8606.59316083995,6.17326394977786,,104.741405584225,0.332644443623351,0.278056756066765,0.990890629034795,59.8737255389744,9.81658940205695,0.860111367934513,12.4723651526718,0.261809795874641,0.253210648743862,1.28093122952804,244.42507555532,5.67039951979364,0.940251271348791,9.76080263908552,0.270234968125281,0.26246205054238,1.74210479822527,232.131639435774,9.29708946601036,1.19418254454359,9.38938009642204,0.566199534440382,0.260391909049682,2.1697584635373,225.250554786304,12.1089147412651,0.798626264944392,9.08965189629664,0.444472318065371,0.253898693525761,3.42685612969257,234.752859288009,9.81314863329482,0.803211582825369,9.47324725044704,0.55638590028398,0.290791447596727,1.78191877323767,1659.2688110684,10.5019566453257,1.30588529283525,22.5667286631347,0.665581620168216,0.261181012778447,2.71909801609136,1396.9326937149,15.0740719134917,1.09302732065049,42.3857891490195
291120242060589,Vollkorn Multikorn flex classic,"hafer -full grain flour, roggen -full grain flour, dinkel -full grain flour, tube raw sugar, weizen mehl, gersten malzextrakt, dining salt",Switzerland,Cereals and Cereal Products,Bread,"White bread (not high fibre, not multiseed bread)",EUwest,0.199532259851544,0.124722008667598,1.14330697037234,219.22740968,3.19882513912375,0.940638677284074,6.07906503070549,0.0021366378909803,0.0006977264046664,0.0169422803619141,21.9640687915468,0.0471641709140486,0.0072602027966252,0.326612777682363,0.195342835741589,0.123353937908298,1.11008730403325,176.161244965584,3.10634774012812,0.926403196032082,5.43865728954438,0.203721683961499,0.126090079426898,1.17652663671143,262.293574394417,3.29130253811938,0.954874158536066,6.71947277186661,0.128597039691282,0.0750111777844358,0.129675362873236,0.805997719670316,1.68738548743224,0.433499633907876,0.293717062704367,0.343435361656541,0.175936398841401,0.584785461949086,16204.342864445,2.86565957087528,1.54290103857048,255.443375123614,0.125769512873947,0.081373113123438,0.329016003495305,0.577674929170571,1.91500139622765,0.632840274529946,0.271096848165693,0.156297430746953,0.0903139952139822,0.2892003343365,7.91550131956779,0.389491819087802,0.489407862222493,9.88128790896103,0.175197516025149,0.144833603850724,0.391806756666019,0.577674929170571,2.19129442494104,0.819054173332898,0.271096848165693,0.194337038194304,0.142164939696126,0.888159431623165,16.3347750004704,1.80896914057761,0.666770596337957,7.31870744037147,0.22897424170665,0.101165800844778,2.01210134151355,0.345817730149157,3.35562630965948,1.50442541597325,0.271096848165693,0.212009080802644,0.101872682549112,3.02294217871057,0.345817730149157,3.20788803345376,1.75890282953334,0.271096848165693,0.233161815780503,0.1716951086154,3.49572432039476,0.345817730149157,3.73229654038824,1.90411758948494,0.271096848165693
291120242188086,Oat flakes Fiber Fit,oatmeal,France,Cereals and Cereal Products,Breakfast cereals,High fibre breakfast cereals,EUwest,0.381480666666667,0.154474333333333,1.293895,225.628947333333,0.964670666666667,0.740745333333333,6.543372,0.0030902660099577,0.0008745139823405,0.017139341271481,17.8245367317472,0.0597580024219714,0.0051355876675166,0.511563949294439,0.375421411149883,0.15275962539074,1.26028894543427,190.67939212419,0.847499845552702,0.730675702497005,5.54032026530725,0.387539922183451,0.156189041275927,1.32750105456573,260.578502542477,1.08184148778063,0.750814964169662,7.54642373469275,0.333,0.141,0.34,0.0,0.208,0.501,0.0,0.958,0.181,0.585,4450.901,15.123,1.682,127.808,0.333,0.141,0.34,0.0,0.208,0.501,0.0,0.333,0.141,0.34,0.0,0.208,0.501,0.0,0.308,0.135,0.68,0.0,0.439,0.477,0.0,0.545,0.187,0.799,0.0,0.341,0.512,0.0,0.265,0.109,2.538,0.327,0.115,0.845,0.19,0.265,0.109,2.538,0.327,0.115,0.845,0.19,0.958,0.181,0.585,4450.901,15.123,1.682,127.808
291120242062266,Traditional Margherita pizza,"wheat flour, cut -resistant mozzarella cheese (19%), passed tomatoes (17%), water, rapeseed oil, salt, baked yeast, olive oil native extra, modified strength, oregano, basil",Luxembourg,Cereals and Cereal Products,"Pasta, rice and other miscellaneous cereals",Pizza,EUwest,0.315931697275448,0.265080386100832,1.13784907490746,1104.01560013279,2.94521926870165,1.89902213662135,28.3962362739198,0.0013532844153175,0.0008270966263249,0.0081126260062588,17.4966508621782,0.021036200047723,0.0082251983568168,0.305616997892535,0.313278237659716,0.263458651991268,1.12194220031296,1069.7089488865,2.90397242756221,1.8828945351917,27.7969961196625,0.318585156891179,0.266702120210395,1.15375594950195,1138.32225137909,2.98646610984109,1.915149738051,28.9954764281771,0.272635210333368,0.163769161125835,0.830527774610439,226.117862431315,2.05130624905131,1.36708911031036,7.44020102026204,0.51979184895159,0.313193689612375,1.242627059283,11949.7189090793,7.58818398253675,2.9527526255802,201.898238586037,0.283010378143231,0.212449216461826,0.872406590911569,260.106858737295,2.13355213835443,1.42376055342345,6.81423777737077,0.405101810437831,0.211966627910087,0.857081125084508,160.870088059525,2.79343685774046,1.35608679810548,5.17462485406816,0.311028178549076,0.259327222096276,0.961763052797413,567.537053972794,2.68707477608816,1.94436899307237,18.7255898540682,0.377663811556072,0.290602873871663,0.88604898692344,737.254882948027,1.88498982739107,1.95255661689255,23.4911458804813,0.252533522586487,0.262785092109526,1.17216942396518,1819.34539146532,3.12177803158087,2.27487366701302,46.2686634174406,0.238539366452013,0.290565935769407,1.02692332170719,2583.1513250496,2.20566411078078,2.1993382497631,52.1083473935122,0.278730997214995,0.283446664636504,1.39643005989955,2752.65896334779,2.110838568417,2.25076444708582,58.7903865823351
291120242042879,MUFFY MUFFIN BYRTILLES,"wheat flour, sugar, water, rapeseed oil, blueberries (7.5%), eggs, lifting powder (disodic diphosphate, sodium ac carbonate, wheat flour), egg white powder, salt, natural aroma",France,Cereals and Cereal Products,Biscuits,Biscuits,EUwest,0.237786260260223,0.211188522592726,0.695239307678616,301.90131400346,3.02402227147767,1.20624341120942,19.5678821210197,0.0012930461511505,0.0006904796671403,0.0047063891768381,8.97183840516534,0.0426093478489999,0.0039383049085943,0.339939906983242,0.235250913141377,0.209834660912577,0.68601123006588,284.309734127481,2.94047576603487,1.19852135891124,18.9013431401921,0.24032160737907,0.212542384272875,0.704467385291352,319.492893879438,3.10756877692047,1.2139654635076,20.2344211018472,0.173955692541604,0.165042481246262,0.497597303894909,100.705510636697,3.24933614080031,0.901742919591883,4.2240559272181,0.47305094923566,0.215835991963815,0.898665999043483,5592.70894318921,6.45380564138535,1.4671678864682,117.323543196325,0.211576739186136,0.181757097476163,0.500978446015812,115.014959327636,1.02492224953955,1.00424567401602,18.828695144959,0.239532363649951,0.196252812792633,0.424879628163809,111.284460043288,1.09238508608688,1.09234003943857,18.087469578635,0.202414917714089,0.227224809102928,0.565369415379097,108.01443729389,8.86446879856421,1.40610918683708,6.05341845017204,0.209398777323295,0.18231323071896,0.678597956272467,316.183455636697,3.67078810771971,1.08725268862145,7.3634709272181,0.224326044814412,0.284750896833378,0.646963823118429,251.916855636697,3.89405304314034,1.21650190588626,6.6286209272181,0.383389103001095,0.273044955044861,0.78971963305632,248.317802886882,6.05697243512873,1.85937498429029,7.0280609272181,0.210603720482885,0.202455830267389,1.10795181450157,883.718255466935,2.26055933753494,1.58262178658272,56.7198544452957
291120241893169,Grated gran vegiano,"modified starch, water, coconut oil (10%) , natural aromas, salt, sugar, acidity (citric acid), vegetable fibers, calcium carbonate, coloring (carotenoids), vitamin b12",France,Cereals and Cereal Products,Breakfast cereals,High fibre breakfast cereals,EUwest,0.0799191762034741,0.111221648073571,0.309221608962544,98.7735035885356,5.95650272831551,0.422157954037792,5.17399496667829,0.000277903051613,0.0004130774788375,0.0017472216943855,3.03029696294903,0.0527286683350026,0.0012727119290183,0.107840068798319,0.0793742763168004,0.110411704209696,0.305795734731446,92.8318326996616,5.85311471140304,0.419662477353153,4.96254697815852,0.0804640760901479,0.112031591937445,0.312647483193641,104.71517447741,6.05989074522798,0.424653430722431,5.38544295519806,0.07577133266651,0.0416442223277563,0.172110347035905,0.99650341536011,1.34500837212071,0.355647625616395,0.265069030083644,0.0730661774493164,0.121933563079268,0.27327647620075,2841.65759104746,8.12841036111111,0.549267441554877,38.5057115966984,0.0847588163382053,0.0785135630792681,0.277912503978528,3.68060060301358,2.83979763888889,0.432189108221544,4.38427165225395,0.0768146718093336,0.0852481352909369,0.175474312020663,78.6595984403155,2.813267139976,0.312176842390555,0.957509030083644,0.0788476906769851,0.105498602412053,0.206208037607356,78.6595984403155,2.90824353212056,0.341074086114103,0.957509030083644,0.0728028718937608,0.120090424190379,0.29223447620075,82.3565006030136,8.11261202777778,0.390494191554877,5.07591165225395,0.0625154684547628,0.148674796856497,0.325876954274023,85.7683966903156,8.95216536545389,0.493980613891881,2.55049755786142,0.0868938689626322,0.0834724068146756,0.321237437192509,292.218904892729,2.30561354518057,0.450365381350706,16.3371146757607,0.0775442022959655,0.127118517925787,0.420821826081398,214.72940489273,8.42298240629168,0.502038686906261,15.6446746757607
291120241757550,Banana bar apple & cinnamon,"dried banana (60%), gluten free whole grain oat flakes, pumpkin seeds, dried apple powder (7%), pecan nuts, apple fibre, ground cinnamon (0,5%)",France,Cereals and Cereal Products,Biscuits,Biscuits,EUwest,0.448385944905078,0.0897618364550526,0.61285817278045,315.549683885564,35.5327415272446,0.702997185832813,12.7065558240775,0.0072497691595892,0.0003397267047821,0.0072946006704617,7.20137758252129,0.791925033765231,0.0024226263092205,0.229877890685945,0.434170921462403,0.089095715511575,0.598555245714363,301.42954448503,33.9799703048776,0.698247008410562,12.2558215271473,0.462600968347754,0.0904279573985302,0.627161099846536,329.669823286099,37.0855127496116,0.707747363255064,13.1572901210077,0.110689736726486,0.100104045283503,0.210610319252912,38.3580589910525,2.26343875864922,0.484118563369238,27.1345695924974,1.25536720325039,0.0907627939534397,0.341642044397943,2096.70360731292,109.964904122838,0.815378569109761,38.5414853899961,0.225089349029661,0.116949473920146,0.271961654110792,14.8987147823743,7.2213861799696,0.458813898865429,23.035815224538,0.195742806407204,0.0854292371715021,0.367401267690156,179.772307312455,4.90151855296329,0.651201482302182,7.62430951071121,0.203238181788713,0.107246946860018,0.431360026827717,179.680979836083,4.89697182384407,0.704360225298727,7.52612175442339,0.13062936824078,0.0791942767570808,0.954218536419229,250.641483930231,8.58331267758249,0.791069394227815,12.1107440982513,0.24739257277924,0.136460089895302,2.50107097622037,198.405446320557,15.8082496876988,1.10808124481564,56.9924686897981,1.15925467804345,0.0781057640664059,0.809643721244435,177.537727885199,107.902960873047,0.783025646307661,7.24957203816425,0.74570182238293,0.0360916544448818,0.945009855588047,1022.72535265995,88.3892251629917,0.695701234264683,33.7047136954701
291120241977265,Nature mie bread the angelus,"flour of wheat (47%), water, levain (flour of wheat , water, yeast , untreated sea salt), sunflower oil , brown sugar , yeast , untreated sail, gluten de wheat , wheat malte flour, acerola extract , starch of wheat ,  soya flour, ingredients of agricultural origin",France,Cereals and Cereal Products,Biscuits,Biscuits,EUwest,0.170806158793238,0.0841432280783153,0.63136737079309,59.8895927746044,1.06867669373295,0.568999445084377,3.83086670697447,0.0008682728451534,0.0001890671258903,0.0058202687768538,7.10226407059295,0.0177077342278737,0.0020230683381499,0.137158149795287,0.169103688193582,0.0837725137055388,0.619955247829669,45.9637907197885,1.03395615965457,0.565032703079234,3.561933135191,0.172508629392894,0.0845139424510917,0.642779493756511,73.8153948294203,1.10339722781133,0.57296618708952,4.09980027875794,0.1266846321966,0.0728396279615197,0.343222932738209,0.389590188996767,0.556288412759121,0.439108697812748,0.173208098823945,0.122429978595011,0.0750138476337116,0.286415554610073,6642.60068090272,0.860719561167493,0.881344759674815,86.8218121180752,0.128842583182423,0.0757581331109232,0.417142287918113,2.74280170487592,0.180404435762875,0.612030476872597,2.56624242981606,0.139289002663802,0.0779006980947299,0.410415608771903,2.30251371732209,0.371519705721005,0.551473614951136,2.46436118807369,0.166521599372265,0.0751829789718529,0.405907572264623,0.389590188996767,0.621316403295869,0.589083162474075,0.173208098823945,0.154324898155819,0.0804883837192561,0.560601620827595,2.1223995248902,0.387357828387148,0.565004654519636,2.44263066402098,0.15486134314079,0.0815403252860643,0.812671205749315,119.20696654307,0.460488117462251,0.705879582707407,8.7863227738238,0.220447620409721,0.0901627539848939,1.2919056147859,3.24315094680675,2.04671394931177,0.451008260202274,2.46202419282984,0.246694117426679,0.0980105102159896,1.32241950571136,1.51034161091332,2.382139602276,0.613892021184192,0.192601627632807
291120242340675,Stuffed raisin cookies,"wheat flour , raisins (28%) , palm oil (unheard), corn and barley syrup , date syrup , apple juice , rijsmidd (sodium bicarbonate), salt,of organic agriculture",Netherlands,Cereals and Cereal Products,Biscuits,Biscuits,EUwest,0.153264228573219,0.404305159724646,0.683540738053035,378.036373481555,9.19589294081416,0.890029236192901,11.594419089922,0.000539837298112,0.0006483498782524,0.0033037655261361,10.3950008578962,0.0890267246655286,0.0032381831043803,0.163164528708948,0.15220573971944,0.403033904252156,0.677062862224256,357.654320256292,9.0213333168748,0.883679951446426,11.2744933723503,0.154322717426997,0.405576415197135,0.690018613881813,398.418426706819,9.37045256475352,0.896378520939375,11.9143448074937,0.140240740534964,0.286088424113057,0.417777600893417,28.9526701855875,2.0300214058542,0.566508301585094,5.89570058685562,0.217968924794711,0.45117494647395,0.786278887327186,6701.51534010966,14.8015370856962,1.123597162989,110.835936100688,0.143008425359831,0.377275799432374,0.497476039245587,28.3871471199647,3.85326616596706,0.702938762000351,5.71391078107243,0.141128604836729,0.385087526693482,0.497663583176286,103.114146650687,3.96946124119783,0.59942737943513,6.5986009950672,0.152973262027918,0.376039698453333,0.557003276609946,268.172903394637,6.63218891313896,,8.52682644255737,0.164272444730555,0.36075732164123,0.56714566098539,521.916917556682,7.21381814849052,1.04776864535958,12.3321330458554,0.119606323631473,0.440536657798495,0.749202148965826,386.370569020978,14.5835640283764,0.872343632181374,31.8874904311689,0.138822903072868,0.437195271882232,0.816323406976502,524.122264501925,16.2503912036242,1.25674896196025,12.5147557991788,0.258166215015997,0.437054618549567,0.923764186101714,523.190998767735,16.3942794851682,0.991579206010827,12.2795852599884
291120241887794,3 -minute spaghetti (economical offer),ble hard quality semolina (100%),France,Cereals and Cereal Products,"Pasta, rice and other miscellaneous cereals",Pasta,EUwest,0.151220333333333,0.100256666666667,0.480713666666667,62.7145133333333,0.369506333333333,0.711720976915356,2.53565733333333,0.000751976637215,0.0002138492618611,0.003410153996042,12.1482558838668,0.0106792393525377,0.0029145245393298,0.213842359502896,0.149745891141996,0.0998373605889643,0.474027189079618,38.8947559899743,0.348566957967778,0.706006307421911,2.11636478946662,0.152694775524671,0.100675972744369,0.487400144253715,86.5342706766924,0.390445708698888,0.717435646408802,2.95494987720005,0.137,0.096,0.267,0.508,0.225,0.529,0.219,0.118,0.099,0.351,10479.972,0.227,1.323,127.181,0.099,0.097,0.397,23.436,0.162,0.802,5.792,0.147,0.081,0.362,0.508,0.241,0.445,0.219,0.147,0.104,0.384,0.508,0.528,0.736,0.219,0.153,0.112,0.359,0.508,0.551,0.582,0.219,0.205,0.1,0.374,0.508,0.336,0.785,0.219,0.274,0.086,0.415,0.508,0.984,0.469,0.219,0.155,0.123,0.935,0.748,0.22,0.959,0.4
291120241567143,porridge protéiné,"porridge oats, whey protein concentrate (milk), milk protein concentrate, flavouring, sweetener (sucralose)",France,Cereals and Cereal Products,Breakfast cereals,High fibre breakfast cereals,EUwest,0.277283551532887,0.185655993608607,0.975311282241039,517.027789435464,0.781502744694985,1.06734060651531,15.4949983417847,0.0016954494391339,0.0004659869169756,0.0092147969025758,10.5017868358247,0.0335873850172829,0.0034524771327959,0.29386742458658,0.273959190026661,0.184742307282467,0.957243320198916,496.436355035961,0.71564610086415,1.06057114361274,14.9187962258853,0.280607913039113,0.186569679934748,0.993379244283161,537.619223834968,0.847359388525819,1.07411006941787,16.071200457684,0.213052648003688,0.151286188744757,0.371116672705781,32.7057118251943,0.191417546872376,0.701740232617778,1.26657463348501,0.554981389241438,0.188718480645205,0.632468839375398,3979.92524973333,8.62617061883595,1.7639019037765,103.140342425678,0.257021586750246,0.184487224124811,0.450081297393476,252.352096670981,0.268587520998987,0.993370948793923,9.19668680027481,0.224877482827182,0.170527255230703,0.631413673264627,274.398930151257,0.465511379456445,0.864847725493592,9.27026747327926,0.253432285628078,0.180449260362372,0.469822453565399,564.397411642097,0.29730192997633,0.898703131696744,14.8507333929699,0.202001013212688,0.156694971277754,1.61988996497926,274.572897722512,0.293139840965842,1.06062774451996,9.37134954832004,0.363077962454847,0.205819088021209,0.705490876261939,530.729318453521,0.375237984749216,0.902311938629329,14.725107853694,0.217255542981902,0.163424910881818,1.63918245851091,564.571379213351,0.247824914298472,1.08171488861269,14.9518154680107,0.570684581650923,0.194999757608999,0.580872635744234,2642.32687163078,8.27755974734539,1.50592088562068,77.2655192986096
291120242031723,Organic Italian pasta gigli,"durum wheat semolina, water",France,Cereals and Cereal Products,"Pasta, rice and other miscellaneous cereals",Pasta,EUwest,0.31471047962963,0.0911201666666666,0.430681759259259,2.0098821904321,1.93668226512346,0.569785955555555,0.666582908024691,0.0026393448519567,0.0002763654285894,0.0042760259351051,0.0939863683425879,0.0729771652427659,0.0080331024420551,0.0376013175709254,0.309535370171938,0.0905782816825154,0.422297518661942,1.82559791877158,1.79359190019318,0.554035007212575,0.592855924588371,0.319885589087321,0.0916620516508179,0.439065999856576,2.19416646209262,2.07977263005373,0.585536903898536,0.740309891461011,0.238735185185185,0.0749314814814814,0.361587962962963,0.442618518518518,0.857355555555555,0.408637962962963,0.190813888888889,0.849513888888889,0.0949712962962963,0.0505351851851852,7.5271287037037,17.2717064814815,0.410380555555555,0.191685185185185,0.238735185185185,0.0749314814814814,0.361587962962963,0.442618518518518,0.857355555555555,0.408637962962963,0.190813888888889,0.238735185185185,0.0749314814814814,0.361587962962963,0.442618518518518,0.857355555555555,0.408637962962963,0.190813888888889,0.238735185185185,0.0749314814814814,0.361587962962963,0.442618518518518,0.857355555555555,0.408637962962963,0.190813888888889,0.321508333333333,0.0949712962962963,0.476599074074074,0.442618518518518,1.15533888888889,0.429549074074074,0.190813888888889,0.321508333333333,0.0949712962962963,0.476599074074074,0.442618518518518,1.15533888888889,0.429549074074074,0.190813888888889,0.236992592592593,0.128951851851852,1.32001388888889,22.992637962963,0.358102777777778,2.3525,9.57990277777778,0.849513888888889,0.0949712962962963,0.0505351851851852,7.5271287037037,17.2717064814815,0.410380555555555,0.191685185185185
291120242278347,Sugo alla Siciliana,"tomato pulp (79%) , green and black olives (11%) , extra virgin olive oil (2%) , carrots, rice starch, onion, celery, salt, sugar, garlic, oregano",France,Cereals and Cereal Products,"Pasta, rice and other miscellaneous cereals",Pasta,EUwest,0.112474505336092,0.135962592360239,0.326418651428705,485.79399098434,4.19750298193486,,11.2140252987296,0.0005001531192365,0.0013507817511272,0.0018280569831771,8.04919696841817,0.0142599916625749,,0.11590988501538,0.111493827447132,0.133314039856631,0.32283427897513,470.011485213183,4.16954262743064,,10.9867543751372,0.113455183225052,0.138611144863848,0.33000302388228,501.576496755497,4.22546333643908,,11.441296222322,0.136022646192821,0.0691098412002999,0.167346650987066,17.9283163400955,4.39304159470003,,3.58268620818642,0.0666725257210913,0.230399843110709,0.363629299402766,2039.13889723577,2.47128103934149,,30.8085572964605,0.132515838318806,0.08764948791946,0.292836182745596,43.172880656631,4.56842120309898,,13.0616437467691,0.135981289762375,0.0910167241399324,0.41651698799494,21.8216182991507,4.58940976267903,,2.09054736094232,0.0859040795267094,0.0792092639923166,0.20498083540894,435.049914460207,3.74900431228865,,14.0577590769335,0.144013179525881,0.101744720080108,0.283024712703613,436.836015940096,4.93538451227547,,9.25475380818642,0.0864609383195165,0.0892990740818374,0.319679302552372,920.903896976976,3.66510720312102,,19.7303776408175,0.121040437268663,0.0988925772979556,0.169742135800726,1328.79038065663,4.26894869075316,,22.4238039467691,0.0790088123352645,0.239996336024095,0.550903435360771,937.649509255716,3.21765060994516,,15.000336268639
291120242097207,Chocolate balls,"corn flour (32%), chocolate powder (21%) (sugar, cocoa powder), wheat flour, corn grind, rice flour, oligofructose, sugar, sunflower oil, dining salt",Germany,Cereals and Cereal Products,Biscuits,Biscuits,EUwest,0.73568715866877,0.181917119093763,1.51719162695683,637.770119238819,17.099477188377,1.43014876849291,46.4320102048604,0.0031150834865432,0.0010946520820604,0.0108736744104704,20.8151651524638,0.230425416225511,0.0066322885145855,0.593713567959564,0.729579242152761,0.179770774201184,1.49587101201719,596.956673445989,16.6476693278328,1.41714447350943,45.2678831683994,0.741795075184778,0.184063463986343,1.53851224189646,678.58356503165,17.5512850489213,1.44315306347639,47.5961372413215,0.502300997131417,0.0910751688385826,0.450287614410725,169.729241736441,14.2773137820203,0.834911792237464,58.1566571193432,1.02496340366642,2.0582880818353,2.8209465047665,312.417160838837,446.45372471015,2.08641478775679,79.3815249400367,0.589175251424332,0.151244662794566,1.02718503460959,83.5830556401445,9.39233409933151,1.09314387257237,25.2800474963426,0.639432800219957,0.168688394688552,1.12058279604766,3.44293896920727,11.2412272476132,1.50075938715773,0.500490174948903,0.62442769003,0.121844144276146,1.35393905554555,481.831168789954,10.3388929272092,1.25869111204673,28.9584870730011,0.831343428271169,0.149587933675991,1.54018901384698,265.66153485085,11.331460435265,1.23040305179418,69.3704426624569,0.555914936240381,0.178794125994566,3.26342644310721,224.182822500817,12.8035367079435,1.22869452011004,81.6722021845766,0.626055420585241,0.148397376201499,2.17593902315597,1777.4052752447,11.1959535281697,1.60014320767126,39.8212641223716,1.2933889286969,0.207667338280925,0.825140651970567,1696.39349647717,43.4877626851065,2.00996766184035,25.4281058954207
291120241728255,Butter chocolate breads (x 8) - Leclerc,"wheat flour, butter (24%), water, sugar, yeast, salt, wheat gluten, enzymes, emulsifier (e471), flour treatment agent (e300), chocolate (10%) (sugar, cocoa paste, cocoa butter, emulsifier e322 (soy lecithin), natural vanilla extract)",France,Cereals and Cereal Products,Bread,"White bread (not high fibre, not multiseed bread)",EUwest,0.125916475764163,0.113096688077931,0.436482556826598,267.313739264186,1.11010597650255,0.768510096137711,14.5903796472467,0.0003953553678946,0.0003924318540127,0.0030157488030877,5.03306876918176,0.0149374426109615,0.002328184587681,0.204762271196013,0.125141280623587,0.11232722523275,0.430569411319557,257.445122903087,1.08081730644778,0.763945095823323,14.1888909348265,0.126691670904739,0.113866150923112,0.442395702333639,277.182355625286,1.13939464655732,0.773075096452098,14.9918683596668,0.11321730636487,0.0836751553023495,0.28761497756323,17.8747977735813,1.51046685782163,0.613509510635359,0.856736262417695,0.115037119625562,0.110284293554793,0.670583856610026,4837.03035346899,1.06218902909989,1.4090104390934,90.3508627479245,0.12772520852146,0.0915399875027892,0.304987326747257,153.40441958043,0.257449309547252,0.553883149099306,13.3167960452763,0.115253400370949,0.10245050415249,0.334096684287629,149.689855182988,1.63290171572991,0.753478533370465,5.55036156741886,0.134846809963401,0.102557476585499,0.315200508046351,164.962682785165,0.396416926470088,0.608828405540189,13.5268164361655,0.130904777136781,0.102037914766924,0.60530455342351,153.319709913763,0.287620463164414,0.641177825190887,13.3167960452763,0.0931339063648701,0.0754890219690162,0.365420710896564,554.739574973582,1.54773039115496,,10.0577453290844,0.148230459763478,0.116224175452137,0.471221025522263,465.265897056249,0.73484565249733,0.883715938630607,21.0080642159954,0.133763543296735,0.115161676585499,0.428656974713018,661.207128118498,0.615751793136755,0.971642005540189,23.2995719028322
291120242336632,Mie - wheat noodles,"soft wheat (76%), water, salt, acidity (sodium bicarbonate, potassium carbonate)",Switzerland,Cereals and Cereal Products,"Pasta, rice and other miscellaneous cereals",Pasta,EUwest,0.18578656,0.0955983733333333,1.11151393333333,228.841678466667,1.61353928,0.81358,4.61912445333333,0.0022887318001086,0.0004121636524881,0.0179312975579829,23.6059303859339,0.049863188217249,0.0076447859430947,0.337606219447369,0.181298916948703,0.0947902212593342,1.07635504626626,182.556224897656,1.51576976847049,0.798590445297891,3.95716126275511,0.190274203051297,0.0964065254073325,1.1466728204004,275.127132035677,1.71130879152951,0.828569554702109,5.28108764391156,0.11476,0.0722,0.07752,0.63156,0.15656,0.34504,0.19076,0.33668,0.10944,0.49172,17421.77564,0.9804,1.37484,274.51352,0.13452,0.09652,0.0722,0.1368,0.19988,0.52288,0.16644,0.1254,0.06992,0.30172,0.38608,0.2052,0.44156,0.16644,0.10032,0.07448,0.51528,18.2286,0.16492,0.61332,4.503,0.13908,0.09348,1.0906,0.1368,1.2198,0.69692,0.16644,0.22496,0.0988,1.85136,0.1368,1.96916,1.4896,0.16644,0.18164,0.10184,2.99972,0.1368,1.5884,0.76456,0.16644,0.21812,0.10488,3.6214,0.1368,1.91216,1.7632,0.16644
291120242177764,Breugel 6p 22cm,"apple (43%) (jonagold), wheat flour, whey (milk), sugar, raisin (3%), glucose, vegetable oil (palm, rapeseed, shuttle, cotton seeds), almond (2%), egg, yeast, modified starch (e1414 (potato)), skimmed milk, starch (wheat), salt, emulsifier (e471), lactoserum powder (milk), lifting powder (e450, e500), vegetable fat (palm), spice, flourof wheat, aroma (butter), antioxidant (e300), yeast extract, flour treatment agent (e300), coloring (e160a), acidifying (e330), dacidity corrector (e330, e509)",Belgium,Cereals and Cereal Products,"Buns, cakes, pastries and fruit pies",Buns cakes and pastries,EUwest,0.12209973858379,0.121221205324431,0.384713766413543,1106.79993233575,2.82590285001972,0.743284683455083,23.532101817229,0.0004835368748129,0.0002803269696903,0.0023853593719654,11.3201475536854,0.0186027501720447,0.0022955314902262,0.182207351371788,0.121151641084469,0.120671552727494,0.380036660336746,1084.60389280567,2.78942740866804,0.738783707875218,23.1748377838285,0.123047836083111,0.121770857921368,0.389390872490341,1128.99597186583,2.86237829137141,0.747785659034947,23.8893658506295,0.0988974921892756,0.0962768841435306,0.240287573427428,142.723424577548,2.18399829065663,0.513910911035885,5.80818497140124,0.198827623735913,0.132772293536174,0.497527405196047,5673.68089400654,1.95138170509716,1.14136695079185,97.4773849227192,0.0979441365647253,0.111424803194436,0.436818198054195,202.363254958548,2.36780178576239,,21.9901481145462,0.131279077978011,0.114493257969949,0.265623087317682,284.879980539082,3.29420689484239,0.547372741759338,12.3246049403219,0.110162897282733,0.121673863648463,0.913064295359899,231.957523239879,3.44672890357563,0.641690221600458,7.59211389178682,0.127082668866563,0.104065086932942,0.286035007026401,1399.50525418972,3.37646577613547,0.683179431777324,23.6585116515103,0.16670017580551,0.131656427920972,0.391000442861876,1386.95683484508,2.95865402186854,0.85966928538188,23.9021155352748,0.137785308023604,0.152175674564169,0.540989066719587,1464.34787300234,3.8090057300732,0.964228702963203,22.9229039373656,0.139271100091301,0.14351667485263,0.796432836937424,1533.86368261352,3.45814016800459,1.1106153648888,25.2196226993612
291120241999768,Provencal pasta and lenses,"pastes in precious (40%) (durum wheat semolina, water, rapeseed oil, salt), water, green lenses rehydrated (13%) , peeled tomatoes crushed with juice (6.6%) (tomatoes, tomato juice, acidifying citric acid),double tomato concentrate (4.4%) , carrots, grilled buckwheat (3.3%) , red peppers, creme fraiche, onions, extra virgin olive oil (1.6%), wheat flour, sugar, garlic puree (0.5%) , salt, parsley, oregano, basil, thyme",France,Cereals and Cereal Products,"Pasta, rice and other miscellaneous cereals",Pasta,EUwest,0.134455293681366,0.0842212666828765,0.343735929726431,551.326039424636,2.15245269621773,,7.89096023813394,0.0006676497462657,0.0002271833886183,0.0013228217831636,6.28990427117269,0.0135592601007922,,0.0880084236074541,0.133146195890009,0.0837758156452079,0.341142199878732,538.993076167642,2.12586630485061,,7.71839725341075,0.135764391472722,0.084666717720545,0.346329659574129,563.65900268163,2.17903908758484,,8.06352322285713,0.110500704685636,0.0695460695326872,0.260206542590882,20.0088897080188,1.73022141252294,,1.60045722248755,0.104873419553181,0.0925741386941133,0.362995985515604,3845.45540452438,1.20679574062996,,50.3732417804207,0.127843607316273,0.0899042986446101,0.324626804344698,75.0681744523537,2.06065588137575,,2.38892049083338,0.153611979220098,0.0693593583145232,0.303214939490343,225.760386380136,2.294804701334,,4.51601272079235,0.103697654187456,0.0732961379313072,0.293413133755349,556.021291594238,1.6711497755529,,7.26625835985318,0.128631226320783,0.085541188120166,0.328999086393326,542.483478840697,2.40090418904757,,8.56840640588658,0.139689165965124,0.0791171278024977,0.349188127802677,611.128729878165,2.0836321922217,,7.94819148776945,0.106644681195394,0.0675291671129612,0.287823489770449,987.720300389869,1.16100471052067,,14.390364593698,0.121099112989393,0.0750754334948974,0.229282351357151,1300.1325640265,1.19599377210199,,17.1711019497483
291120241728579,grape bread,"grape bread (wheat flour (gluten), pastry cream (25%) (water, sugar, modified potato, lactrum powder (milk), whole milk powder, thickening xanthan gum, carotenoid coloring, aroma), raisins (15%) (grapes, cotton or rapeseed oil), water, butter (12%) (lat), sugar, yeast, whole milk powder, gluten of ble, salt, malted wheat flour (gluten), enzymes,flour treatment agent e300, emulsifier sunflower lecithin)",France,Cereals and Cereal Products,Bread,"White bread (not high fibre, not multiseed bread)",EUwest,0.132005328114851,0.245034013862757,0.476470815644741,394.938332714746,0.895316392501341,0.892232537799628,13.0790554583789,0.0002595734135949,0.0001570093494477,0.0019469909638808,4.15433452513555,0.0098497299212476,0.0021225257617859,0.0898113593121659,0.13149636816342,0.244726156945663,0.472653242755867,386.792699196828,0.876003482165519,0.888070784122056,12.9029573578825,0.132514288066281,0.245341870779852,0.480288388533615,403.083966232663,0.914629302837163,0.8963942914772,13.2551535588753,0.104644477021951,0.223082965008048,0.332482760538409,35.1619956175729,0.26663,0.599380755056336,3.62922970055041,0.123161272132409,0.248366397975132,0.432810802272142,3207.46189032225,0.935711212797684,0.985816238820068,48.7144826542327,0.123654477021951,0.239432965008048,0.404722760538409,240.684485617573,0.38614,0.782300755056336,10.3528797005504,0.128374477021951,0.246022965008048,0.438422760538409,216.895245617573,0.22565,0.890110755056336,10.1877997005504,0.126884477021951,0.237552965008048,0.495342760538409,258.994715617573,0.3658,0.808890755056336,12.0543097005504,0.149560815977325,0.24487375737747,0.423806985874915,350.158218159773,1.56771690213915,1.0171732875172,9.63195760918655,0.130764477021951,0.241952965008048,0.507752760538409,474.125215617573,0.25966,0.794850755056336,14.8333597005504,0.131094477021951,0.242642965008048,0.509702760538409,598.709925617573,1.24464,0.943970755056336,17.9905297005504,0.132188594221661,0.275948991356988,0.729205843585973,497.90461532315,1.0984948277346,,15.3806670880045
291120241588031,Danish Butter Cookies,"wheat flour, butter (26%), sugar, pearl sugar, desiccated cocnut, rasing agent (ammonium hydrogen carbonate), salt, natural flavour, invert sugar syrup",France,Cereals and Cereal Products,Biscuits,Biscuits,EUwest,0.162656002384245,0.143166236910296,0.577932908548348,345.87742818287,2.3405555266137,0.980787309982809,27.3471570990601,0.0006305971849689,0.001019761744712,0.0071071745027842,6.2159608227896,0.0372030116923495,0.0048727729758736,0.507491782097248,0.161419555599541,0.14116673364503,0.563997478337493,333.689449935613,2.26760952354747,0.971232994451085,26.3520898878599,0.163892449168948,0.145165740175562,0.591868338759202,358.065406430126,2.41350152967994,0.990341625514533,28.3422243102602,0.110334114135688,0.0912054658657701,0.334631686252825,19.5825811413569,3.69951359315257,0.659769947313216,1.0556248948134,0.152540616732634,0.119361312308477,1.09951855578759,4018.42150649955,1.39989597021831,1.6896051895406,120.378027365997,0.138414114135688,0.10108546586577,0.384551686252825,159.643801141357,3.73123359315257,0.814469947313216,5.6937648948134,0.129834114135688,0.10498546586577,0.447731686252825,152.891341141357,3.65635359315257,0.863089947313216,7.1151848948134,0.182909127213901,0.114024842500547,0.3617071915402,179.580949927967,0.19682,0.779713897503827,28.2127504098041,0.182909127213901,0.110124842500547,0.3947271915402,330.398629927967,0.16302,0.728233897503827,32.0688104098041,0.252626423753736,0.121764980289197,0.735379487893069,313.275661507924,3.3026163165105,,54.2517890773032,0.172431758463445,0.152006154809024,0.752142525875975,811.722528158039,1.48649271560354,1.21681912020738,43.5659388516177,0.158520616732634,0.125081312308477,1.11121855578759,1286.94600649955,1.34009597021831,1.6212251895406,88.7742473659969
291120241973738,Full lifejobs without added salt,"wheat flour (99%), glucose-fructose syrup, palm oil, yeast, minerals (calcium (phosphate), zinc (sulfate)), vitamins (e, thiamine (b1), niacine (pp), b6, folic acid (b9)), flour treatment agent (ascorbic acid)",France,Cereals and Cereal Products,Bread,"White bread (not high fibre, not multiseed bread)",EUwest,0.156211415333333,0.106556728,0.487664755,44.949501497,0.979959492,0.715435241298527,2.00012220766667,0.0011149659518496,0.0002086688962183,0.0034026679818041,9.84112374521042,0.0219254149732363,0.0029431791506527,0.171541605631462,0.154025239912511,0.106147579351787,0.480992955655188,25.6534657666209,0.936969117965443,0.709664387123511,1.66377109195976,0.158397590754155,0.106965876648213,0.494336554344812,64.2455372273791,1.02294986603456,0.721206095473544,2.33647332337358,0.138697,0.096776,0.266617,0.538188,0.319615,0.531619,0.223419,0.118958,0.107109,0.364141,10385.719472,1.029747,1.326933,126.042761,0.100679,0.100817,0.400087,23.228826,0.438842,0.810512,5.746262,0.100129,0.105127,0.409727,23.292296,0.965332,0.810622,5.746262,0.148277,0.108194,0.385904,0.515478,0.721908,0.739536,0.223499,0.165535,0.100172,0.409727,0.570648,1.07236,0.591611,0.223419,0.205175,0.1081,0.386934,0.570648,1.137766,0.793775,0.223419,0.273554,0.094226,0.427565,0.570648,1.779934,0.480619,0.223419,0.155625,0.130893,0.942885,0.808488,1.02281,0.966209,0.40279
291120242006527,The Cereal Sabled Minis,"wheat flour (38%),milk chocolate (29%) (sugar, cocoa butter, cocoa paste, skimmed milk powder, lactose, anhydrous dairy fat, powdered lactrum, emulsifier lecithins (sunflower)),palm fat,sugar ,full wheat flour (11%) ,inverted sugar syrup,powder to reduction e503, e500, e450,wheat sound (0.5%),salt ,aroma,enzymes (including wheat),traces of hull fruits, sesame seeds and eggs",France,Cereals and Cereal Products,Biscuits,Biscuits,EUwest,0.487898720378565,0.126021755326764,0.820634202921789,159.898980274214,11.4188920476,1.03842792916193,18.0786186629707,0.0019534653568464,0.0008846703491883,0.0056082770614425,6.87785075227687,0.137682926298865,0.0051533258525606,0.389154666625975,0.484068452789245,0.12428713323385,0.809637743841989,146.413197826987,11.1489295174957,1.02832351808492,17.3155815803902,0.491728987967885,0.127756377419678,0.83163066200159,173.384762721441,11.6888545777042,1.04853234023894,18.8416557455511,0.30597892080778,0.0782813178770506,0.274615838424836,20.5740789231268,10.887275600668,0.530678525968571,1.34776420621561,0.520374732138708,0.107167003142825,0.735597884084365,5296.70478004888,8.65448338346629,1.25881661321475,81.2708579000339,0.382872575007208,0.0773037538170384,0.649651226766533,42.4285475465284,14.2039051311054,0.704461518589843,1.68363960878041,0.382234557462504,0.0963053796699899,0.677797366818265,43.5367341980021,8.84133393489138,0.945711189191493,1.86117309297138,0.481709403211834,0.0845272077003113,0.581301278211146,69.5633343477126,19.0553882197775,0.711297906999625,4.78136549978458,0.399356499047929,0.211272925080059,0.77674202376761,21.5602096532643,9.5068175711338,1.11626398206162,1.55000330694772,0.50586847425876,0.215653787517312,0.905780563331513,43.9062757463997,12.0495375082448,1.27296526915975,1.86876674421824,0.675175549066624,0.201720234377316,1.08534356291692,80.7236208893803,13.0394164974829,1.37427131543815,3.46742111421802,0.88416843059185,0.255560336525739,0.707956651811309,38.0537027718922,30.9491448452307,1.73919246796268,2.53740548979225
291120242546643,Penne Rigate,durum wheat semolina (europe),Switzerland,Cereals and Cereal Products,"Pasta, rice and other miscellaneous cereals",Pasta,EUwest,0.249958,0.125899666666667,1.41807,264.966680333333,2.29382566666667,1.06131515151515,5.19586,0.0032072928856828,0.0005456981419402,0.0225819137309859,29.7776175455087,0.073387928721335,0.0097644867691929,0.417123034984501,0.243669283414148,0.124829686132177,1.37379239253413,206.580058337716,2.14992989506085,1.04216938214315,4.37798379039107,0.256246716585852,0.126969647201156,1.46234760746587,323.353302328951,2.43772143827248,1.08046092088716,6.01373620960893,0.151,0.095,0.102,0.831,0.206,0.454,0.251,0.443,0.144,0.647,22923.389,1.29,1.809,361.202,0.177,0.127,0.095,0.18,0.263,0.688,0.219,0.165,0.092,0.397,0.508,0.27,0.581,0.219,0.109,0.145,0.563,6.072,0.496,1.842,0.219,0.244,0.171,0.981,22.775,0.377,0.71,10.178,0.193,0.117,2.717,0.18,1.688,0.807,0.219,0.239,0.134,3.947,0.18,2.09,1.006,0.219,0.287,0.138,4.765,0.18,2.516,2.32,0.219
291120242052080,Pear clafoutis,"pears (25%), almond milk, eggs, coconut flower sugar, chestnut flour, rice flour, almond powder, coconut beure (water, rapeseed oil , coconut oil (18%) ,kanite butter, carrot juice , lemon juice , emulsifier (sunflower lecithin, sea salt), vanilla extract",France,Cereals and Cereal Products,"Buns, cakes, pastries and fruit pies",Buns cakes and pastries,EUwest,0.547687543878953,0.250759761180871,2.14997250458304,14362.8788079673,15.6557034490199,3.57180380991577,272.425817131185,0.002445259825841,0.0023611260602778,0.0100271090390176,136.595634000624,0.114707063703607,0.0218318408110178,1.82112147554764,0.542892987668596,0.246130170698867,2.13031179719853,14095.0481920204,15.4307909637126,3.52899691191752,268.855043511086,0.552482100089309,0.255389351662875,2.16963321196754,14630.7094239143,15.8806159343272,3.61461070791401,275.996590751284,0.514204768560631,0.22865112353865,1.17730910299515,1798.4986970166,15.5744389166528,1.90210761360913,66.4281023665085,0.570822409558777,0.133276732849832,1.83844641977765,29882.3376851337,26.9509515902817,3.28595854057176,449.799024552075,0.561043812382885,0.232051425352131,1.16171487958481,2856.95065303283,17.7053961540948,1.87774477879902,77.7218808669272,0.458537022894738,0.230087140050009,1.77336991339623,3394.59356827845,9.74070818209007,,163.589268294588,0.417025660215493,0.21038961985716,1.37867013905092,6917.76042833674,8.79909992669409,2.38683350290227,132.230666469322,0.588253354213211,0.0572813460976062,1.92510889255289,14616.14875712,9.22019466384264,2.79317345620189,278.580439596854,0.70474684553012,0.390948257214761,2.66027818149547,20461.2125465198,17.1307300607339,5.32928874567598,311.003190289771,0.473480302109005,0.141215755629007,1.80542046985893,23982.5579126198,22.4478613923443,3.46939324172886,367.047630941861,0.620925640713558,0.0861640993422463,1.5432931645943,25272.1246967443,25.0826853413953,3.05173490389405,472.525529183318
291120242123728,Edeka organic chocolate rice waffles,"milk chocolate (60%) (pipe -ripe sugar, cocoa butter, whole milk powder (21%), cocoa mass, vanilla extract), rice (39%), sesam , sea salt",Germany,Cereals and Cereal Products,Biscuits,Biscuits,EUwest,1.25960266837694,0.334571273298486,2.55911480628963,2292.74181743156,33.1391924772594,2.51132302256335,159.557217892052,0.0061958306658589,0.0028348121885752,0.0372658209351398,84.3565233644384,0.463995050978848,0.0185660815801787,2.37869183572252,1.24745416044196,0.329012900220789,2.4860456496665,2127.33931553507,32.2294117129677,2.47491947934821,154.893185222409,1.27175117631192,0.340129646376183,2.63218396291276,2458.14431932805,34.0489732415511,2.54772656577849,164.221250561695,0.696612673716172,0.131478029638565,0.631419457415433,288.611494825381,28.2082431551784,0.977933490941502,18.0068152729437,1.25653592475141,0.278218237570546,5.17561802418704,32744.61915243,30.8848907696856,2.68387430583177,421.105044237033,0.957431362817392,0.27715400347639,1.35560627109278,216.737319410048,19.2241569592182,1.73666157148838,46.5468691487776,0.949239682623895,0.162447293452203,1.59379601256012,985.668591106904,21.2440709844802,1.83527912913417,263.198727556732,1.01896136281739,0.45801200347639,1.52699627109278,286.276389410048,19.5148089592182,2.38297557148838,139.440909148778,1.47741564525665,0.41175634829347,1.89680411932277,243.980766348293,33.8391093265252,2.35647865412524,6.64786940768611,1.18168136281739,0.64102400347639,6.59330627109278,204.003039410048,22.5251169592182,4.09577157148838,44.5742491487776,1.33465324321419,0.244416038699275,1.64194223864553,7541.46317465144,27.2186027051868,1.75809582101586,124.685040999731,1.1864316826239,0.668625293452203,7.97297801256012,1655.8343671069,26.2000829844802,4.82788712913417,254.137101556732
291120242076498,Pastry wheat flour type 55,ble flour,France,Cereals and Cereal Products,"Pasta, rice and other miscellaneous cereals",Other cereals,EUwest,0.151220333333333,0.100256666666667,0.480713666666667,62.7145133333333,0.369506333333333,0.711720976915356,2.53565733333333,0.000751976637215,0.0002138492618611,0.003410153996042,12.1482558838668,0.0106792393525377,0.0029145245393298,0.213842359502896,0.149745891141996,0.0998373605889643,0.474027189079618,38.8947559899743,0.348566957967778,0.706006307421911,2.11636478946662,0.152694775524671,0.100675972744369,0.487400144253715,86.5342706766924,0.390445708698888,0.717435646408802,2.95494987720005,0.137,0.096,0.267,0.508,0.225,0.529,0.219,0.118,0.099,0.351,10479.972,0.227,1.323,127.181,0.099,0.097,0.397,23.436,0.162,0.802,5.792,0.147,0.081,0.362,0.508,0.241,0.445,0.219,0.147,0.104,0.384,0.508,0.528,0.736,0.219,0.153,0.112,0.359,0.508,0.551,0.582,0.219,0.205,0.1,0.374,0.508,0.336,0.785,0.219,0.274,0.086,0.415,0.508,0.984,0.469,0.219,0.155,0.123,0.935,0.748,0.22,0.959,0.4
291120242178932,Amandines 100% fresh butter,"eggs, butter (22%) (ait , coloring carotenes), sucrefs of wheat flour, almond flakes (11%) , fructose, lifting powders (e450i), sodium bicarbonate (e500ii), potato starch, emulsifier (e481), conservatives (e200, 282), thickening (e415), aroma, enzyme, coloring (e160b)",Belgium,Cereals and Cereal Products,"Buns, cakes, pastries and fruit pies",Buns cakes and pastries,EUwest,0.333296781581985,0.261923871451473,1.09110849334257,5596.71997874865,5.99084201016276,2.74875216324147,100.751708863565,0.0013739570598145,0.0010168127769149,0.0041493574293279,52.8068623558682,0.0418477618778778,0.0093980113587962,0.709437495932114,0.330602787968594,0.259930150390501,1.08297261869174,5493.17864249383,5.90878878846388,2.73032496247976,99.3606755197725,0.335990775195376,0.263917592512445,1.09924436799341,5700.26131500346,6.07289523186165,2.76717936400318,102.142742207358,0.267030893968541,0.227611336426389,0.802113086454679,987.438628422542,3.74381745784769,2.12642467013692,29.120081260043,1.0580462798461,0.355314328957791,2.07660655029988,10650.8049293278,14.3798093866697,4.8227794494738,174.918221185357,0.302548330315718,0.248007541586511,0.859371342650221,1113.71186626796,3.92359315095621,2.35718128550413,34.566421260043,0.29726399400249,0.296706310399457,0.935176572366188,1173.72722865226,4.3965951572932,2.60226543962883,36.1208514988118,0.273903784655426,0.256319639017766,1.07705420900758,2587.45870835068,7.11424174267285,2.46615701935046,54.5722857791106,0.404479797442571,0.191189289917393,1.20593770284033,5965.07656720607,4.18946307796764,3.19834316566708,114.038292851081,0.371458330315718,0.319577541586511,1.22839134265022,7926.24613626796,6.60667315095621,3.42736128550413,120.739301260043,0.462789554147335,0.14007080117687,1.14089911508431,9215.42309452925,6.61078279959262,2.7399174403078,160.788911815661,0.534912374674663,0.227432903700351,1.29357675398891,9085.89626045095,4.10693033721851,3.04454933518162,144.966013190562
291120242218791,Kurn,"full wheat flour, wheat gluten water, sunflower seeds, buckwheat crane, flax seeds, yeast, soy flakes, soy nuts, rye flour, ifromanti, brown cane sugar, but extruded semolina, carbonate ofcalclum, extruded wheat sound, barley malt flour, salt, potassfum chloride, rye malt flour, malted wheat, sourdough powder (emulsifier seiglel e322 wheat sulfate of magnestum, iodized salt, iron sulfate (id), chief of magneslum, enzyme (fromenti",Belgium,Cereals and Cereal Products,Bread,Other bread,EUwest,0.258006439636684,0.110716536209676,0.798270063773097,251.854496337734,1.95552652660053,0.775139713388701,5.37414164860149,0.0019914118826408,0.0003466111865072,0.0078648769251482,24.9740691321715,0.0486314260846345,0.0046812969328518,0.364018372490839,0.254101768195067,0.110036916482036,0.782848964507217,202.886457444628,1.86017219922454,0.765960835526832,4.66039068845161,0.261911111078301,0.111396155937316,0.813691163038976,300.822535230841,2.05088085397652,0.784318591250569,6.08789260875136,0.135491868643544,0.0936236354809783,0.450998462557267,16.8572337684957,0.5674176945172,0.691877346916442,3.82811631346196,0.465990559998882,0.13695318199105,0.970345163525765,17029.3203848921,2.67913966430492,1.51822811137939,271.707848111323,0.137878286845032,0.0909071826065551,0.672178759812205,16.7582106186656,0.588348950269627,0.679008495830878,3.80874631346196,0.152642690710336,0.118139809483565,0.485915510041764,19.6866447944861,0.455170480974981,0.577961206097255,8.20323273146198,0.258777112166131,0.103800481308186,0.412568553070203,0.255219428735659,0.617335709253518,0.6943316615904,0.204086140234655,0.219536287615475,0.0951542565049698,1.02938064338685,1.13478987684406,1.47897104307167,0.585478333322475,0.215731763410153,0.31305031734476,0.162514409975749,0.522819024569112,0.89893095127434,0.967240955118833,0.673134704255466,0.876776140234656,0.408665687380438,0.125449463090611,1.11070098787144,22.0347878578671,7.20193278935977,,1.28164400583302,0.309755881723029,0.123340617782156,2.78514623753031,1.28732536011031,3.14702249723808,1.65102402076851,0.263351763410153
291120242130403,Butter croissants for baking,"wheat flour, butter (24%) , water, sugar, yeast, wheat gluten,eggs, dining salt, flour treatment agent (ascorbic acid, enzyme xylanase)",Germany,Cereals and Cereal Products,"Buns, cakes, pastries and fruit pies",Buns cakes and pastries,EUwest,0.151151085446983,0.126046577120157,0.596395193652221,457.125295577267,1.34699308731944,0.950592667826575,14.5313557557479,0.0010275313239978,0.0004473917446636,0.0055289174140723,17.6562082639541,0.0148854718941262,0.004251696528593,0.288332605977806,0.149136347937805,0.125169351377039,0.585554339423132,422.505791306722,1.31780631912415,0.942256131242489,13.9660060648766,0.153165822956162,0.126923802863275,0.60723604788131,491.744799847812,1.37617985551473,0.958929204410661,15.0967054466192,0.129918359955994,0.0866575364907303,0.233493233339546,46.4184696691871,1.27212364395177,0.569235357047982,1.85046810635537,0.260822965504278,0.127362406459747,1.74942165750453,10398.2672754453,2.58065975715074,1.28118897851722,172.590332735315,0.154251129970794,0.0902628657844871,0.352708175358653,51.1967531505733,0.230155023805622,0.798539896762213,8.42363119575557,0.133588083511614,0.105148093565508,0.417537259510204,46.408312474201,0.724011627093047,0.953953426291688,1.83603654048256,0.128931382131274,0.145175259447133,0.45952021921967,57.9560555980651,1.55455125527062,0.741237115587035,6.70037621248655,0.225849034086094,0.170909899184642,0.385286898682787,53.8658210567335,1.82443126089624,0.771830967298221,2.02635909349358,0.121505837976257,0.163978052291992,0.533341225523377,511.029850564408,1.69946548005608,0.999895457378518,17.1462511639538,0.122370130412008,0.117891691355715,1.67771481457401,72.0327109620535,2.09179046320931,0.735495393951596,14.6521777961501,0.126094441395867,0.135039253613503,2.01129462337177,315.069986211496,2.17975442843644,0.859770947200339,16.5594195550588
291120241837466,Cocoa cocoa shortbread with agave syrup,"flour of wheat , full flour of wheat , rapeseed oil, red cane sugar, coconut (6.5%) , agave syrup (5%) , flakes of avoine , starch of wheat , fiber of wheat , lean cocoa powder (4%) , natural aromas, lifting powders (sodium carbonates, diphosphates), emulsifier rapeseed lecithins, acidifying malic acid, sea salt",France,Cereals and Cereal Products,Biscuits,Biscuits,EUwest,0.414920458777682,0.1396143888628,0.878585487500135,223.44114153529,7.21258507354931,1.12884603298713,12.8958505968227,0.0018144111047857,0.0004482120418618,0.0033885220156461,10.2378345693269,0.0873642368815857,0.0039365371270934,0.203876294229472,0.411362842552749,0.138735554717588,0.871941424933712,203.367252946339,7.04128518137543,1.12112744687593,12.4960990684524,0.418478075002616,0.140493223008013,0.885229550066557,243.515030124242,7.38388496572319,1.13656461909832,13.295602125193,0.247764219374544,0.102790456416784,0.530306416674969,33.0229820506937,6.06205827300212,0.803686400876434,7.05646126088755,0.881222377279422,0.170070938899163,0.794573011921762,6092.0163012205,21.9578170271377,1.59472503460723,101.873087487799,0.339092951205958,0.128830065914427,0.763945967038132,21.0777939118114,4.92168549747433,0.911754820634115,4.17280091631175,0.362840574691728,0.134578671669245,0.77339070926623,20.7537453816455,8.91426215449308,0.989992100981033,4.07423621044244,0.543743924744542,0.101328584995734,0.535557771457788,25.3857444528776,8.96717201726894,1.42998394918393,9.69330430473914,0.388878516913475,0.12485986965726,0.866349593123362,231.938701690953,9.87059057943092,1.01748062459301,16.8475622357669,0.342018519046504,0.139261326033672,1.11776513528175,325.058545270081,4.41852545378795,1.2739002824528,36.7588675836454,0.596578095211773,0.163661461165296,0.823696498275063,149.849674073001,16.4612319079148,1.35795922588432,14.4910569729947,0.48738733167538,0.121682496922623,1.05591354416222,502.378622594139,6.58354523301041,1.57373987473721,28.0031333892171
291120242313147,Nevaditos Bollitos puff pastry,"wheat flour, animal fat (laundry), sugar (14%), wine, salt, antioxidants (rich extracts in tocopherols, propyl gallate, ascorbyle palmitate, citric acid),contains gluten",France,Cereals and Cereal Products,"Buns, cakes, pastries and fruit pies",Buns cakes and pastries,EUwest,1.02674196685253,0.418045208727721,1.94871434964245,3339.39058396339,10.4239646430961,3.57482942952644,105.233675609863,0.029765683314201,0.0010651283303386,0.0115082468320292,14.1137633139782,0.297106593977252,0.0104630584963583,0.423243963073767,0.968378744964429,0.415956752688374,1.92614949345182,3311.7169474715,9.84141130858419,3.55431393192455,104.403797757944,1.08510518874063,0.420133664767069,1.97127920583307,3367.06422045527,11.0065179776079,3.59534492712833,106.063553461781,0.449584433381721,0.320816193387869,1.17407305893945,962.676175715394,6.71810633106014,2.7198123989929,40.6100109040862,7.90411985729729,0.546681196940001,3.91702559727665,5708.86935267792,79.1986759274607,4.69137359397072,157.643641891917,1.32481311032271,0.565154385346576,1.89590058909929,653.821793375124,7.94890444602267,4.32280334448331,42.7338829465529,0.61104991050176,0.473299699707634,1.44744150249863,3082.19759865922,7.05171778134174,2.47335180392249,84.0484004727591,0.622408428703089,0.36602855625442,1.61765717720251,3531.57703965613,4.7695825789172,3.43064984157826,108.534821020184,0.614318651462608,0.376537458956944,1.87773963060994,3524.43648791072,6.33904932216069,3.65401024250632,99.1814096886923,0.610518800961825,0.438740345457026,2.0899116490238,3524.23061905955,6.69963232085869,3.72639971672162,99.1028788913795,0.840876044263893,0.432892371209768,2.23873650420623,4167.51963915642,10.5555588676124,4.39067620238813,102.648278145613,1.12705705574032,0.825757938683084,4.34242913287524,5595.33717162696,16.8424861662756,4.53981927966168,133.765626581344
291120241842825,Dinkel Hafer Crunchy,"palm fat, rice flour, rice syrup, wholemeal flakes of small leaf, sea salt, spelled full grain flakes, barley malt flour",Germany,Cereals and Cereal Products,Biscuits,Biscuits,EUwest,0.243671740524663,0.479626284869226,1.87331649441439,2707.28837432597,20.0690564560893,1.64582685855654,182.202272208141,0.0017112095354796,0.0030352163690854,0.0454560906057482,109.135548587536,0.206317072190252,0.0199092848712591,3.00187887507283,0.240316477325696,0.473674968228603,1.78418822296889,2493.30026691857,19.6645191593494,1.60678962234364,176.316322236232,0.247027003723629,0.485577601509849,1.96244476585989,2921.27648173337,20.4735937528292,1.68486409476943,188.08822218005,0.15738579972942,0.198617290403382,0.248423184529356,228.972243405601,4.99997497413141,0.830201030891506,35.5064646115129,0.159218725799821,0.463412148093527,0.887723424214101,41472.717155521,32.173566012417,1.50786947449206,502.900915858196,0.153423097340112,0.41350925565007,0.385644302084448,228.06820050722,9.37089752912384,0.963797222694734,35.5095499354456,0.209990922971769,0.243067810421299,0.64013085748681,946.386609855282,11.4291057625401,1.05310087846777,327.952455991135,0.130332624812117,0.567519752297355,0.820898527526225,230.263885031296,33.4923070131255,1.18977769586365,35.5063754517757,0.211033329735505,0.440985344024691,1.05760192915672,1148.21837862121,32.4560579360732,1.41921827858788,396.973918097037,0.474833562858741,0.674330416036454,7.54349909926684,0.318749355560188,17.1060855889915,4.29379513313092,0.307873269239044,0.416797246584687,1.03233838823551,7.51175541811886,213.996793743602,37.709072930599,4.20340051813683,32.9865688215782,0.188115728188694,0.489308748569924,0.753730292528553,9588.37281832799,33.9421894477278,0.923021836311873,135.36019993789
291120242123263,Mischobst,"plums (30%), ready to eat, dried pitted (plums, preservative sorbic acid, sunflower oil), apricots (30%), dried, pitted (apricots, antioxidants sulfur dioxide), half pears (20%), dried (pears, antioxidants sulfur dioxide), half peaches (15%), dried, pitted (peaches, antioxidants sulfur dioxide), apple rings (5%), dried (apple rings, acidifiers citric acid, antioxidants sulfur dioxide)",Germany,Cereals and Cereal Products,Biscuits,Biscuits,EUwest,0.0618708493329435,0.0554871335944361,0.303621778122834,1928.05718666057,2.04622434564793,0.425150423454657,32.880619764399,0.000315138688563,0.0002515335709774,0.0007582939259637,55.6466426260221,0.0286386447953687,0.0018147684323906,0.564015499375438,0.0612529394730561,0.0549939378071833,0.30213494927398,1818.94773613568,1.99007097053058,0.421592106597721,31.7747233738844,0.0624887591928309,0.0559803293816888,0.305108606971689,2037.16663718546,2.10237772076528,0.428708740311593,33.9865161549137,0.0336772584466813,0.0500893594088739,0.240647610860827,110.5057140033,0.461083280620356,0.396143516449451,21.873326851393,0.065175051772184,0.0807790040257604,0.374996402731616,9001.87616318397,3.30130007598916,0.57194247621067,104.25705693866,0.0487737927858486,0.0497755164541729,0.276840216937495,85.350659431934,0.774228226908742,0.329771511612164,12.5412271259992,0.0481512464949027,0.0498778768576627,0.285832671702908,86.7778799340345,0.69706931904079,0.33165794231715,13.0826016486539,0.0709451843629885,0.0574977884548273,0.316793361632058,57.8090611770261,0.6466381378382,0.540358068564632,8.7691897521997,0.0782815516798029,0.0514936983740008,0.370618867037516,347.605831332743,0.850426702897176,0.658834497170481,13.1325632521997,0.0338741083712179,0.0485922288358882,0.206510465143278,1643.59601512996,1.57291834534869,0.263818308896864,23.8062015990734,0.0589824576344072,0.0864907623349121,0.327381404368142,8627.24933572621,2.98132489072864,0.449453917861774,99.0219833394157,0.0606339325284028,0.0873778781106052,0.338426828814624,8627.24504205179,2.9746045015249,0.458489607875396,99.0219353419984
291120242183441,Vermicelli Riz,"rice flour (95%) , full rice flour (3.6%) , thickening xanthan gum",France,Cereals and Cereal Products,"Pasta, rice and other miscellaneous cereals",Rice,EUwest,0.320370791333333,0.444503261333333,3.49338255266667,4252.47732245,4.18945549733333,2.38759030300934,348.202761562,0.003565191058674,0.0057574053672009,0.0990404392210509,200.383267128461,0.075797584711978,0.0428949729931482,6.02621434218889,0.313380324001055,0.433214398134773,3.29918848464756,3859.57476554813,4.04083497992641,2.30348375654586,336.386829735882,0.327361258665612,0.455792124531894,3.68757662068577,4645.37987935187,4.33807601474026,2.47169684947282,360.018693388118,0.111418,0.144942,0.914022,114.722086,1.313352,0.994874,29.96454,0.155788,0.208046,0.472294,82074.382654,0.288898,1.73536,994.799064,0.0986,0.41412,0.34017,450.425506,2.89884,1.105306,69.767388,0.0986,0.41412,0.34017,450.425506,2.89884,1.105306,69.767388,0.212976,0.111418,0.741472,1872.684164,0.70006,0.844016,648.539528,0.278052,0.436798,0.82331,1639.124428,0.91205,1.017552,567.654004,0.309604,0.919938,13.65117,5.93079,7.773624,6.085592,0.762178,0.797674,1.418854,16.96906,4122.287534,13.490452,8.762582,638.510922,0.212976,0.259318,0.206074,18971.289774,3.789198,0.577796,267.390382
291120241935926,Good deals!Bolognese spaghetti,"water, spaghetti precuited (23%) (water, pasta (semolina wheat hard, white of ef , rapeseed oil), beef (12%) , tomato pulp (tomato pieces, tomato juice), tomato concentrate, carrots, onions, rapeseed oil, salt, modified corn starch, sugar, garlic powder, thickening gum guar, basil, oregano, pepper, aromas",France,Cereals and Cereal Products,"Pasta, rice and other miscellaneous cereals",Pasta,EUwest,0.145894385049961,0.160498888904476,0.510639146340464,256.021933014664,0.5424952921603,,8.03225941393261,0.0010162695724753,0.000491566825149,0.0079357352972459,1.54667337689043,0.0280795835940956,,0.0420802647844683,0.143901729079984,0.15953504663732,0.495079111144584,252.989284963852,0.487438099267106,,7.94975031092289,0.147887041019939,0.161462731171632,0.526199181536345,259.054581065475,0.597552485053493,,8.11476851694232,0.109766979689403,0.138303407286723,0.422239206011573,168.096554209712,0.443898751367806,,6.14620571613076,0.988403435716231,0.131640931416585,7.32737327707581,135.667945502128,26.475151168978,,26.1936381078138,0.109520138035971,0.144310407392223,0.429867978218329,174.036421812988,0.475510188801105,,5.92803632451432,0.109769331302251,0.144373592802407,0.432663596428112,180.993031561042,0.443130210917385,,6.07365590289795,0.12436650720518,0.137318305805051,0.475979233231502,199.285727958957,0.564176658732069,,6.37501494656303,0.131616434149302,0.138250857696843,0.454091918695357,357.924820047752,0.747232213949154,,8.21217173285125,0.138931040681655,0.152411976856013,0.492692096777221,351.653006745266,0.381352920999169,,9.38095744986185,0.190798973528793,0.219493557435816,0.615333930187115,246.161781907379,0.450659489424437,,9.00273444588432,0.190438732759862,0.219211903795004,0.620112389039596,253.486086185901,0.415975546707233,,9.05317846788857
291120241976225,Galette - Salted raspberry kings,"cake wheat flour (82%), concentrated butter (25.6%) (e160a), sugar, egg, guerande salt (igp), glycerin, lifting powder (sodium bicarbonate and ammonium bicarbonate),fourrage sugar (18%), fruits (40%) (raspberry (35%) , apple (5%), gelifier pectin, acidity correctors, citric acid e330, sodium citrate e331, aroma, conservative potassium sorbate e202 manufactured in a workshop using shellfish, sesame seeds, soybeans,keep in a cool and dry place",France,Cereals and Cereal Products,"Buns, cakes, pastries and fruit pies",Buns cakes and pastries,EUwest,0.171671678850488,0.146573549529057,0.576429363755998,278.624500405676,0.55997716880157,1.00568409334835,9.45475358279987,0.00064834741061,0.0001920121975762,0.0030408474771097,9.24431540784734,0.0101925170352072,0.0027633738059716,0.164865824010759,0.170400428216441,0.146197060591307,0.570467005890363,260.498659797328,0.539992136808696,1.00026579345934,9.1314920414156,0.172942929484535,0.146950038466807,0.582391721621633,296.750341014025,0.579962200794443,1.01110239323736,9.77801512418413,0.146426755555551,0.115439616878984,0.439428251582905,63.7629499055223,0.356662923087233,0.671440340657519,3.51348742308458,0.145127784848373,0.146935357218701,0.471096286685381,8890.03687342262,0.472908973784159,,112.689368044217,0.159084991414137,0.137896671125269,0.393910229981388,195.923617128386,0.392982281169929,0.806413333146074,6.94620879693265,0.133038761616157,0.140769666878984,0.505558465270035,199.131376042165,0.38480539365309,1.05395545170621,11.5658544691935,0.175115017171712,0.15846948397028,0.462117213500959,152.993630913606,0.695398657394361,0.930636749791933,5.76898326971686,0.21378076666666,0.143282739702764,0.484787579981388,185.449689582705,0.532223584760062,1.03391572388682,6.76992891971686,0.17304296666666,0.157665145435248,0.477515819506528,331.061061713606,0.67216284721848,0.887968817811074,8.99480626971686,0.272023687373732,0.135543029723995,0.513152407821245,312.559170408906,0.983586919472357,0.780936471285898,9.48559431640927,0.165818784848373,0.148842057218701,1.04229853668538,351.269061722615,0.304788223784159,,9.97480964421707
291120242248492,Trivelli Pasta,"durum wheat semolina, whole egg (22.5%) (farmed outdoors), cooking salt",Germany,Cereals and Cereal Products,"Pasta, rice and other miscellaneous cereals",Pasta,EUwest,0.2523506025,0.202465799166667,0.872115008333333,641.148466478333,2.36665367083333,1.66779765903736,19.0041240883333,0.0018031499576786,0.0005426549128132,0.0075953149316122,24.8273090192895,0.0185792759928548,0.0062251024202665,0.36251655502863,0.248815066629157,0.201401785659875,0.857222454180135,592.468188257207,2.33022425660336,1.65559175635423,18.293317824761,0.255886138370843,0.203529812673458,0.887007562486532,689.828744699459,2.40308308506331,1.6800035617205,19.7149303519057,0.1998175,0.1773125,0.401385,264.8678925,2.118755,1.330345,10.4940425,0.4356275,0.241695,0.8637725,18077.5102325,3.5013,2.3941575,293.00111,0.2105625,0.179615,0.6301,264.4396275,2.1440825,1.7609125,10.4694825,0.2105625,0.179615,0.6301,264.4396275,2.1440825,1.7609125,10.4694825,0.188305,0.1988025,0.69764,284.4867275,2.118755,1.4416325,18.74083,0.20212,0.188825,1.2402625,264.4396275,2.1517575,1.5091725,10.4694825,0.21382,0.2156,1.2843625,484.0187025,2.7023325,1.5330225,15.9466575,0.8322375,0.1880575,0.367615,270.8605325,17.1748025,1.3433925,10.47025,0.38212,0.203425,1.3043375,1281.1297325,0.77139,1.45942,39.5698075
291120242228892,Rosemary crisp lamellae,"oat without gluten and quot, buckwheat and quot, but , rosemary (7%), molasses , salt, honey and linen flour, (and quot,) ingredients from organic agriulture",France,Cereals and Cereal Products,"Pasta, rice and other miscellaneous cereals",Other cereals,EUwest,0.293770046112676,0.118922654978215,0.779667375083402,567.756898671121,1.87091214153705,0.599219442326382,9.93567031357561,0.004022306068502,0.0006559869975871,0.0081672534515651,8.79602056888161,0.0485059391696184,0.0023463058114133,0.235447858982029,0.285883288093389,0.117636424983367,0.763653389434948,550.510054552847,1.77580386329717,0.594618910726171,9.4740146716811,0.301656804131963,0.120208884973064,0.795681360731856,585.003742789395,1.96602041977692,0.603819973926593,10.3973259554701,0.188034237818878,0.0912380449866738,0.25898507102568,2.03110332737016,0.609291743631461,0.384801419064227,0.723678539240873,1.16959863238756,0.222542346381528,1.14902680996226,2519.11445036049,14.2979082780553,,66.81984957391,0.209453522647355,0.0973027972306451,0.288818135775793,248.000478096307,0.841437349501864,,7.06015199821173,0.268861302651293,0.115382741967408,0.58116148834775,43.2435498891063,0.319376946072702,0.513152997448082,11.4339050502234,0.203780086402831,0.104304022867261,0.281085809779932,563.640278096307,0.928369692256004,,10.0397019982117,0.279970687557794,0.117077908070357,0.526752341064476,549.857284273106,0.424172153044785,0.494646759827578,7.57915667873296,0.16983222031413,0.086762882301461,1.27440369923157,567.906526161403,0.646499582480182,,11.2261763824516,0.877612943173078,0.193708464271348,1.96527680516823,238.041176252426,8.0650691729117,,5.1209910785332,0.877602559073606,0.20452046140543,1.91737943725911,549.858843762217,8.30763081708341,,5.82594980095167
291120241844180,McBaguette,"bread with red label flour, chopped steak pure beef (100%), batavia salad, its french emmental slices, 2 mustard sauce",France,Cereals and Cereal Products,Bread,"White bread (not high fibre, not multiseed bread)",EUwest,1.08296017991929,1.17750283192131,3.77087501197852,1941.50233176208,3.88593890227205,7.89233113223253,59.0899302396481,0.0075840511923219,0.0036536961635207,0.0592533318760823,13.1806578129598,0.209582172345467,0.0372423885613577,0.32528176439323,1.06808971120282,1.17033882773393,3.65469372632185,1915.65828684469,3.47499954303507,7.81930792076094,58.4521322898736,1.09783064863576,1.18466683610869,3.88705629763519,1967.34637667946,4.29687826150903,7.96535434370413,59.7277281894227,0.793752649158856,1.02500154451021,3.14371455177447,1265.50876876184,3.13581014006462,6.71242833246914,46.8949681625746,7.37147660181619,0.930832377437932,54.8062474255543,1024.39625072461,197.585671135533,24.4396269745125,193.901130403663,0.827587286205705,1.02215754158577,3.14939473992383,1359.88075671659,3.26270221621612,6.63353515143644,43.9212442391555,0.815222957370325,1.01791087335046,3.12824298677275,1477.99058916174,3.21631736656961,6.53372633539086,44.8148519968862,0.909157098751281,1.01173369993322,3.37231253439246,1576.03491403719,4.19502742200803,,46.5862799525019,0.981635914450752,1.15946513210128,3.44280319634427,2353.13303951467,2.7124129812131,7.29226478208259,71.011687942007,1.0150971471811,1.14027906037407,3.5715326151126,2642.32701874893,2.92249845073687,,88.7289867661165,1.42714821151103,1.58320954010475,4.58647361882983,1907.38044902657,3.17353342832786,,68.5035116860225,1.43848335100013,1.59764667970024,4.43347268266296,2011.90172295103,3.33791001012869,11.3949109108259,66.0938539187326
291120241896934,Pont-Aven pancakes with salted butter caramel bursts,"flour wheat (49%) , butter (27%) (ait) , sugar sucres of caramel with salted butter (7%) (sugar, glucose syrup, milk sweet concentrate, butter (ait) guerande salt), uefs (5%) , guerande salt,natural aroma, sodium carbonates lifting powder",France,Cereals and Cereal Products,"Buns, cakes, pastries and fruit pies",Buns cakes and pastries,EUwest,0.12975333,0.127695896666667,0.458900523333333,318.21916572,0.362954896666667,0.856975514804845,9.9143423,0.0005034925328393,0.0001442507966721,0.0021604965908336,5.79819503209659,0.0092554028247391,0.0021116889180529,0.102396808448332,0.128766104338055,0.127413056149792,0.454664318150731,306.850323969027,0.344807316346671,0.852835009526266,9.71356721316529,0.130740555661945,0.127978737183541,0.463136728515935,329.588007470973,0.381102476986662,0.861116020083424,10.1151173868347,0.09433,0.10484,0.27499,25.03356,0.17145,0.58901,1.06713,0.11562,0.12694,0.39095,5542.47562,0.25267,1.12733,73.32524,0.09769,0.12135,0.45718,208.19054,0.24879,0.84283,7.13239,0.12473,0.11415,0.39498,224.56018,0.35031,0.68657,7.42853,0.12473,0.12542,0.40576,224.56018,0.49094,0.82916,7.42853,0.12252,0.12736,0.52544,211.77414,0.20742,0.95234,7.71651,0.22705,0.12821,0.47237,208.19054,0.82552,0.70465,7.13239,0.12738,0.12498,0.59773,427.95362,0.24091,0.81324,11.36131,0.12359,0.1681,0.65599,436.39276,0.88471,1.4235,9.46989
291120241901599,Baked,"wheat flour, potato flakes (including sulfites), sunflower oil, glucose syrup, starch, aromatizing base olive oil and herbs (salt, yeast extract, dextrose, smallness powder, sugar, powdercheese (milk), herbs (basil, parsley, oregano), garlic, olive oil, aromas, coloring (curcumin)), lifting powders (sodium bicarbonate, calcium phosphate), emulsifying (soy lecithin)",France,Cereals and Cereal Products,Bread,"White bread (not high fibre, not multiseed bread)",EUwest,0.299784097130897,0.109542649727206,1.23413628136123,56.8939044819843,2.21404542358667,,1.9909288198173,0.0023230825536491,0.0003453601596289,0.0175914316319227,7.92275630848494,0.0498567869158013,,0.117241370705149,0.295229100656877,0.108865482957172,1.1996437882165,41.359317907355,2.11628846344303,,1.76104717857626,0.304339093604918,0.11021981649724,1.26862877450596,72.4284910566136,2.31180238373031,,2.22081046105835,0.201371434755603,0.103156725284518,0.429992475168139,20.7798359583233,2.04927832869102,,1.19508417517971,0.448579891197613,0.135531158328511,0.743284513725036,10090.7219218736,2.51222984767563,,116.691983583446,0.199991590544346,0.0895119739863431,0.721308830410349,0.330433030131296,0.336099001792626,,0.142134094871597,0.19883266865733,0.0970206640767459,0.71140868890732,5.92546117891028,0.460439922964649,,0.790870299837969,0.202485657439913,0.092587755747592,0.799247644710208,0.603918536553373,0.309723844329565,,0.300201545083137,0.237501967898615,0.119628948673534,0.785417823614057,6.18762807891027,0.727151754483494,,0.793604999837969,0.37800357959055,0.133791312908452,0.827765085036585,20.3833611720265,4.66024882326942,,1.04115536646477,0.436464789100214,0.112599270182477,3.61375931218574,11.252137509979,5.62854764118668,,1.04694303970654,0.450675844642053,0.120478767705721,3.58840128011136,10.954555109979,5.78044933363295,,1.03677253970654
291120242245668,5 minutes of terrine pasta in spinach cream sauce,"pasta (50%), cream powder (16%), wheat flour, iodine salt, melting cheese, spinach (1.9%), onions, turmeric, sunflower oil, yeast extract, flavors with milk, palm fat,, sugar",Germany,Cereals and Cereal Products,"Pasta, rice and other miscellaneous cereals",Pasta,EUwest,0.210475094017845,0.159739582271405,0.828752431362676,470.357816209294,2.25168432979609,1.10233115648849,11.831022948741,0.0016180032806511,0.0004244814801857,0.0077083943857107,21.1802530208453,0.0235824619565312,0.0056461323826727,0.301095433970522,0.207302585478817,0.158907277951227,0.813638156068361,428.828522436557,2.20544489207486,1.09126047238623,11.2406484749949,0.213647602556874,0.160571886591583,0.843866706656991,511.887109982031,2.29792376751731,1.11340184059075,12.4213974224871,0.161811074904251,0.144493488625186,0.295367645507629,64.7022532981729,3.09991919298466,,2.69076229484523,0.371957928674578,0.184462373328311,0.768195464933761,16999.126332227,1.92646435486909,1.90631769092317,271.886716028756,0.188294076097194,0.165810592076348,0.374359519474268,63.5448068983487,2.67823043908667,0.736187814403215,2.92454229484523,0.164501074904251,0.152772335237856,0.616581785856303,71.7051038331136,2.69052705740776,,10.9483435991294,0.188578178355413,0.147007001109228,0.694804577761035,205.389746546326,3.09612651995564,1.17052441849271,5.32922229484523,0.195641690839455,0.144024078399364,1.16221344823256,60.8742365463259,3.12247241769742,,3.20137229484523,0.18055748393713,0.146502321006258,1.25751866118332,329.369450330466,1.25613039994977,,10.1181875766518,0.325277286578347,0.215694772817647,0.617122703794395,489.954306781775,3.69976497185074,,13.2815622948452,0.222889357903769,0.171092425650363,1.81974134614177,485.086494994035,2.93954015675687,1.42459519139407,12.3979122948452
291120242466692,Pizza flours,wheat flour type 55,France,Cereals and Cereal Products,"Pasta, rice and other miscellaneous cereals",Other cereals,EUwest,0.151220333333333,0.100256666666667,0.480713666666667,62.7145133333333,0.369506333333333,0.711720976915356,2.53565733333333,0.000751976637215,0.0002138492618611,0.003410153996042,12.1482558838668,0.0106792393525377,0.0029145245393298,0.213842359502896,0.149745891141996,0.0998373605889643,0.474027189079618,38.8947559899743,0.348566957967778,0.706006307421911,2.11636478946662,0.152694775524671,0.100675972744369,0.487400144253715,86.5342706766924,0.390445708698888,0.717435646408802,2.95494987720005,0.137,0.096,0.267,0.508,0.225,0.529,0.219,0.118,0.099,0.351,10479.972,0.227,1.323,127.181,0.099,0.097,0.397,23.436,0.162,0.802,5.792,0.147,0.081,0.362,0.508,0.241,0.445,0.219,0.147,0.104,0.384,0.508,0.528,0.736,0.219,0.153,0.112,0.359,0.508,0.551,0.582,0.219,0.205,0.1,0.374,0.508,0.336,0.785,0.219,0.274,0.086,0.415,0.508,0.984,0.469,0.219,0.155,0.123,0.935,0.748,0.22,0.959,0.4
291120242334930,Fiber -rich brown rice,pre -cooked long -grain brown rice,Belgium,Cereals and Cereal Products,"Pasta, rice and other miscellaneous cereals",Rice,EUwest,0.327266,0.491247666666667,4.06022333333333,4713.580425,4.93184366666667,2.67683965217391,273.253277,0.0039209664010654,0.00581150932686,0.107030468004629,217.353167509001,0.0768653368269576,0.0459190809874664,5.96909675375673,0.319577944272686,0.479852718841415,3.85036277387622,4287.4040456606,4.7811295486207,2.58680356987472,261.54933878922,0.334954055727314,0.502642614491919,4.27008389279044,5139.7568043394,5.08255778471263,2.76687573447311,284.95721521078,0.113,0.147,0.927,116.351,1.332,1.009,30.39,0.158,0.211,0.479,83239.739,0.293,1.76,1008.924,0.1,0.42,0.345,456.821,2.94,1.121,70.758,0.1,0.42,0.345,456.821,2.94,1.121,70.758,0.608,0.369,0.333,0.0,10.276,0.986,0.0,0.24,0.844,0.652,592.758,3.578,2.386,303.21,0.746,0.767,13.775,0.158,12.605,7.17,0.025,0.216,0.263,0.209,19240.659,3.843,0.586,271.187,0.216,0.263,0.209,19240.659,3.843,0.586,271.187
291120242274097,Artischken ravioli to artichokes,"artichokes (20%) , ricotta (20%) (fromage), wheat flour, semolina of wheat hard, eggs (10%) (outdoor breeding) , breadcrumbs (ble flour, yeast, kitchen salt), water, fromage amonggiano reggianodop, kitchen salt, butter , parsley, garlic, pepper, nutmeg",Switzerland,Cereals and Cereal Products,"Pasta, rice and other miscellaneous cereals",Pasta,EUwest,0.365248458498057,0.337605062361196,1.72180552573289,2533.38641572919,2.90804911061676,,52.037944723739,0.001303448649976,0.0006710992411478,0.0113147631743624,19.8086833813647,0.0266949300800744,,0.314952214875114,0.362692714624305,0.336289200954401,1.69962004365321,2494.54643442272,2.85570688446644,,51.4204004931271,0.367804202371809,0.338920923767992,1.74399100781256,2572.22639703565,2.96039133676708,,52.6554889543509,0.337789074468881,0.240695175570721,1.1161820621342,335.302756415358,1.31711961058504,,14.6024279732685,0.398654698953997,0.36308201621477,2.74803095531209,12000.3286327915,2.75864524056951,,202.5976526245,0.424180591122352,0.289802791271024,1.06785696375922,1187.82587037815,2.39834106194771,,24.3781696870878,0.311532027269012,0.341694586048518,1.09991117048257,1597.58372871809,1.55046531533438,,46.8925974468608,0.421363705721218,0.25301771267644,2.18776359196465,1583.02492990384,2.00253178829128,,33.1659111214342,0.357965118568533,0.371564542049662,1.88585508067334,2228.62083699226,2.46319245061025,,60.2740909825943,0.385524885648834,0.367128313887633,1.99941561477739,2888.45998742312,2.9840856345335,,54.3682736323698,0.292829324056061,0.349397953099918,1.7729417278997,4101.40759860079,2.70365038629212,,77.4688736323698,0.347602227568088,0.357606802243523,2.25466809845589,4106.19046793746,3.62081916355399,,77.6431387500271
291120242006433,Vanilla cocoa cereals,"cereals (41%) (wheat flour, rice semolina), vanilla fodder (40%) (sugar, vegetable oils (sunflower, rapeseed), skim milk powder (2.8%) , whole milk powder (2.8%) , lactose,emulsifying lecithin (rapeseed), antioxidant extract rich in tocopherols, natural vanilla flavor), sugar, lean cocoa powder (2.8%) , lactrum powder, salt,traces of hull and soy fruit",France,Cereals and Cereal Products,Breakfast cereals,High fibre breakfast cereals,EUwest,0.351029337155621,0.206943557719857,1.3168679891961,1867.5382674819,7.50154088821671,1.3717042794417,104.688490262659,0.0012777163495236,0.0016537149634442,0.0216474229045162,43.7535993854115,0.0707453052652236,0.010468720691045,1.38914348553816,0.348524048026857,0.203701027308835,1.27442268958898,1781.74816475258,7.36282665460912,1.35117767966146,101.964719784251,0.353534626284385,0.21018608813088,1.35931328880322,1953.32837021122,7.6402551218243,1.39223087922194,107.412260741067,0.248121754973414,0.150628855358287,0.364404030362826,124.673740921615,10.0089206997786,0.775521698839086,16.7667693612173,0.348368616223081,0.130342730308112,1.41087646787665,19375.4852263896,4.46528113083911,1.97976064351518,312.574681998683,0.317181599098071,0.327106459320361,0.554644681534133,126.48249894942,13.2282958192728,1.19919267908903,16.8153624788673,0.306133415028534,0.105324880730545,0.551039703088598,1036.90051991521,2.97550381876282,0.784795970063686,42.3799168208434,0.330176815028534,0.100273880730545,0.521381636421931,1387.92122611521,2.85620121876282,0.780268436730353,170.709695620843,0.391403645998142,0.235098725991224,0.795618650394711,1332.9273169527,22.1660324418657,1.48328949417616,129.194421821841,0.523725528702659,0.238189704954968,3.1672145825198,1019.9033755719,10.5197125182949,2.0081693123862,36.1745426443849,0.266066614806867,0.117514762117388,0.404023245138702,4923.36193756495,9.77167534905775,0.703860353401254,66.0974546104704,0.336270803899894,0.157720990768963,0.983569808559162,4940.22795025127,5.2014036783088,1.49091450803187,111.965721316061
291120241948446,Durum wheat tagliatelle and carrots,"durdy wheat semolina, carrot flour (3%)",France,Cereals and Cereal Products,"Pasta, rice and other miscellaneous cereals",Pasta,EUwest,0.15131296,0.09794503,0.467957046666667,44.6859187,0.420879623333333,0.694465488621151,2.06397859666667,0.0010911571274439,0.0002013345377407,0.0033307262447764,9.63273206152437,0.0210388834303726,0.0028803231907515,0.167946183350616,0.149173467858275,0.0975502622341851,0.461426307465404,25.7984880718865,0.37962752073709,0.688817879603855,1.73467722432171,0.153452452141725,0.0983397977658149,0.474487785867929,63.5733493281135,0.462131725929577,0.700113097638448,2.39327996901162,0.1337,0.09399,0.26193,0.57553,0.21972,0.52189,0.23538,0.115,0.0969,0.34362,10166.86065,0.22121,1.29246,123.55301,0.09684,0.09496,0.38803,22.81569,0.15861,0.7867,5.64119,0.14313,0.07944,0.35429,1.78057,0.23479,0.4408,0.39987,0.1434,0.10175,0.37542,0.57553,0.51363,0.72268,0.23538,0.14922,0.10951,0.35117,0.57553,0.53594,0.5733,0.23538,0.19939,0.09787,0.36593,1.78057,0.32694,0.7706,0.39987,0.26632,0.08429,0.4057,1.78057,0.9555,0.46408,0.39987,0.15089,0.12018,0.9101,2.01337,0.21442,0.93938,0.57544
291120242042580,Quinoa more organic,"red quinoa (25%), long pre -cuit brown rice (25%), white quinoa (25%), chickpea seeds (20%), graines de sesame dissected (5%)",France,Cereals and Cereal Products,"Pasta, rice and other miscellaneous cereals",Rice,EUwest,0.366157528247133,0.21759635225544,1.39470327500945,1089.1317068344,3.36624973932496,1.05868970656152,90.3605475870611,0.0072534198210706,0.0017970221208715,0.0261836812006236,51.7207804633997,0.0809799980671518,0.0109144056728945,1.53696269829224,0.351935346750539,0.214072831573211,1.34336348281895,987.719911427334,3.20746777736556,1.03728922758242,87.3469398009644,0.380379709743726,0.221119872937668,1.44604306719995,1190.54350224146,3.52503170128437,1.08009018554061,93.3741553731577,0.142294999974026,0.117735987279358,0.458702199755128,29.2566123472843,0.803219776230944,0.625202003764932,7.67778759845639,1.50542999944488,0.330705732568686,1.73807409263537,20334.1756369435,14.7885527315863,,246.853201374522,0.152624999968718,0.183694904476052,0.368874057313805,114.374112347284,1.26746373147713,0.679613164815549,17.7697875984564,0.198824999961134,0.183877070082665,0.385989036361116,114.374112347284,1.29275486583821,0.798995412014124,17.7697875984564,0.211879999975732,0.126127070082665,0.520113407872851,475.339380508257,0.613971791148881,0.760556573064741,164.594642316604,0.335469999897242,0.215197293021518,0.978507088223062,115.02994977089,3.58985486166271,,18.0278810656404,0.302354999970993,0.419600318492585,3.79504228356588,110.158112347284,3.81174265201444,2.17617876406652,16.9814875984564,0.163194999975922,0.145017675176878,0.473694134171132,4810.33361234728,1.3714922189957,0.617015861449879,67.8770375984564,0.412669999897242,0.190547293021518,0.992507088223062,4810.98944977089,3.80260486166271,,68.1351310656404
291120242101796,Wheat bran organic,wheat bran (100%),Germany,Cereals and Cereal Products,"Pasta, rice and other miscellaneous cereals",Other cereals,EUwest,0.319782333333333,0.129105333333333,0.912466666666667,9.207974,1.16247866666667,1.52479095270733,3.62457733333333,0.0022929480707458,0.0003027554380156,0.016674218340295,0.33689857840147,0.0586832431559627,0.0152218561870766,0.122858536804756,0.315286423206957,0.128511703997826,0.879772604362342,8.54739832036661,1.04741518550039,1.49494461722034,3.38368180378363,0.32427824345971,0.129698962668841,0.945160728970991,9.86854967963339,1.27754214783294,1.55463728819432,3.86547286288304,0.204,0.084,0.25,0.688,0.253,,0.219,0.287,0.138,4.765,0.18,2.516,2.32,0.219,0.274,0.086,0.415,0.508,0.984,0.469,0.219,0.277,0.136,0.232,0.273,0.4,0.822,0.219,0.277,0.136,0.232,0.273,0.4,0.822,0.219,0.357,0.119,0.485,0.273,0.517,1.173,0.219,0.272,0.148,1.515,26.389,0.411,2.7,10.995,0.272,0.148,1.515,26.389,0.411,2.7,10.995,0.293,0.132,2.765,0.18,2.566,1.969,0.219
291120242049762,Express Quinola,"garden quinoa with vegetable mix la icing ingredients white organic quinoa (77%) (water, quinoa), organic corn (5%) , organic-red peppers (5%) , organic heirs (5%) , organic carrots (5%) , blo sunflower oil, organic-basilikum, natural lime aroma, natural basil aroma, sea salt, organic cornstarch",Luxembourg,Cereals and Cereal Products,"Buns, cakes, pastries and fruit pies",Buns cakes and pastries,EUwest,0.0714616683003133,0.0338386690652319,0.216313129394756,327.069681451916,0.805052833269876,0.21445959719029,4.54366574812736,0.0011640568562695,0.0001838585854201,0.0020469807103718,3.88075673809314,0.0180427465619863,0.0009107409169259,0.0509070897022998,0.0691792376275254,0.0334781673658876,0.212299501078584,319.460467035158,0.769675421975388,0.21267385709301,4.44384940120831,0.0737440989731011,0.0341991707645761,0.220326757710928,334.678895868674,0.840430244564364,0.216245337287571,4.64348209504641,0.0314633454009888,0.0216750133030083,0.0600591281288232,13.7251113134179,0.121411614057705,0.144654887608452,2.6986563809331,0.378696275850724,0.0777668352942192,0.422843912335069,976.777243830482,3.94431079723885,,11.7856672853976,0.0358455229763285,0.0276495370852511,0.122168863350544,109.821888046577,0.280544485914893,0.194533737441321,10.3934900797353,0.0478954561224179,0.0276431172926025,0.279373998410435,14.8967947387604,0.389055122639168,0.172554736654236,1.23948614547564,0.0645193138706307,0.031338071222898,0.172852900958195,188.631046029825,0.861503051714176,0.16568474156221,2.10080882849451,0.0884811279414917,0.0414302301004951,0.184884802972366,195.025739878107,0.911528310698901,0.182429831179954,3.03724360044182,0.0590075300884892,0.0315931635265577,0.265108810791738,428.401553632321,0.654236930898038,0.215003574057702,6.31142615836279,0.0522431118104545,0.03416487880895,0.516041315584821,432.039428289595,0.86856437438483,0.272616680367924,7.11296741162017,0.058325592008126,0.0309608057912319,0.152317390194886,1127.83685917664,1.60416912561527,0.258641019667091,12.8645423437618
291120242043404,Spice,"sugar, french flour (gluten), almond powder, cream (milk), milk, egg whites, green anise (0.4%), spices (0.4%) (pepper, nutmeg, cinnamon, clove)",France,Cereals and Cereal Products,Biscuits,Biscuits,EUwest,0.348936566801745,0.202692419089125,1.05647060635798,8676.04726015037,7.08732527392533,2.30772831793743,155.753951499141,0.0015292314424062,0.0017168390920108,0.0077826769833168,87.5063550157142,0.0716258867407543,0.0144748380753363,1.23261609909118,0.345938118116751,0.199326117707245,1.04121068106528,8504.46870908904,6.9468844355056,2.27934670218658,153.33709292631,0.351935015486739,0.206058720471005,1.07173053165068,8847.6258112117,7.22776611234506,2.33610993368828,158.170810071972,0.266226520488843,0.138898439113479,0.570083383052146,1069.12390794911,4.72025380716802,1.32406475883516,25.5384987845499,0.368978019641248,0.118688724248899,1.32694057847626,19311.3376958081,14.2155586020421,2.61578168570802,330.862419020341,0.334643743799396,0.157540861914799,0.553712114795023,1207.94893994731,1.69319396874365,1.3523255798549,48.1872820646539,0.281986558417727,0.280735587966187,0.814389959170354,1139.79009588111,5.5050229513696,1.7253921652439,28.217843678675,0.249543047970174,0.106396722776125,1.54193481424564,3728.93641549122,6.64545348495902,2.13442587238056,115.97728353096,0.303614782045899,0.0787994353373062,0.752383453346921,12404.6877520297,13.4223750585858,2.18930453223504,179.468207451542,0.471475332589443,0.2832367491912,1.20498360626522,12555.0850298489,6.40132841054844,3.1291586497277,192.04066048648,0.408289499160545,0.287488376798018,2.29815049254057,12832.7741635789,6.72788058701157,3.61452465044724,271.638429062466,0.405374988397221,0.10305742041971,0.617918799378476,15531.5134602252,13.0081520685728,1.64316353103293,242.777563921471
291120242029611,Taglioni with spinach,"durum wheat semolina (gluten), whole eggs pasteurized (18%) , water, powder spinach (1.4%), iodized salt,contains gluten, egg,possible nearness of traces of molluscs",France,Cereals and Cereal Products,"Pasta, rice and other miscellaneous cereals",Pasta,EUwest,0.190241686266667,0.1578760608,0.6216567772,390.652731204767,1.89249180276667,1.31037541368925,12.8304132092333,0.0008717383757325,0.0003325881633066,0.0024955949082775,8.67924479048518,0.0142711474611945,0.0029539898875211,0.155068136564969,0.188532420609494,0.157223936789692,0.616763526209013,373.634855815138,1.86450957447097,1.30458336230442,12.5263625356243,0.19195095192384,0.158528184810308,0.626550028190987,407.670606594396,1.92047403106237,1.31616746507409,13.1344638828424,0.1642597,0.1521596,0.4491128,214.1360236,1.7417138,1.166714,8.55913,0.2405086,0.1172392,0.5728901,7708.9109256,0.5556899,1.6284788,106.8238374,0.1712397,0.1420956,0.5171028,225.8743096,1.7598426,1.1152388,8.625826,0.1430397,0.1538552,0.543776,254.66923,1.7109438,1.3672228,12.9498364,0.1754585,0.1634424,0.5143564,225.2127536,1.9774266,1.2094844,8.617468,0.1684365,0.15471,0.7778004,225.8743096,1.7346138,1.4362052,8.625826,0.1847249,0.1852887,0.5499556,414.5395095,2.4190645,1.2267006,13.1310171,0.300411,0.1205104,0.5557816,718.0661905,1.4928401,0.8061412,19.1146404,0.2650366,0.1256488,0.5784965,1032.2849064,0.7827491,1.109186,25.9382022
291120242128995,Haferkleia,bio oat bran (100%),Germany,Cereals and Cereal Products,"Pasta, rice and other miscellaneous cereals",Other cereals,EUwest,0.355989666666667,0.146045666666667,1.47348333333333,121.805001666667,0.607456666666667,0.732111,3.57885533333333,0.0026348156891224,0.0008201142539531,0.0177618319725554,13.2517512975087,0.0444755536858841,0.0043340540184003,0.380280376206644,0.350823437789094,0.144437623280872,1.43865672681431,95.8215598212906,0.520250988202468,0.723612980529698,2.83321856289676,0.361155895544239,0.147653710052461,1.50830993985235,147.788443512043,0.694662345130866,0.740609019470302,4.32449210376991,0.333,0.141,0.34,0.0,0.208,0.501,0.0,0.958,0.181,0.585,4450.901,15.123,1.682,127.808,0.333,0.141,0.34,0.0,0.208,0.501,0.0,0.333,0.141,0.34,0.0,0.208,0.501,0.0,0.282,0.203,0.524,0.0,0.12,0.933,0.0,0.545,0.187,0.799,0.0,0.341,0.512,0.0,0.265,0.109,2.538,0.327,0.115,0.845,0.19,0.265,0.109,2.538,0.327,0.115,0.845,0.19,0.265,0.109,2.538,0.327,0.115,0.845,0.19
291120242546235,Tortelloni,"durum wheat semolina, water, beef (11%) (swiss), wheat flour, outdoor farming eggs, tomato puree, kitchen salt, rapeseed oil, aromatic herbs, beef extract, spices, dried tomatoes, yeast",France,Cereals and Cereal Products,"Pasta, rice and other miscellaneous cereals",Pasta,EUwest,0.656071326003704,0.691234308093827,2.26181301003148,1101.14136138506,2.75191809702716,4.70086905630622,35.1703135491333,0.0040814671194072,0.0019543990998863,0.0316764741348582,9.06819100325266,0.112175933000933,0.0199321090207594,0.204049297656657,0.648068567639164,0.687402209662875,2.19970319487789,1083.36085763986,2.53196853970876,4.66178706752079,34.7702228033729,0.664074084368243,0.695066406524779,2.32392282518507,1118.92186513026,2.97186765434556,4.73995104509166,35.5704042948937,0.499201942592593,0.606827944444444,1.83514866111111,737.790994018519,2.29042911666667,3.94459719074074,25.5881555388889,4.08332499259259,0.591160551851852,30.0287521388889,629.832276912963,106.295592527778,14.5944003,113.347946627778,0.505510905555556,0.620897814814815,1.91495727777778,738.663845518518,2.46709444444444,4.08098987407407,25.6934780388889,0.511615083333333,0.623244585185185,1.89817042037037,797.321321018518,2.62924520925926,3.98109414444444,27.0730785388889,0.538026705555555,0.599224214814815,1.91581207777778,1018.21442551852,2.07864234444444,4.01555657407407,31.5546780388889,0.587881616666667,0.675840459259259,2.07025458333333,1329.79554871852,2.03489913148148,4.35719883333333,37.8177935388889,0.704176485185185,0.655689881481481,2.08526571296296,1402.29760531852,2.56699765555556,4.19895711296296,37.9098977388889,0.826729818518519,0.904667312962963,2.74092011111111,1045.72632971111,2.25927046111111,6.60633255555556,40.3754154333333,0.857796105555556,0.89587695,2.63238665925926,1160.06726351852,2.31592535740741,6.56682740185185,39.7544345388889
291120242062500,Pizza Chicken,"wheat flour, tomato puree (23%), cheese (11%) (mozzarella, edam), marinated chicken breast (9.5%) (chicken breast, sunflower oil, salt, powdered tomatoes, spices, aromatic herbs, sugar, aroma), spinach, thick cream, rapeseed oil, tomatoes in pieces, corn, water, bakery yeast, salt, basil, sugar, modified starch, garlic, oregano, paprika, cayenne pepper, hydrolyzed vegetable proteins, maltodextrine, caramel,barley malt vinegar, barley malt extract, sweet wine, vinegar, aroma",Belgium,Cereals and Cereal Products,"Pasta, rice and other miscellaneous cereals",Pizza,EUwest,0.378923467507469,0.35577664429009,2.00328412463764,1606.99501275259,3.7449490783982,,44.5400376028428,0.001754211906815,0.001462950693895,0.0129077966651511,16.17572913669,0.120185027924256,,0.469594547234617,0.375483887180168,0.3529081559353,1.97797509366722,1575.2783658058,3.50929564560687,,43.6192775964827,0.38236304783477,0.35864513264488,2.02859315560805,1638.71165969938,3.98060251118952,,45.4607976092029,0.228165362692627,0.30552469242321,1.03865312590842,248.041847902404,1.72042809407997,,11.58694640568,3.46050624657554,1.78569737873247,2.93865805754281,640.716213190579,350.389855518552,,132.896873295876,0.448343413511667,0.311118748273042,1.36357713707912,438.207943469091,3.31602774380816,,15.3408020268555,0.299086636318153,0.24374139514155,1.89642041643579,1162.90010720816,2.30329175320441,,35.4693693778481,0.330624531138711,0.355049423987348,1.29055271631999,1333.2275134867,3.29298561834215,,36.2736585590115,0.495391500269446,0.396688027948148,1.72230618053436,1000.57589214086,5.35569903088967,,33.5624226591183,0.407588171331033,0.33939311896658,1.95904625491473,2335.32747758771,3.51204204228072,,55.6021426458304,0.368081118200528,0.445245425276233,3.33772770084601,1658.49719253217,4.00778191900917,,48.3543347491261,0.393694346216914,0.343560811741461,1.47254478964339,3890.20555061248,6.6604850671906,,84.5910006380041
291120242459476,Liège waffles with pearl sugar,"wheat flour (33.4%), pearl sugar (25%), margarine (palm fat, rapeseed oil, water, emulsifiers lecithins (sunflower), mono and digycerides, salt, acidity corrector citric acid, natural aroma, coloring carotenoids, eggs , yeast, inverted sugar, stabilizing sorbitols, soy flour, salt, emulsifier lecithins (sunflower), aromas",Belgium,Cereals and Cereal Products,"Buns, cakes, pastries and fruit pies",Buns cakes and pastries,EUwest,0.324663550649332,0.29230967913917,0.901393860253744,221.178883635711,15.1129513688013,1.40785289661949,18.3119293967852,0.0022616479953699,0.0012305627052692,0.0079258837805571,12.763454257086,0.1371918452688,0.0050562911934032,0.491577265399514,0.32022901231224,0.289896846769198,0.885853141471614,196.152872809696,14.8439517284389,1.39793874676657,17.3480666588527,0.329098088986423,0.294722511509142,0.916934579035875,246.204894461726,15.3819510091637,1.4177670464724,19.2757921347177,0.280373276643759,0.0930320986100468,0.377105203970173,5.89582910339954,5.13172915452037,0.989519258443166,0.622751419846689,0.433282276359841,0.264356673684318,0.55051061257011,12935.637177509,12.46697104121,1.54560819634249,150.59498705749,0.277399166000565,0.206505858535002,0.486003409059445,5.18638932612679,9.46638102810531,1.19358900411466,0.622751419846689,0.198127314563457,0.243445909438662,0.800114333863892,9.14513160253446,9.25900831567402,1.09077772682205,0.741277616708676,0.219595731002435,0.311920402843985,0.751069500939398,19.201086386031,21.4417111041008,1.15778388247428,4.32447428704669,0.455493734668164,0.230608412923958,0.576662997423893,125.135549207745,10.8506647604082,1.82448670662982,30.3259262102467,0.516609845849923,0.30232649678684,0.683639325932906,5.60350633094515,19.0925272149155,,0.622751419846689,0.376184062068295,0.25559254291838,1.26761180873974,891.022412765396,5.75828431538179,1.44550484838157,64.3962098849809,0.468798354070034,0.295120352432941,1.27955815170385,901.329125234049,21.3442474700037,2.19369250978944,64.5497554966467
291120241978251,Apricot organic cereal bars,"cereals (42%) (rice , wheat , oats , blond cane sugar , barley malta syrup , sea salt),fruits (23%) (apricots (7%) (apricot , rice flour), grapes (sultanine grape , sunflower oil),hazelnuts , apples),wheat syrup ,disodored oleic sunflower oil (antioxidant rosemary extract),natural apricot aroma (apricot),honey ,icing sugar (cane sugar , potato starch),corn frozen flakes (corn , corn syrup , unrefined sea salt, soy lecithin),acacia gum ,lecithin of soybeans agricultural",France,Cereals and Cereal Products,Breakfast cereals,High fibre breakfast cereals,EUwest,0.334766867187048,0.251556216783674,1.22109032222295,1371.3480558712,6.90632599448489,1.09972521938648,79.0540055380973,0.001411169357362,0.0010988930137712,0.0166451498158964,36.4304796212568,0.056213529508634,0.0077522277514183,1.04282567629959,0.331999909363301,0.249401556461684,1.18845325618246,1299.91679917262,6.79610501748953,1.08452499758719,77.009279546289,0.337533825010795,0.253710877105663,1.25372738826344,1442.77931256978,7.01654697148024,1.11492544118576,81.0987315299056,0.191510908280773,0.207981208195921,0.376383387843166,130.977594538399,1.33076869033733,0.623559818255221,25.8695774413761,0.281970589402405,0.220534398425871,0.666474575828218,16665.5773112052,5.30743336036897,1.3877132514442,214.005908051555,0.240629809527844,0.229595081277806,0.840328430831449,415.364617302216,5.39963254527539,0.828069957177567,25.7645188080574,0.275772493782955,0.237381806619912,0.869702092347125,422.177502646053,4.71342329181853,0.815372813922465,30.8499688217761,0.27048008096801,0.24595837879113,0.877862810545977,614.703886044177,4.93304358722853,0.909499275967118,108.717489462862,0.302313542520505,0.286981699267164,0.938989348854836,803.490174454393,5.08944450837807,,223.080730189415,0.366031733608879,0.303835663935259,3.12070730982784,615.824100159585,7.47836070358903,2.00511140748916,16.8336335843108,0.288512846872183,0.211436166980843,0.68536801481412,3594.32480818929,6.36667911818138,0.806067980342793,60.0026037651748,0.326520370654021,0.304613330130463,2.59670761885725,2747.85979312082,6.53904551472437,1.8047048599942,36.0229373766103
291120242074849,Doblito,"cookies wheat flour (75%), cane sugar, vegetable fat (palm), quinoa blown (10%) (rice, quinoa (25%), amazon nuts, honey, lifting powders (sodium bicarbonate and ammonium bicarbonate), sea salt, vanilla,cocoa fodder (25%) , cane sugar, lean cocoa powder (24%), vegetable fat (palm), cocoa butter, honey",France,Cereals and Cereal Products,Biscuits,Biscuits,EUwest,0.191552044654801,0.171087455839178,0.663838486473885,196.790801328605,6.71252748262132,0.885099268739396,15.1660174335906,0.0006101695137472,0.0005209673804746,0.0038776362933577,9.10436190227156,0.0493612734364542,0.0028248312173426,0.250811284819573,0.190355651535104,0.17006596627678,0.65623539048574,178.939375300756,6.61574210316805,0.879560465904135,14.6742378727639,0.192748437774497,0.172108945401576,0.671441582462029,214.642227356455,6.8093128620746,0.890638071574658,15.6577969944173,0.178047264247409,0.104568459856586,0.369139464300974,28.654737291939,2.31440046386693,0.769131531026246,12.6249877770273,0.145348149607457,0.13458759119536,0.869505461595533,8028.92951676274,2.6122825556028,1.42975556880613,139.590917129944,0.187516822752346,0.149030349232372,0.400730963962493,51.17749320053,2.85918683163117,0.792436111185971,20.447116993052,0.158790840106974,0.127548062589161,0.711654972657695,44.1382841252499,4.51599361119887,,2.54095456047974,0.205692263123633,0.177155771354492,0.490893081488197,31.3824347752428,8.93937783249537,0.797356685441025,15.2453664884385,0.213738330015457,0.136996557527473,0.403500387961193,291.722260292577,3.78582899279418,0.814473127040903,10.5937765584143,0.181525130180451,0.189935979260012,0.675071304033619,237.621108529196,8.53761659147675,1.00992731152124,21.2881806464283,0.163762934183171,0.195952418480842,1.22094053677898,223.50417143003,8.16884074662192,1.01411220561709,52.5257415500209,0.178553093874112,0.160433635992536,0.757854704589939,715.907333026474,8.23584015150691,0.887658666231527,43.327267701452
291120242071197,Golden Toast Körner,"weizen flour , water, wheat oxyic (wheat flour, water), sunflower seeds (5.5%) , rapeseed oil, hafer flakes , roggen flakes , flax seeds (2.8%) , wheat chimrot , yeast, gerstenmalzmehl , iweizweiss , sugar, salt regulator sodium acetate",Germany,Cereals and Cereal Products,Biscuits,Biscuits,EUwest,0.173506696642368,0.0810191763887155,0.671545154008882,205.184921485936,1.29389329749917,0.558822478527315,4.56835021551379,0.0011928406886319,0.0002556409749446,0.0058538417100477,17.7966348806526,0.0263467948662214,0.0033902805215966,0.25167318485032,0.171167827917168,0.080517926987286,0.66006720273812,170.290074979741,1.24223367932121,0.552174967960996,4.07488067961719,0.175845565367567,0.0815204257901451,0.683023105279644,240.07976799213,1.34555291567712,0.565469989093634,5.0618197514104,0.122253294484168,0.0643942306516972,0.23942756167457,0.941139012770814,0.185220812565588,0.365488254381912,0.812327468233637,0.288436831904472,0.0910286377521489,0.893146744908285,10468.5789061034,1.65960723880541,0.935291460675032,164.99148463899,0.149232280977004,0.0888015593348444,0.162936440377592,0.265929056424501,0.916990813812015,,0.125024715226661,0.127534436262054,0.0744561453100184,0.358780827715926,6.71795913221168,0.454181901413648,0.630630742421703,1.13272071522666,0.123158034883564,0.0762532741637867,0.651131721001992,0.704621277554739,0.396562630093094,0.441990273503157,0.201942643901458,0.168691021057554,0.0793360396581237,0.68617549079469,13.2716379944265,1.55520358268887,0.417832760156472,5.28032854733219,0.219822730987335,0.0699924356242251,0.880532799732323,0.955256173596964,1.95978324387119,0.568288182828696,0.131638167241575,0.291197749169278,0.0885645757518647,0.886708674034334,2.61219840499429,4.96006548723595,0.455174686198758,0.923045027782146,0.0983941304867993,0.0850071760200865,0.486645089445384,1781.059155875,0.885201384822545,,17.9222732335271
291120241676428,Herrs Baked cheese curls,"corn meal, vegetable oil (one or more of the following corn, cottonseed, palm), maltodextrin, whey, salt, cheddar cheese (pasteurized milk, cheese culture, salt, enzymes), sunflower oil, nonfat milk, monosodium glutamate, sodium phosphate, artificial colors (yellow 6, yellow 5), butter, natural flavor, citric acid, lactic acid, and annatto",Germany,Cereals and Cereal Products,Bread,"White bread (not high fibre, not multiseed bread)",EUwest,0.199041937838168,0.122666931343943,0.822333660791409,455.870775097377,1.16248109048459,1.00227828319376,16.5274034394307,0.0006396815282498,0.0002498086096532,0.0046910861866346,8.47265671048489,0.018624134018126,0.0036572810406339,0.23778745946418,0.197787678879054,0.122177117783782,0.813135588598114,439.257968384493,1.12596372064296,0.995107249939503,16.061160413446,0.200296196797281,0.123156744904104,0.831531732984703,472.483581810261,1.19899846032623,1.00944931644801,16.9936464654154,0.123982130928045,0.0971831669628993,0.285858200154287,109.756667674525,0.291781368707579,0.636728879115754,21.3995604214669,0.230008684428963,0.121859206061855,0.895145830321444,6209.28828303962,3.18655052326436,1.16189945437071,89.9990259352874,0.180717079501672,0.105986471657424,0.590192503339318,123.711630434789,0.337270482556895,0.723319414520897,8.09268300770894,0.16668622905638,0.108130169543104,0.517385564733638,327.284143632925,1.37125269871714,0.776238276979173,27.6881366002025,0.190199319266934,0.108763460205144,0.911958212164965,152.598209277359,1.064091265002,1.0469499353967,30.4521571175545,0.170892284575491,0.13230486724071,0.759017093840341,488.913828869741,0.618612014760246,1.02631106991815,16.8910509039364,0.218969604337241,0.1327701142643,0.857564725076515,571.287180770069,1.48076152649601,0.981250562924159,21.36925457073,0.217844648420136,0.132775123815362,1.00392953064394,695.708836389443,1.29509446814647,1.1506992095856,18.8093106828409,0.15953674457244,0.143861624660757,1.36433775164618,644.482010308575,1.25993809479955,1.33292991471766,15.592715125067
291120241555937,Shells and white cheddar macaroni and cheese,"organic pasta, dried cheddar cheese, whey, butter, nonfat milk, salt, sodium phosphate, silicon dioxide",France,Cereals and Cereal Products,"Pasta, rice and other miscellaneous cereals",Pasta,EUwest,0.496912261588494,0.449173568016367,1.56736535166835,1718.64443244757,2.03526629998123,3.08063110813371,52.4606493055433,0.0015270756953575,0.0005110533187523,0.0065822940193212,12.4246871692047,0.039994525631504,0.0081054464570479,0.243497106029135,0.493918039795993,0.448171517503225,1.55445908365739,1694.28266099109,1.95684682111016,3.06473831087852,51.9832110596856,0.499906483380996,0.450175618529508,1.5802716196793,1743.00620390405,2.11368577885229,3.0965239053889,52.9380875514011,0.325230843065022,0.343279277074338,1.14675992838776,304.415620164628,0.901560400861545,2.16669499964918,11.2631053283817,0.759943444758604,0.441644565362673,1.61311178116831,6265.7200357616,12.6729961971366,3.99838898415455,137.584016492911,0.411067468014318,0.417199948334777,1.44030153590663,1313.06867042212,1.53615245033454,2.72647050549466,43.2286445761035,0.4599346886223,0.433457592042765,1.4898143977839,1238.21643646496,1.62161378869938,2.80772024460312,42.1792604381772,0.48470088275341,0.460705531126093,1.43498411343705,1275.14022158631,1.22515856705505,3.17493464345633,44.0928777470124,0.489033737089259,0.42761930863638,1.56608532694169,1454.00988733114,1.94117318783921,2.76662645257755,45.8566952979782,0.474091379624689,0.446763054498172,1.50651254959988,2354.90287832056,1.31940915539066,2.85398199174262,63.4391954973679,0.474663786081785,0.470107668854004,1.42821548992318,2545.06861622106,1.03454335269628,2.97940525482161,67.0617603928651,0.468304561170741,0.474482598669604,2.02277680530513,2486.94375471289,1.05113134835525,3.85361396798458,70.8743574767606
291120242309074,Gazpacho Wit,"water, almond (5%) , bread crumb (wheat flour, water, salt, yeast), sunflower oil, vinegar, garlic (0.7%) , salt, stabilizer xanthan gum",Netherlands,Cereals and Cereal Products,Bread,"White bread (not high fibre, not multiseed bread)",EUwest,0.122560624817059,0.0297738706999433,0.50767599988621,2190.23649038331,2.22476780014611,,34.1912166572553,0.0006738144725498,0.0003885767850207,0.0044166990866431,23.4589092252875,0.032006316037364,,0.30925230035548,0.121239439505849,0.0290119667017942,0.499015933658745,2144.23930933707,2.16201124572768,,33.5848485643569,0.123881810128268,0.0305357746980924,0.516336066113675,2236.23367142955,2.28752435456453,,34.7975847501538,0.0672283176146494,0.0239017260158995,0.12554280071894,250.857877768608,0.672056832345199,,5.52152763315466,0.136431372941599,0.0148013632146358,0.160311966852754,6045.63954037242,3.71699742953684,,80.005774519036,0.0822330544031487,0.0252815338826221,0.269286113351664,248.09192652768,0.363690825180798,,5.46671098990519,0.154619475622978,0.0281936544951139,0.437146703554032,249.247829591683,2.1815469202134,,5.47508676308021,0.110896006857839,0.0135726732618775,0.812774943471199,647.573883027213,2.45066238454411,,9.14767898412006,0.120076704108577,0.004590303631849,0.767589682731255,1983.78974158749,1.36550090471341,,33.7600289841201,0.185675883690697,0.0590144696800996,0.595216472207617,3228.67078755322,3.12184251699818,,43.0765517007215,0.156673784555587,0.0587033705126153,0.943038946092374,3228.50646848633,2.58882539453873,,43.0805289841201,0.164121516321709,0.0124015342998252,0.447400841837646,4040.01164731314,4.86043625946973,,57.1401542256728
291120242276146,Kamut shorts with chocolate chips,"khorasan kamut wheat flour (53%) , brown sugar and quot, drops dicoccolato (14%) (sugar , cocoa mass , cocoa butter , emulsifier sunflower lecithin), sunflower oil , corn glucose syrup and quot, hazelnuts in pasta , yeasting agents (ammonium carbonates, sodium carbonates), salt, from biological agriculture",France,Cereals and Cereal Products,Biscuits,Biscuits,EUwest,0.628901230039257,0.157912634404723,1.32026678819958,347.394552280894,14.1737198778709,1.27246944611138,23.0400684713685,0.002167919802537,0.0008883497607611,0.0086074333413925,8.97778574464042,0.139855111916221,0.0051919867368723,0.389624496119109,0.624650469754822,0.156170797885996,1.30338971749074,329.791311127405,13.8994982232631,1.26228923049981,22.2761101681103,0.633151990323692,0.15965447092345,1.33714385890842,364.997793434383,14.4479415324787,1.28264966172294,23.8040267746268,0.422972490899038,0.102438152067316,0.569830237074111,21.3409024524447,15.202191878344,0.822187079794183,3.96758564238679,0.635776087348537,0.162138380116864,1.73767049183361,5545.59608445301,11.5974714479382,1.80184332910051,92.189992656812,0.580377821744619,0.128562385079549,0.846256530348741,19.5932777127117,11.5496726501713,1.0947439911928,16.5111837365383,0.488730449881521,0.125866044404592,1.0905598401931,164.623322164695,10.4704436752656,1.19647491201897,9.44851550119543,0.508380791177029,0.173463863247608,1.00802231902524,257.219863978651,10.4654411974658,1.30722514301689,33.1460278105057,0.646729173948166,0.137197667644867,1.47546560761362,163.716466507905,10.4070111194994,1.3323695901992,21.768340336881,0.483910676593289,0.12503642268034,0.965425404243269,1202.83225318386,10.1667278770619,1.1587839525031,18.9258581915705,0.663411523302619,0.133202732624535,2.75337431100526,359.125146993695,15.3947659301002,1.39518398227669,57.877377592987,0.484225720161251,0.146313601785885,1.72148839200985,1513.19146702978,7.94972339008685,1.61223989404459,98.9855330082465
291120241977334,Sugar and Vergeoise pie,"wheat flour (gluten), sugars (19%) , water, vergeoise (11%) , butter (ait), efs of hens raised outdoors, fresh cream (5%) (ait) , yeast, salt, ascorbic acid",France,Cereals and Cereal Products,"Buns, cakes, pastries and fruit pies",Buns cakes and pastries,EUwest,0.119583412380895,0.09593687332692,0.411476643246088,190.942035158232,1.42289069583359,0.664047227663758,15.6301526223497,0.0004383657204185,0.0006009470488158,0.0042980174424188,5.52407612124854,0.0221875552565031,0.0030141868316588,0.301689401100955,0.118723884462827,0.0947585632043936,0.403049282683828,180.110673519799,1.37938632884424,0.658137144800504,15.0386135243931,0.120442940298963,0.0971151834494463,0.419904003808348,201.773396796665,1.46639506282294,0.669957310527011,16.2216917203062,0.0923126644182443,0.0700479998307019,0.253169357855214,9.17081359492203,2.26533145713697,0.469755333601174,0.568505352670465,0.113198586473629,0.0851494944256817,0.69260160036029,4407.83830686131,0.826581279755538,1.23697959285732,94.9536443747891,0.0991600655417739,0.0730898273196334,0.287727333510053,79.2242264242068,2.31730478429931,0.572503389010618,2.80198066725361,0.0959397862141417,0.0715120279320065,0.365070794586701,75.741413367484,2.16724821339161,0.593671206026294,4.65453473177504,0.143182452123971,0.0762329612437159,0.258064532698923,77.3699604018005,0.136771412159042,0.501017075568943,15.4595392535394,0.10161659872374,0.0751954271898899,0.572334249306382,79.1417570959551,2.21939439033239,0.555307656736857,2.80198066725361,0.111360985954655,0.160022961243716,0.51237545790166,67.6109904018005,2.71169888027451,0.784031340051593,2.67842925353936,0.0899179195907229,0.0820804277373912,1.00372733263405,328.744518778901,0.321675413456478,0.946916003366551,70.3730961823101,0.123375652513202,0.0869041609842288,0.7041823996467,730.245300401801,0.932212206580069,1.0309817388839,50.3984492535394
291120241964230,Chestnut rice billets,"full rice, chestnut flour (40%)",France,Cereals and Cereal Products,"Pasta, rice and other miscellaneous cereals",Rice,EUwest,0.804716066666667,0.389657266666667,3.483343,5194.40404293333,27.214171,2.79543597582652,283.2740228,0.0058226628439931,0.0042333021377138,0.0614881096565473,137.984568729782,0.269117606419984,0.0280629140578724,3.77568977129614,0.793299249523368,0.381356796982341,3.36277986192305,4923.85006582816,26.6864972217202,2.74041146781514,275.870818997262,0.816132883809966,0.397957736350992,3.60390613807696,5464.95802003851,27.7418447782798,2.8504604838379,290.677226602738,0.2338,0.0754,0.8686,290.5038,3.3068,1.4206,61.026,0.474,0.2694,0.5726,63726.0366,15.9682,1.802,782.072,1.132,0.5904,0.642,355.6548,53.2836,1.8688,181.926,0.5702,0.2102,2.443,1809.7022,20.6408,2.2262,86.9268,0.9104,0.3452,2.0878,1739.8916,26.7416,2.1608,68.6928,0.6716,0.3878,2.3878,2737.3304,20.3966,2.24,414.1212,0.95,0.5822,10.1518,1739.9864,27.4046,5.9228,68.7078,0.632,0.2798,2.0122,13284.287,22.1474,1.9724,231.405,0.4452,0.2112,0.7682,16053.2664,16.594,1.7708,341.036
291120241675645,Cultivated minnesota wild rice,wild rice,France,Cereals and Cereal Products,"Pasta, rice and other miscellaneous cereals",Rice,EUwest,0.324919666666667,0.450814666666667,3.54298433333333,4312.857325,4.24894066666667,2.42149117952266,353.146817,0.0036158124327323,0.0058391535164309,0.100446692921957,203.228465647527,0.0768738181663068,0.0435040294048151,6.11177925171282,0.317829943205938,0.439365515349668,3.34603294589002,3914.37602996768,4.09820991878946,2.3361904224603,341.163113322395,0.332009390127395,0.462263817983665,3.73993572077664,4711.33862003232,4.39967141454388,2.50679193658501,365.130520677605,0.113,0.147,0.927,116.351,1.332,1.009,30.39,0.158,0.211,0.479,83239.739,0.293,1.76,1008.924,0.1,0.42,0.345,456.821,2.94,1.121,70.758,0.1,0.42,0.345,456.821,2.94,1.121,70.758,0.216,0.113,0.752,1899.274,0.71,0.856,657.748,0.282,0.443,0.835,1662.398,0.925,1.032,575.714,0.314,0.933,13.845,6.015,7.884,6.172,0.773,0.809,1.439,17.21,4180.819,13.682,8.887,647.577,0.216,0.263,0.209,19240.659,3.843,0.586,271.187
291120242180762,Boni selection crunchy pancakes,"wheat flour, cane sugar, margarine (oils and vegetable fats (palm fat, sunflower oil), water, salt, lemon juice), eggs, sunflower oil, soy flour, salt, emulsifier (e322, containssoy), natural aroma of vanilla,contains gluten, eggs and soy",Belgium,Cereals and Cereal Products,Biscuits,Biscuits,EUwest,0.343827040914228,0.186730592184162,1.40517004995554,1066.07520148726,5.47905599684232,1.40227116451315,29.3378569478932,0.0016566405462016,0.0007392138875039,0.0115663741301028,13.2923382999247,0.074988501818243,0.003900836790341,0.41728891911644,0.340578774151252,0.185281174622208,1.38249122035602,1040.01217846101,5.33202189302297,1.39462257802714,28.5196554800902,0.347075307677204,0.188180009746116,1.42784887955506,1092.13822451352,5.62609010066168,1.40991975099917,30.1560584156962,0.211506517095813,0.136041935836108,0.705766434070565,154.947058533251,3.58539126201696,1.12336680653949,7.19151225103609,0.473686413258492,0.140826846416977,1.2273372953408,9040.53629633823,3.05238558881648,,173.637625371739,0.303414244682908,0.151918647321748,0.651884169006672,517.747215183269,4.67333298194017,,10.3361154855279,0.240948645233677,0.24629645961632,0.71897242724599,524.228669342637,4.70191811252558,1.44850482184935,12.0494906310373,0.399954314301489,0.189702145105912,1.37793658339911,250.854149313866,7.06264205422603,1.4156870180131,31.2429168608816,0.412206745082659,0.245489994750015,1.38841428369087,519.30810986862,8.2484151715111,1.33043901248628,10.2528711908668,0.404616233446438,0.258112448286908,1.43804609031358,1020.92264131057,8.04841537873409,1.38578153392027,18.2506906625779,0.447149742196549,0.178543577006816,2.11944883207427,1326.17677742294,5.74096270493113,1.67898818560366,89.3381942453263,0.447696970679035,0.192851332890863,3.96993562316415,547.91346845624,9.42380343943034,1.38779504641536,26.871478460149
291120242118517,Tortelloni in a creamy spinach sauce,"water, organic tortelloni (10%) (organic hartweizengriess , water, organic tomato paste twice concentrated, organic potato flakes, organic sunflower oil, organic onions, organic carrots, organic sunflower hack, organic sunflower seeds, organic breadcrumbs (organic wheat flour yeast, salt), sea salt), pipe -ripe sugar, organic garlic, organic basil), organic  soya cuisine (sojabasis (water, organic peeled  soya -beans), organic sunflower oil, organic rice, emulgator (sojalecithin), stabilizer (organic guar kernel flour), sea salt), bio spinach (5%) , organic, organic tomatoes (0.5%) , sea salt, organic garlic, organic olive oil, organic pumpkin seeds, organic vegetable broth (sea salt, organic corn starch, vegetables (organic onion, organic sellerie , organic lauch, organic carrot, organic petinake), organic lovage), organic nut, organic sunflower oil, organic pepper, organic curcuma), organic corn starch, organic rapeseed oil, organic spices",Germany,Cereals and Cereal Products,"Pasta, rice and other miscellaneous cereals",Pasta,EUwest,0.199630934716576,0.0661591655771576,0.94919319696878,415.381000378491,3.44642662154719,,15.4944508214392,0.0011885117933491,0.0002670466171489,0.0092038540551094,8.21693628045664,0.054378009502937,,0.193845915190875,0.197300553895828,0.0656355525021071,0.931146691173035,399.269598859014,3.33980465016651,,15.1143664121225,0.201961315537323,0.0666827786522081,0.967239702764526,431.492401897967,3.55304859292787,,15.874535230756,0.143586275275403,0.0399935760783881,0.200674539523862,167.328147193207,1.26924598816246,,23.2418749036211,0.224149203034152,0.064694024797287,0.277425803191318,6775.04251786589,3.01211215931894,,79.4415226102613,0.118169895068174,0.0433031159510957,0.43460779075736,212.106306643557,1.59594763416166,,28.2411863852583,0.110738529640678,0.0542418510264606,0.543370693597441,189.893161535467,1.69212548376665,,27.8014292780916,0.117537962939438,0.0684533592713752,0.338519905503357,555.045384384015,3.13976757384201,,19.7836452156356,0.280972010258274,0.0624617449776248,0.937131755396958,224.792914559815,4.94322736825297,,27.8786936851233,0.203773153042098,0.08088152229472,1.55294875649187,234.506560540243,3.62803050854168,,28.1809609529489,0.200993951249757,0.0627948803537674,1.56603937507953,674.017780223963,3.3494946744511,,12.2993744310568,0.208864759430932,0.0575792436266681,1.58601837334733,829.111082557978,3.88298072808498,,12.1301855284143
291120242095687,Chocolate white crisp,"sugar, cocoa butter, whole milk powder (14.6%), hazelnuts, cream powder (5.5%), rice flour, lean milk powder, milk sugar, buttermilk powder, wheat protein, emulsifier lecithine (soy), wheat malt, salt, glucose, vanilla extract",Germany,Cereals and Cereal Products,Biscuits,Biscuits,EUwest,1.17501882227137,0.260679149150746,1.90185888814207,1171.19337103949,34.2605267403412,2.30502701339652,53.959787032196,0.0053469197582615,0.0034536326987267,0.0131944584368482,16.3922137055102,0.752612002564241,0.0103019041060475,0.595871817120874,1.164534820914,0.253907420466136,1.87598778357799,1139.05225082286,32.7848387530156,2.28482750012265,52.7914281972117,1.18550282362875,0.267450877835356,1.92772999270616,1203.33449125612,35.7362147276668,2.3252265266704,55.1281458671803,0.827339203774717,0.130625571664834,0.479508891307311,50.6427677471837,35.3716161674324,0.837566709156934,8.20008800459301,2.50924628738549,5.10898740165905,5.02133209775324,594.313366787263,1094.51222401778,4.5316760069292,17.6521439617615,0.91401556340742,0.171564688223954,1.68426084592658,466.107575883935,23.2989849079268,1.84810737268408,38.6441453732922,0.920903806398107,0.203877452956605,1.67900347955216,603.442049165177,23.4885302314686,,67.8975730542649,0.934957928650841,0.324574592707031,1.86274459184269,491.046745273294,24.3207195185628,2.2440825920949,47.2191328754541,1.19390701640485,0.271550790376079,2.15909855028027,604.21384298156,27.9580410124626,,66.5920484564621,1.33346550355874,0.299282645467937,1.89719806499805,1293.42201516357,36.8179119167512,,72.0983913506818,1.53250305693349,0.262013354864728,0.995432168465402,3009.88175987614,56.9666213967441,2.71288314612473,65.0345506192871,1.23664342393953,0.220880249641236,6.01098644008107,516.291006095847,53.0529442604732,1.53353037034754,67.4693452998895
291120242235001,Crunchy apple and honey,"oatmeal, flakes of wheat and  soya (ble ,  soya , raw sugar, fructose, table salt, orge malt), cornflakes (corn, table salt, malt of orge), sugar, cereal crispies (corn, rice, raw sugar, complete flour (ble , seigle , orge), malt of orge , cocoa powder, table salt), grapes (6%) (cotton oil), sunflower oil, coconut flakes,flour (ble , seigle , parts of apple (3%), honey (1%), milk skimmed powder, magnesium citrate, calcium citrate, vitamins (c, d, e, b1, b2, b6, b12, pantothelo acid, niacin,folic acid, biotin), table salt, aroma (vanillin)",Switzerland,Cereals and Cereal Products,Biscuits,Biscuits,EUwest,0.297085973344846,0.193023718095219,1.2485716402731,296.41362606315,7.62268933029923,0.902732060999385,13.6777262308041,0.001234190450068,0.0008247150549758,0.0079960130995381,6.70439016457215,0.126455511180192,0.0029616100366239,0.219940748224811,0.294666027854963,0.191406653664346,1.23289341505575,283.267957385937,7.37474101410984,0.896925068366663,13.2464762388123,0.29950591883473,0.194640782526092,1.26424986549046,309.559294740363,7.87063764648862,0.908539053632107,14.1089762227959,0.221876039433306,0.145767258466948,0.519504590857967,58.8017939595692,3.55178832406555,0.604406236948641,2.30734470851596,0.219383001144235,0.174237113378079,3.85319084399011,1698.95709564401,5.75488046117386,,37.2557081259343,0.243521607433906,0.188580145389147,0.709314963015675,144.999287121313,3.7653752577288,0.763485318081802,21.8174453239065,0.245638904661151,0.14922635934691,0.706420165908155,416.535540254006,4.41030549601296,0.739990521794893,11.4577481547966,0.254898167300456,0.154238817012814,0.91367255755744,449.926971210136,5.21198070554909,0.806301131594145,7.22380629853069,0.381434244568328,0.154786517711985,0.935554002086312,455.656686642446,14.0324581863591,,36.1350807650355,0.22468041432474,0.245519867349243,1.25439606048139,464.139422327996,4.58019481768012,1.06875507315417,9.53967625870568,0.259043411028606,0.24681758252389,2.16512272354567,5.40737239393229,4.85406548052258,1.20092948740389,1.10391214062848,0.301332968200636,0.13432164964056,1.1076090889729,1704.77566412421,4.13197550331026,,22.8060616580615
291120242240155,To the egg Riccioli,"durum wheat semolina, outdoor farming eggs (20%) (italy)",Switzerland,Cereals and Cereal Products,"Pasta, rice and other miscellaneous cereals",Pasta,EUwest,0.283283733333333,0.1966768,1.4746516,587.295117733333,3.46040226666667,1.75131865092749,16.5866564,0.0024676942109846,0.0005404625636771,0.0186706900840654,23.1245108992486,0.0538895824673627,0.0082371106540715,0.335508112633404,0.278445188782973,0.195617085153439,1.43804294510443,541.95360998361,3.35473798119403,1.73516769239763,15.9288070835175,0.288122277883694,0.197736514846561,1.51126025489557,632.636625483056,3.5660665521393,1.76746960945734,17.2445057164825,0.1834,0.18,0.3672,237.988,2.1004,1.3768,9.332,0.4394,0.2318,0.844,18768.7638,3.2642,2.3412,302.987,0.1922,0.176,0.5944,235.2776,2.1652,1.4616,9.332,0.2386,0.1728,0.5864,235.2776,2.0116,1.5008,9.332,0.189,0.1894,0.8208,448.9934,2.4026,1.4652,18.7054,0.2362,0.2154,1.5034,282.812,3.3822,1.8158,11.1904,0.309,0.1984,2.4992,235.0152,3.7956,2.448,9.332,0.2898,0.1992,3.6432,235.0152,3.6284,2.736,9.332,0.3146,0.227,4.1384,430.1966,4.245,2.75,14.2006
291120241959986,Small Breton pancakes,"raw milk, wheat flour (gluten), eggs laying on the floor, sugar, sunflower oil, guerande salt (0.3%)",Switzerland,Cereals and Cereal Products,Biscuits,Biscuits,EUwest,0.382182143839528,0.258595112905175,1.53706295372023,769.56573606738,12.9663451800066,2.00716600612437,24.3886799701596,0.0023141085598239,0.0006722981048108,0.0104380641414903,9.98309331416187,0.309443696014158,0.004672663796708,0.19067067413644,0.377644743171635,0.257276900820075,1.51659646393259,749.991332749514,12.3596018070523,1.99800405573012,24.0148214316301,0.386719544507421,0.259913324990274,1.55752944350786,789.140139385246,13.5730885529609,2.01632795651863,24.7625385086891,0.229257371372207,0.192547191458465,0.76660500854156,290.383431196066,3.95057726894616,1.63184197603557,11.2073312016621,0.741829823420832,0.265422314682703,0.961276788265595,7149.15643498475,62.5120037778072,2.33123007483719,125.303834981063,0.238408953908216,0.274135524335895,0.850395533642859,485.439684992049,4.86382854244052,2.15388023309369,18.0376699346513,0.269550912233465,0.239896230701676,1.22111201361764,459.620014406263,3.58882052575942,1.76464155131625,19.1192430929973,0.29636999363283,0.237463383653883,1.10029989758156,865.921782304146,6.04407080070615,2.32549001304468,24.5366867374367,0.350031567945162,0.237876086722993,2.0847628403554,442.618106024321,5.30636845312179,2.34584406598753,16.7729344910452,0.66797075425005,0.253201029855883,0.895653802347671,1058.94057076231,62.2327739875249,2.12028007152208,29.3978336628041,0.395889781811316,0.222595367530844,2.09536621817477,1311.75571650193,5.68266710515636,2.40038258423788,32.4917458664476,0.693104671012933,0.300758423039992,1.93013525979544,864.055150861194,62.6923717284833,2.59003466950357,24.5372329050176
291120241659327,Cheese & Garlic Croutons,"enriched wheat flour (wheat flour, malted barley flour, niacin, ferrous sulfate, thiamine mononitrate, riboflavin, folic acid), canola oil, dehydrated romano cheese (part skim milk, cheese culture, salt, enzymes), salt, water, yeast, dehydrated garlic, natural butter flavor, dehydrated parsley, annatto color, ascorbic acid (vitamin c)",France,Cereals and Cereal Products,Bread,"White bread (not high fibre, not multiseed bread)",EUwest,0.525896957444512,0.421014743562346,1.65448722790376,1361.64508092397,2.2604695675472,,39.1837698894164,0.0028768629812673,0.0005813212321221,0.0058366247429812,21.3988470344094,0.0766048774585224,,0.313334376563988,0.520256133051368,0.419874914864295,1.64304303489275,1319.6871777764,2.11026614659333,,38.5693978438786,0.531537781837657,0.422154572260396,1.66593142091476,1403.60298407155,2.41067298850107,,39.7981419349541,0.362552281624567,0.342275429866828,1.565874793597,139.912492720182,0.658229189478347,,4.46048238885069,1.21914367940664,0.456032606729361,1.33461270503448,13715.8992382561,12.9229873125094,,197.293537376083,0.430365984072254,0.419180664966513,1.49507445746566,859.894623533741,1.437781333959,,29.1303880355986,0.316415933243937,0.266213969782252,2.46750943287762,1063.35935935552,1.43226352936728,,32.1759783287799,0.525690548617484,0.435665888804293,1.55493470740221,823.776787387799,1.08720498576722,,29.1668382941227,0.518458616036115,0.448610304398677,1.5960811433578,952.734571472959,1.01757020504847,,32.2363999160884,0.494117679968302,0.450225079778146,1.55743670784042,1740.96597086746,1.52984751457894,,46.9118379737168,0.502218153671673,0.431790546027601,1.84461037188254,1846.44135078451,0.983246948406258,,47.3042668397407,0.48863545042399,0.444032161034523,2.2285553608961,2199.37454123486,1.01997176738514,,52.7918371184963
291120241955339,20 mini blinis,"water, wheat flour, rapeseed oil, skimmed milk powder, eggs on the ground with powdered soil, yeast, salt, stabilizing sorbitol syrup, lifting powders monocalcic phosphate and sodium acid carbonate, emulsifier lecithin of soy lecithin, sugar, acidifying citric acid, preservative potassium sorbate, antioxidant ascorbic acid",France,Cereals and Cereal Products,Biscuits,Biscuits,EUwest,0.229014285704977,0.149860013138393,0.618632301354742,294.514187923274,1.74443282871982,1.1343321440567,9.26648876633038,0.0018603281130938,0.0002947281433972,0.0023941866958087,11.5389328064222,0.05284583748844,0.0036021803804147,0.1554205332153,0.225366637461761,0.149282123363507,0.613937887055765,271.889164045129,1.6408150717665,1.12726914971507,8.96174712911475,0.232661933948193,0.150437902913279,0.62332671565372,317.139211801419,1.84805058567314,1.14139513839834,9.571230403546,0.161578675392884,0.120607509003817,0.475012090582238,89.8753694871882,1.10004590423737,,4.87622504296766,0.577866659311076,0.171696989664816,0.501278286165779,8007.70051440181,8.54773277192954,1.30465080296765,127.065944712361,0.170587291123654,0.133019077833937,0.477509958790816,215.972978656529,1.10119551830343,0.94188358493113,8.03889746091208,0.214378967333089,0.159685235296176,0.414177515499088,145.804507533172,0.995111551789226,1.18373705785784,6.24021628322036,0.187335263530171,0.152309207628976,0.621193154672589,174.448008011114,0.925889217060141,1.11548969267377,8.4998041495257,0.213167212475633,0.166031536419694,0.525236327744558,220.134666060825,1.33174324980506,0.945220722159261,7.26146069652769,0.280747528979643,0.13999281111861,0.65156864013064,215.682283832373,2.08408895447119,1.52541254143744,7.82753394820476,0.200125397977295,0.146890659458344,1.29969506384505,208.182733769293,1.09882558812761,1.16107312498411,7.23979192236482,0.543246172215176,0.127178077388896,0.488100491198454,180.783104024528,12.8274134088032,1.28923117677164,8.07910628322036
291120242248762,Hazelnut macaroons,"sugar, hazelnuts (41%) , water, egg white powder (ground farming), rice flour",Switzerland,Cereals and Cereal Products,Biscuits,Biscuits,EUwest,0.773650028085187,0.270545695337638,1.85886600611944,2906.18033010878,29.2322886079486,2.25935633125974,88.7568176169051,0.0071333479191901,0.0045433152234607,0.0185866323469175,67.957814954529,0.273564371902692,0.0137956208914674,1.53111577480037,0.759663278208893,0.261637365846411,1.82242216787911,2772.93168295511,28.6958958105953,2.23230649421506,85.7546742171461,0.787636777961481,0.279454024828865,1.89530984435977,3039.42897726244,29.7686814053018,2.28640616830443,91.7589610166641,0.255409599864001,0.0373453267648501,0.572044565242523,298.791511848357,7.51770095293882,1.42122282803354,47.4902395081955,0.473811174271476,0.282396430353752,5.88263046548637,14315.1859049522,24.7177970983488,1.78212310008325,218.980252051932,1.10141040545267,0.144111448001718,0.529621978952376,129.459418014599,57.517377168734,1.043994379525,4.53538393868291,1.12238926187487,0.326945937713422,0.709057930163675,70.9882941018461,58.5515930844253,1.46836999982985,3.07686708749214,0.600233453159427,0.175707194906498,2.18581564787886,1855.52866863231,25.2850959761489,2.24658186240933,73.8857638936315,0.629725603223139,0.163120291890196,2.20653187071851,2133.83193535235,24.8931791018777,2.21320011039575,79.3862417677383,0.627493293123889,0.372952344956987,2.39761528866503,1926.1755252393,26.616168040008,2.68763387467082,75.1333283033959,1.33620561843211,-0.280693399355569,3.98119721655337,10325.7341104804,36.8342862302924,2.12591215933377,331.40253251736,0.473907737284522,0.196902515247665,0.543742039732035,14211.0636507676,21.1366871719516,1.34960293392134,184.400248768824
291120242061188,Porridge Klassik,"oatmeal (48%), milk sugar, milk protein, fructose, glucose syrup dried, corn thickness, vegetable oil (sunflower), milk fat powder, dining salt, aroma",Germany,Cereals and Cereal Products,Breakfast cereals,High fibre breakfast cereals,EUwest,0.234445369671214,0.136656505018131,0.953776244010046,571.917553826286,0.612410359984029,0.901793616436573,12.4488538851543,0.0013193960699157,0.0004644584674081,0.0085993943908134,8.46386093375031,0.022765397891305,0.0037595918897469,0.223300991430405,0.231858356808988,0.13574581560761,0.936914935716314,555.321993479421,0.567772984974828,0.89442197664071,12.0110152784233,0.23703238253344,0.137567194428651,0.970637552303777,588.513114173151,0.657047734993231,0.909165256232435,12.8866924918853,0.221015600794322,0.117944089923039,0.357390032484573,51.9258890071982,0.18863764552953,0.606916473194211,3.64321961482124,0.517346665497497,0.163244753529759,0.565099769704216,3317.0246573677,7.88371667687411,1.51522126597136,83.0391161987331,0.226737308960073,0.119346750410367,0.360137508612001,300.37531879565,0.264004138782782,0.610867902998061,4.18227466733373,0.213055133540443,0.115557466399756,0.521473476390249,304.845586312814,0.356516601768448,0.614396553373667,5.26868720321129,0.213800457856116,0.145090430141961,0.454183007182204,679.539816054617,0.564982797212475,0.936156860229176,14.9918534653562,0.19382452375689,0.104395928215142,1.42895316137275,306.827888499915,0.203224347594444,0.780534323051114,4.82850162741045,0.316781775261102,0.167566508092346,0.68010152534471,828.940517317035,0.562879517255852,0.958867218248845,16.6264142534562,0.184154879081793,0.130126508092346,1.51832226878556,826.095430691803,0.457263761889275,1.12916398437087,16.4650151553086,0.181108777646247,0.130944863701896,1.58774610299568,826.095430691803,0.513866691549786,1.1670356634128,16.4650151553086
291120242288711,Rummo capellini nr.: 1,higher quality hard -haired semolina,France,Cereals and Cereal Products,"Pasta, rice and other miscellaneous cereals",Pasta,EUwest,0.151220333333333,0.100256666666667,0.480713666666667,62.7145133333333,0.369506333333333,0.711720976915356,2.53565733333333,0.000751976637215,0.0002138492618611,0.003410153996042,12.1482558838668,0.0106792393525377,0.0029145245393298,0.213842359502896,0.149745891141996,0.0998373605889643,0.474027189079618,38.8947559899743,0.348566957967778,0.706006307421911,2.11636478946662,0.152694775524671,0.100675972744369,0.487400144253715,86.5342706766924,0.390445708698888,0.717435646408802,2.95494987720005,0.137,0.096,0.267,0.508,0.225,0.529,0.219,0.118,0.099,0.351,10479.972,0.227,1.323,127.181,0.099,0.097,0.397,23.436,0.162,0.802,5.792,0.147,0.081,0.362,0.508,0.241,0.445,0.219,0.147,0.104,0.384,0.508,0.528,0.736,0.219,0.153,0.112,0.359,0.508,0.551,0.582,0.219,0.205,0.1,0.374,0.508,0.336,0.785,0.219,0.274,0.086,0.415,0.508,0.984,0.469,0.219,0.155,0.123,0.935,0.748,0.22,0.959,0.4
291120241965454,Mixture Quinoa Boulgour Bio Monoprix,"boulgour de wheat hard (80%), red quinoa (20%)",France,Cereals and Cereal Products,"Pasta, rice and other miscellaneous cereals",Other cereals,EUwest,0.200914710879131,0.108155502557078,0.519017322061253,41.247539250771,1.07551444143858,0.697685138287779,1.86963255746975,0.0027156481287258,0.0004118874033042,0.0037866702462078,8.00618273625058,0.0329362679105176,0.002476530252984,0.140104428036017,0.195589989365642,0.107347892140136,0.511592588233924,25.5493738641379,1.01093447893826,0.692829268421067,1.59492205495392,0.20623943239262,0.10896311297402,0.526442055888581,56.9457046374041,1.1400944039389,0.70254100815449,2.14434305998559,0.140703636354605,0.0783382165649936,0.299289664807379,0.439398869583834,0.298929087328855,0.454807565550176,0.204395490347779,0.189989090871724,0.10741719746237,0.564457122990204,8350.94629082578,1.16191085878644,,101.463847660233,0.108299999988625,0.096761783445837,0.379645111750474,18.8102044899216,0.265404993264412,0.750532059932927,4.66279549034778,0.11152545453532,0.10006114650399,0.38081340783925,20.3902044899216,0.405574209050405,0.785993108624155,5.04679549034778,0.142996363626436,0.107568789816988,0.352991480460678,3.58118135391718,0.541103623742227,,1.04653207722869,0.144936363625678,0.108818471346065,0.453326396691923,0.496814485160101,0.533055920437669,0.768603520612181,0.228525096525624,0.181189090871724,0.10901719746237,0.604457122990204,20.6286908257784,1.12031085878644,,5.14064766023288,0.112918181810943,0.0893866242103752,0.595843016783992,1017.31500448992,1.21494423702369,1.16450524345614,73.5379954903478,0.638792727070865,0.18249299366134,0.840136033685588,1.43154070674173,5.73518281148592,,0.32890959073511
291120242117922,Porridge Bratapfel,"oatmeal, raisins, dried apple pieces (9%), almonds (9%), cinnamon, cloves",Germany,Cereals and Cereal Products,Breakfast cereals,High fibre breakfast cereals,EUwest,0.313180660296607,0.339294240319588,1.08034792580873,4053.74655207558,3.41689166450861,1.16016973373451,64.1776372710569,0.0014850832798966,0.0008007396055814,0.0091794439889844,42.5087613118507,0.0421444914728014,0.0072609900517219,0.585841962558239,0.310268775356087,0.337724185878646,1.06234928217998,3970.39727222054,3.33425662867811,1.1459327088679,63.0289445267571,0.316092545237128,0.340864294760531,1.09834656943748,4137.09583193062,3.49952670033911,1.17440675860112,65.3263300153566,0.273869002631966,0.327166410752103,0.387907730662151,448.395764308914,0.856077752890844,0.573432170524541,10.5647746211376,0.62050956439935,0.318844484967513,0.566670429329896,9713.43064880788,15.2216602703207,1.54706143309719,168.807614731346,0.378289452971199,0.3506022631842,0.614842432104169,450.723884308914,0.808176195792343,0.586064222193086,11.0851546211376,0.241009046862778,0.312714078625426,1.47441041861325,448.214704390333,0.690182225147689,0.752577240886315,10.3402709681398,0.220510309281009,0.282029237682491,1.62965651193613,1410.98056310939,4.37740650290938,1.02798168340881,19.7450365644012,0.56272956439935,0.317584484967513,0.665220429329896,3608.77582880788,11.7887002703207,1.44131143309719,82.7657247313456,0.313009046862778,0.370044078625426,1.77546041861325,5811.86226439033,2.97006222514769,1.61396724088631,77.9019209681398,0.315280309281009,0.367619237682491,1.80947651193613,6056.66887310939,4.65847650290938,1.8452716834088,80.8241665644012,0.416269452971199,0.3258522631842,0.639052432104169,7273.16452430891,6.13293619579234,0.741134222193086,103.730524621138
291120242167390,Cranberrys and Chia bar,"dates, oats, butter, cranberry (15%) , chia seeds (8%) , sea salt flake",France,Cereals and Cereal Products,Biscuits,Biscuits,EUwest,0.194642673827263,0.239296535070049,1.20166474196881,1055.41114945153,2.69430774628391,1.0551699414523,41.8979356418847,0.0012805340961695,0.0003561313843472,0.0037649703613675,11.9087087305155,0.020780629821149,0.0045837892135691,0.197718991313028,0.192131859786775,0.238598248563854,1.1942825563061,1032.06108546331,2.65356201582566,1.04618225236968,41.5102570779598,0.197153487867751,0.239994821576244,1.20904692763151,1078.76121343976,2.73505347674216,1.06415763053492,42.2856142058096,0.146464954759518,0.236583385308023,0.870201741108142,153.534011905309,1.34511853595652,0.618949718612331,26.2411036086618,0.482191561854697,0.251257844799754,1.35798376067736,2598.16254747723,8.16352233139195,,75.7471802175192,0.13985255681026,0.264613392052205,0.908607907494833,227.823073687502,1.36686212535031,0.81196090931531,28.9273950693098,0.182245969629921,0.262068712740395,0.959412991916528,218.424515758511,1.38261790377865,0.739779316416957,28.6406448651518,0.130925651678656,0.248427459143871,1.26767725005466,317.922730978019,1.3600995734185,,30.9513308579135,0.180423269680345,0.240143261886999,1.1298790874463,1469.78230941409,2.40381577246097,1.21049126125355,47.3800186769052,0.213651759776094,0.235101011509783,1.19290822678581,1560.25774846763,2.30404987706179,1.1966391535412,49.3055816345673,0.369351735528925,0.240726488016872,1.35927431589782,1397.55835378675,4.35238818072612,,45.0159933767525,0.361910925771972,0.242104405267685,1.65158165128772,1560.69104719759,4.44448829418782,,49.388938994601
291120241978259,Mybioscore Pizza,"t80 wheat flour , oatmeal , deodored oleic sunflower oil (antioxidant rosemary extract), grated emmental , spices (4.4%) (oregano , basil , garlic , onion , sweet paprika , powdered tomato , red pepper powder), acacia gum , unrefined sea salt",France,Cereals and Cereal Products,"Pasta, rice and other miscellaneous cereals",Pizza,EUwest,0.180998014229014,0.0928279572297847,0.598285465367751,217.384412156122,0.49240462486892,,4.29700339351864,0.0009630596375518,0.0002665610081401,0.0051610511642653,7.40728749380479,0.018135586037659,,0.175873936966473,0.179109689921972,0.0923052963151812,0.588165906844727,202.860533801761,0.456845178078674,,3.95215763610205,0.182886338536055,0.0933506181443883,0.608405023890775,231.908290510483,0.527964071659166,,4.64184915093523,0.160008999873113,0.0866182794208318,0.230820486269746,3.84683741078899,0.16884905552414,,0.320337069386814,0.331006873922566,0.100447471645353,0.338322669857991,5703.57669009879,4.47007824977707,,90.0296916218404,0.133279483639345,0.10563374247649,0.343187135634841,79.4826462617863,0.187078371305237,,3.57449020114722,0.147105964927756,0.0916593198457603,0.291401623311384,162.388998833215,0.180178473472356,,4.35762734400436,0.206139586217121,0.0992755658606602,0.473873207911905,3.94479398221756,0.172875407554759,,0.327641069386814,0.154302739551915,0.117006462073811,0.586121500519323,148.066586833209,0.176424923723272,,1.66824579927142,0.153865019342325,0.0773652523283861,0.918635769642195,148.172881589134,0.195779116853223,,1.65536384841647,0.222590650796227,0.105123962058553,0.716147367931958,151.22618883936,0.229085989606543,,1.64611364081539,0.347470509930244,0.10548799990921,0.344538831557705,1335.97879844021,4.64790337004406,,37.339980362286
291120241574979,Cheez it crackers,"whole wheat flour, enriched flour (wheat flour, niacin, reduced iron, vitamin b1 (thiamin mononitrate), vitamin b2 (riboflavin), folic acid), white cheddar cheese (milk, cheese cultures, salt, enzymes), soybean oil with tbhq for freshness, salt, calcium carbonate, paprika, yeast, paprika oleoresin for color, turmeric extract for color, annatto extract for color, bht for freshness, vitamin a palmitate, soy lecithin",France,Cereals and Cereal Products,Bread,"White bread (not high fibre, not multiseed bread)",EUwest,0.442393191991658,0.42006877226097,1.70478960253287,1432.59520792751,2.4525764183114,2.81108971206214,43.3846338580863,0.0014278148952922,0.0007266839006706,0.0068060630536634,14.0440364236769,0.150623127436315,0.0066902562016142,0.253696671851895,0.439593596340873,0.418643922937349,1.69144457819756,1405.05828880667,2.15724131999531,2.79797175662798,42.887196759288,0.445192787642443,0.421493621584591,1.71813462686819,1460.13212704835,2.7479115166275,2.8242076674963,43.8820709568846,0.305647061830608,0.382958509860342,1.12532929965565,124.014713769567,1.31230239625504,2.0741414613555,4.75601157186492,0.401005882179053,0.412348377412904,1.39540091866044,10376.8782884476,1.59357666567085,3.09727489316602,151.566678412488,0.365014315734086,0.378218566231231,1.4595180645036,1092.40129555324,4.26463239411882,2.67129505637647,38.6449477206233,0.355151276400303,0.460590293490341,1.3969926483512,999.433844982665,1.96134495800739,2.6374864335074,33.7484864686453,0.478110121111544,0.421014208629284,1.36827443388065,1016.76673560542,1.2321636383621,3.007773922317,36.5550646211012,0.504913143679184,0.413161296504968,1.6775330166846,1016.76673560542,1.12761286328699,2.98504288538324,36.5550646211012,0.485703808686223,0.403036190247099,1.44861670578405,2055.84315228257,1.19182153358737,2.55886010305812,54.0741768166558,0.459642930086897,0.414232018959445,1.88873508155172,2055.71905734079,1.47096459064224,2.61305167732964,54.0741768166558,0.452789396818419,0.425446891580591,2.38592776775586,2055.57264094823,1.45788057258424,2.67909481609861,54.0741768166558
291120242328067,Pan Tostado - Sesame Fleet Grilled Bread,"complete wheat flour (50%), wheat flour, sesame seeds (3.4%), yeast, glucose-fructose syrup, oleic sunflower oil wheat gluten (2.4%), salt, flourmalted wheat and flour treatment agent (e300)",France,Cereals and Cereal Products,Bread,"White bread (not high fibre, not multiseed bread)",EUwest,0.177280215319882,0.101034977183663,0.57483456954004,62.171748825646,0.719732081604475,0.695857727379025,2.19311736873978,0.0009468986737522,0.0002054661199878,0.0038802243896084,10.8476019939697,0.0147088616764436,0.0027672266703275,0.177734224505014,0.175423578708574,0.100632108395981,0.567226398928405,40.9022555153478,0.690891602832933,0.690431872965733,1.84462404263674,0.17913685193119,0.101437845971346,0.582442740151675,83.4412421359443,0.748572560376017,0.701283581792316,2.54161069484282,0.146291742922551,0.0959898761974922,0.280143048171894,0.472101482056056,0.289119084021163,0.524378293360025,0.20608684882304,0.155270014806185,0.100131835506001,0.740749688791717,9295.90133752707,0.89919859644855,,112.962121641789,0.130881912369974,0.0913672383096279,0.424331090647065,1.33473610018411,0.244743852611939,0.706193318770903,0.379044673071393,0.114704937673324,0.0931502230952695,0.533947634150308,0.47693043751347,0.18185747296222,0.751096104851407,0.20608684882304,0.156872621832601,0.101451177452194,0.421470451887679,0.47693043751347,0.602652166530026,0.707199165521034,0.20608684882304,0.15714228303518,0.116910898031153,0.475576345234613,11.8968869323588,0.309916592004633,0.911119124037327,2.44875830036943,0.180511003653608,0.10396450866228,0.77286089183064,0.941131560191776,1.16393852459623,0.713819617956279,0.218524776853975,0.177845825860564,0.0949856204758194,1.05169763668153,0.959913114609125,1.00930808104524,,0.229697717703506,0.207015877692654,0.122254376211305,1.08122426578814,1.23417108515763,1.21706204255688,0.914219471699947,0.375905513832036
291120242065082,Len-Quini-Tomate,"water, tomatoes (16%), quinoa (15%), rapeseed oil, native linseed oil made of gold liner (8%), lemon juice, linen flour (4%), onions, mandel flour , sea salt, potato thickness, corn starch, dextrose, spices (garlic, oregano, basil, sellerie , pepper), pipe folding sugar, spice oil",Germany,Cereals and Cereal Products,Bread,"White bread (not high fibre, not multiseed bread)",EUwest,0.126794035001243,0.0926668445301144,0.348368197958314,195.122838776533,1.0218892177935,,3.96426788298874,0.0012273112844454,0.0005784257073185,0.0033228618008927,10.2103726124608,0.0309117091060875,,0.145512739767261,0.124387577871946,0.0915326932477244,0.341852879007229,175.102796365582,0.961278919738012,,3.67895300447794,0.129200492130541,0.0938009958125043,0.354883516909399,215.142881187483,1.08249951584899,,4.24958276149953,0.0845072446783346,0.0613684866976791,0.112225207509708,88.3638025476662,0.345653016725766,,2.45661817999131,0.211765236904769,0.112067195044256,0.205839617075478,9573.7339148424,3.77058891209682,,116.155066712698,0.0878316884729724,0.0621425350256033,0.338778201969732,60.4739051896499,0.398892132650371,,2.15431872551719,0.107838927810529,0.0793236803446333,0.20938213773654,91.2145137608598,0.395300142379165,,1.80215077424509,0.113164450642467,0.0748883108824421,0.216703531466269,174.398985404859,0.624229132585969,,2.15093249897456,0.131326120356285,0.0893973780052169,0.195422977941009,192.120967822627,0.832157893236346,,2.15604817999131,0.0895730716190227,0.109593082626738,0.544674946193236,72.9489325476662,0.39835807777446,,1.28950817999131,0.253713476471403,0.10410392090889,0.221342199653823,189.954349567636,5.50360859557678,,2.81765872374268,0.207789511071033,0.144126179628679,0.16542855460708,622.962219578537,1.47836744556567,,7.75295994747751
291120241887621,Wok vegetable noodles,"presey pasta pasta (34%) (ble hard semolina, white egg , water),sauce vegetables (23.5%) (orange and yellow carrots, red peppers, black mushrooms), water, sunflower oil, sugar, aromes (gluten), salt, emulsifiers e471, e472e, thickening e412, curcuma",France,Cereals and Cereal Products,"Pasta, rice and other miscellaneous cereals",Pasta,EUwest,0.25809115846573,0.141034686998272,0.994129517155529,1372.47590225268,3.12691883928179,1.08809038493147,22.9995501557204,0.0014490355497883,0.0003275935231684,0.0107346593887529,9.48837665396325,0.0313971857218233,0.002191821190292,0.143993863642638,0.255249954303765,0.140392356255182,0.973081476659175,1353.8715172578,3.06535664036964,1.08379275987386,22.7172134216502,0.260932362627695,0.141677017741362,1.01517755765188,1391.08028724757,3.18848103819393,1.09238800998909,23.2818868897906,0.187428998764098,0.124907709691184,0.529055015826058,153.997749107326,2.32209995825908,0.926154234467933,12.3165907251186,0.343976296834267,0.178969985947308,0.601580866503484,7779.52816525638,3.78178159824331,1.64057696845316,92.1489695592567,0.198365787441023,0.134545879111585,0.824731058808763,396.521593491327,1.7134033851635,1.0491494618844,29.2227471623048,0.195254627444082,0.14569763530887,0.688070978989138,764.562986360707,2.53117546151456,1.10076146059595,13.7093197553236,0.211561229572669,0.164875577379473,0.520325764510419,1360.25013914646,2.6177597704392,1.06648631021284,17.6189630886569,0.205574685089211,0.127249321498301,0.938218956707312,1505.02893914646,2.34268697521954,1.07929865349341,19.0707930886569,0.491522182264915,0.136663918208772,1.62245150719782,944.392855761477,7.3233501769081,,25.2749339299936,0.272835928497046,0.102911710121383,0.644785087056096,2499.1690816171,1.97986517317311,1.12105250615631,51.6824789230004,0.353382776504759,0.141114473850559,2.43818366887752,1536.67077271081,5.47848184256591,,27.7136738526075
291120242119069,Walnut pasta,"hard wheat semolina, spelled grain semolina, franconian walnut flour (10%)",Germany,Cereals and Cereal Products,"Pasta, rice and other miscellaneous cereals",Pasta,EUwest,0.288556264285714,0.132954545238095,0.880192695238095,765.176714452381,3.99847891190476,1.04659885967691,20.5019072833333,0.0028919164596997,0.0008203487895237,0.0098407645143071,32.8165017047866,0.0461206491370497,0.007291685141423,0.521027085080949,0.282885923704661,0.131346041985433,0.860897363871621,700.83158417701,3.90804760378409,1.03230164924989,19.4803006548108,0.294226604866768,0.134563048490758,0.89948802660457,829.521844727752,4.08891022002543,1.06089607010392,21.5235139118558,0.153935714285714,0.0999357142857143,0.143778571428571,39.1140928571429,0.821271428571429,0.720514285714286,7.08220714285714,0.610657142857143,0.0827357142857143,1.18873571428571,23057.6288857143,6.20599285714286,1.93371428571429,389.461421428572,0.343135714285714,0.114328571428571,0.408614285714286,0.25545,9.99300714285715,1.02380714285714,0.204921428571429,0.316,0.136785714285714,0.483471428571429,24.7430928571429,9.96212857142857,0.633614285714286,10.3087642857143,0.235135714285714,0.111307142857143,0.677521428571429,279.880885714286,3.41246428571429,1.21023571428571,11.2448357142857,0.182407142857143,0.0897357142857143,0.49105,1210.14927142857,0.5297,,20.9309642857143,0.309057142857143,0.179614285714286,1.22117142857143,300.936328571429,3.54159285714286,0.924842857142857,20.5636142857143,0.340235714285714,0.0509214285714286,1.70150714285714,1608.14177142857,5.23191428571429,0.883842857142857,51.6844714285714,0.42445,0.125778571428571,1.68279285714286,1629.21967142857,5.35262142857143,0.974607142857143,61.0135428571429
291120242261661,Fry,"water, vegetable proteins (16%) (peas, sunflower, oat), rapeseed oil, prunes, tomato puree, pea fibers, spices (contains mustard), red area, red wine concentrate (contains sulfites), vinegarred wine, apple vinegar, corn starch, brown sugar, alcohol vinegar, sugar, yeast extract, salt, vitamin b12",Germany,Cereals and Cereal Products,Biscuits,Biscuits,EUwest,0.15007247470836,0.0785856840915411,0.384824111129801,271.551084917178,1.49020071813714,0.494559569430107,5.8217428113893,0.0010659848978716,0.0002434117116385,0.0027372770578159,10.5287440351611,0.0282674868463138,0.0021112363079296,0.133912598275949,0.147982339149666,0.078108413283189,0.37945698057855,250.906794045685,1.43477509294266,0.490419951609235,5.55917297201113,0.152162610267054,0.0790629548998933,0.390191241681053,292.195375788671,1.54562634333161,0.498699187250979,6.08431265076748,0.114466861784392,0.0674793927907708,0.196136317216028,10.7023737114224,1.04928776541718,0.422356627291027,1.07368725961488,0.239670436167798,0.105912800728041,0.299395882422949,9007.6045342934,4.07918232081254,0.758458423294804,104.100661212794,0.117002559181472,0.0822281111315754,0.256204815946767,8.31240212226196,0.680450010026083,0.494435709845528,1.32953790802433,0.122066527415868,0.0745201040127725,0.323621046138705,11.1934209873801,0.736716889734457,0.496953275095061,3.10680494607381,0.132231427459317,0.0916818999925862,0.295426535956626,5.11418875321803,0.850648222673473,0.428782967585049,0.609145793855433,0.118981282063449,0.0921226895128884,0.377773064266214,100.2178919397,1.54168358647815,0.412395965235693,3.08349575845374,0.134759656369747,0.0856066136708193,0.731787260381676,96.9567198946351,1.50031020284944,0.605852380573446,3.32045880000945,0.168049401818847,0.0679921625767744,0.410070504631691,798.412788507722,1.22090988043698,0.599223175971807,11.1007075042776,0.271447578837951,0.0811397763431419,0.24974685288264,797.528803805827,6.41773575175974,0.528257177956811,9.0271190557878
291120242081854,Bio spelled pizza dough vegan,"spelled flour , water, yeast , baking powder (corn starch , tartar, sodium), olive oil , rice flour , barley salt , stone salt, acerola cherry juice powder , ingredients from controlled ecological agriculture",Netherlands,Cereals and Cereal Products,"Pasta, rice and other miscellaneous cereals",Pizza,EUwest,0.158586734866945,0.0852615194114998,0.465861982471243,453.767417024551,2.21000153570264,0.622356991682235,11.9611350947165,0.0012725021558329,0.0003468816230826,0.0063621139762224,20.4937697481724,0.0246812206589613,0.0043145051502308,0.338206030085869,0.156091669496196,0.084581369423906,0.453387433650974,413.584148980253,2.16160770101111,0.613897302759181,11.2979958222384,0.161081800237695,0.0859416693990936,0.478336531291512,493.950685068849,2.25839537039418,0.630816680605289,12.6242743671947,0.12949438268959,0.068270478218501,0.103195858528831,9.78928168436144,1.70045104224881,0.317938035569387,1.58684088617619,0.314453473457589,0.0986232444285868,0.459903400390202,13644.2857072665,2.66886392877548,1.16185312116152,215.863779305964,0.114588561991227,0.0714594311431773,0.310787087939953,55.7520228367852,1.7226108913942,0.51991107793438,1.44126958188512,0.122522283309636,0.080015526475678,0.257619584736566,89.014420485249,1.91636207390374,,21.7113239910662,0.18700222413356,0.0820933729149906,0.327357888413013,40.0235661757887,2.42187173650064,0.601050604989386,13.6475042391297,0.114343561179995,0.0830446546151895,0.291480469344466,365.482626796126,1.25565917645086,0.451386075410289,6.36276319411524,0.255657588587809,0.0891071396484391,0.358774390351263,396.851778342892,6.09972261942094,1.13683480718964,5.99232351100523,0.117579026512833,0.0774005444560511,0.722363794320657,929.09755322802,1.15898374101264,0.457112961134438,11.8427295349852,0.0843702929511673,0.0694497786393181,0.291717977925381,2062.74271028415,1.93543158188898,,26.5820967317732
291120242092436,7 grains breakfast,"whole grain wheat flour (88%), whole grain oatmeal (2%), rice flour (2%), whole -grain barley (2%), rye flour (2%), corn flour (2%), whole -grain millet flour (2%), salt",Netherlands,Cereals and Cereal Products,Breakfast cereals,High fibre breakfast cereals,EUwest,0.19743158,0.121241013333333,0.684251366666667,525.310947886667,0.93812534,0.88387084733382,14.80522882,0.0016821868188624,0.0005159902716999,0.0093819130349115,32.2326618415853,0.0380087527506761,0.0067852821514245,0.521568361536968,0.194133223247018,0.120229282663439,0.665855730779142,462.110584728632,0.863599475867752,0.870566569263106,13.7825608807872,0.200729936752982,0.122252744003227,0.702647002554191,588.511311044701,1.01265120413225,0.897175125404535,15.8278967592128,0.15096,0.0967,0.21256,3.11726,0.25662,0.4824,0.8558,0.42034,0.14292,0.6604,21015.90826,1.25856,1.70754,330.52822,0.13128,0.1096,0.43346,13.953,0.24542,0.7514,6.51256,0.11324,0.1024,0.44704,100.34928,0.22302,0.82124,11.40866,0.14678,0.10106,0.7128,6.01946,0.2385,0.8993,1.93866,0.15846,0.11404,0.3973,386.78754,0.59214,0.59794,5.79108,0.36614,0.14564,0.83674,7.93076,7.33736,1.8523,0.24048,0.15164,0.12998,0.4795,1338.56338,0.40166,0.65352,24.425,0.25642,0.12994,3.89832,77.87328,2.18636,2.19672,6.1744
291120242010881,Small Chinese chocolate chips,"pastry cream (35%) (water, sugar, transformed starch, fresh egg whites (3.5%), whole milk powder, lactoserum powder, natural aromas including vanilla, maltodextrin, thickening (xanthan gum), coloring (coreta carotene)), french blue flour (34%) , chocolate chips (8%) (sugar, cocoa paste, cocoa butter, natural vanilla flavor, emulsifier (sunflower lecithin)), sugar, rapeseed oil, fresh eggs (3.5%) , inverted sugar syrup, yeast, gluten of ble, salt, natural aromas (contains alcohol), emulsifier (e471), preservative (calcium propionate), milk proteins, disabled yeast, coloring (beta carotene)",France,Cereals and Cereal Products,Biscuits,Biscuits,EUwest,0.379260320014492,0.184570869490366,0.812012804878916,437.271033461699,7.35069025398631,1.3641739312015,19.1951214940253,0.0011962932286428,0.0008059251547786,0.0034378190389478,5.16569351398541,0.172878196214204,0.0031348300108236,0.18863755637483,0.376914681703101,0.182990647456253,0.805272082911834,427.142372426768,7.01171841118468,1.35802729658297,18.8252494019615,0.381605958325883,0.18615109152448,0.818753526845999,447.399694496631,7.68966209678793,1.37032056582002,19.5649935860891,0.262171415164575,0.146766471451444,0.555919537288388,143.567442233514,5.94836398702825,1.13682092309813,6.64832107683619,0.602533945642455,1.18488285867213,1.71930618098809,913.161042641979,239.304141781713,2.0194145826852,44.051353565056,0.302373208391493,0.167074605903416,0.710679835558986,296.837726027418,5.21841496077487,1.20291321749749,10.1891726499878,0.343237742601667,0.171851089473793,0.72998706150337,250.66339936275,7.17165733187177,1.20853666566054,16.4310317568727,0.342531772155019,0.158216090861123,0.688196610638254,427.034325213233,6.7843566087856,1.18000151285889,20.4102825673718,0.470278922027919,0.187116151758548,0.647276197094667,285.640278168999,11.6968302638444,1.41268865650798,17.3108338982183,0.319972439886744,0.227781891107134,0.868582013783173,523.946002424112,5.49272840936831,1.44558715034407,14.6530625508142,0.497971645562321,0.178563772124724,0.871370209226837,551.515775467957,6.1810612520707,1.31149065834265,22.7079235072141,0.371019264119531,0.182692166446652,1.08444345149044,871.611529037779,5.82371033097652,1.58165081206413,41.4443717149168
291120242009038,Croc'choc,"cereals (51.6%) (corn flour, complete wheat semolina, wheat sound, oatmeal), dough to hazelnut and cocoa (40%) (sugar, 2 hazelnut (16%), coconut oil, milk powderskimmed, sunflower oil, cocoa powder (7%), emulsifier sunflower lecithin), cane sugar, salt",France,Cereals and Cereal Products,Biscuits,Biscuits,EUwest,0.47326525736455,0.194403195609234,1.23336632805671,610.948282444535,13.0278028962772,1.24939619180124,31.5336695650929,0.0013726025404511,0.0009275308238905,0.0068114140427415,11.8161641080755,0.0797367194933253,0.0044235058768765,0.435807446612787,0.470573919632206,0.192584534612564,1.22001081174109,587.779675817023,12.8714586993947,1.24072277912362,30.6791577959976,0.475956595096894,0.196221856605904,1.24672184437232,634.116889072047,13.1841470931597,1.25806960447887,32.3881813341882,0.3692268,0.120219,0.7397298,83.138612,8.1378592,1.0529688,11.1186674,0.379217486325876,0.187818375775578,1.3645151205688,5565.08036174331,10.4292373004679,1.71597705767748,122.648344376459,0.502596086325876,0.186286975775578,0.808399920568802,89.9907721433119,15.1703043004679,0.889519257677483,20.0119799764585,0.560872086325876,0.195708975775578,0.775224920568802,52.4801381433119,17.1313793004679,1.23229325767748,19.3493409764585,0.411665086325876,0.167539975775578,1.2032549205688,347.100579143312,10.2034053004679,1.06394925767748,29.4396259764585,0.40714769375101,0.299093466451604,1.06035618552513,345.060676372196,15.9026250286381,1.34761077226219,14.38840928235,0.410651,0.1664274,1.9378972,669.1885436,8.5331144,1.594631,102.2628462,0.352428686325876,0.145235175775578,0.876726920568802,2234.66988134331,8.94668350046789,0.914675457677483,29.6434995764585,0.431183,0.2279676,0.9239498,2243.3958836,12.0937234,1.3050294,31.0987834
291120242235872,The twisted gruyère aop & onion,"wheat flour, aop gruyere cheese (13%), olive oil, yeast, salt, red onion in semolina (1%), skimmed milk powder, sugar, rising agent (sodium bicarbonate), acerola powderon cassava starch",Switzerland,Cereals and Cereal Products,Bread,"White bread (not high fibre, not multiseed bread)",EUwest,0.582041886861444,0.409786109240365,2.46890522977743,2090.82257020593,9.06185282554953,3.34408692858526,51.535820292466,0.0025043912591355,0.0011300277139287,0.0200401903071691,32.2205851888517,0.0558919708622748,0.0145826887861729,0.544193031467012,0.577131388378723,0.40757040138943,2.42961132003476,2027.64588640898,8.95226234638045,3.31549384397945,50.4687909113426,0.586952385344166,0.4120018170913,2.5081991395201,2153.99925400288,9.1714433047186,3.37268001319106,52.6028496735894,0.534023209272189,0.245956278026902,1.34848828988041,245.016244632878,6.98418478678493,2.03758469182409,8.66557197452262,0.649998166413172,0.451638430847285,4.38079944220549,18168.0668335207,9.58129484455927,5.55342602296991,314.936189096213,0.613679491411343,0.292959275224894,1.86958324882741,283.267055952791,8.35465819503565,2.44349625339966,9.71324004967094,0.522952807941732,0.395366061222382,1.46105835817214,961.360607989937,8.7697767054208,2.5520161121349,32.5144748997527,0.513053226065193,0.398971410670064,2.26034303175093,998.94507161283,8.59414090946494,2.70558490832149,33.3611860589619,0.662926351755332,0.442014017228773,1.6422199988575,2052.65187713324,13.5622572177234,3.60177389443723,54.2821209002706,0.51599375102565,0.437758238872269,4.26588831142148,1865.60238808401,9.32472370656814,4.67153794087385,66.2026360489838,0.63066049675515,0.451211311322294,5.64399600792629,1836.04562327485,11.0560489459189,5.64676714574737,58.2502615664194,0.4793317917511,0.412386131584205,2.94753139612407,5280.67964003732,5.4322108963049,,94.763719995586
291120242148739,Jordans crunchy granola,"complete oatmeal (74%), sugar, dried fruit and nuts (9%) (raisins, tapered almonds), vegetable oils (rapeseed oil, palm oil), honey (1%), seeds of seedssunflower, natural aroma",Belgium,Cereals and Cereal Products,Breakfast cereals,Other breakfast cereals (not high fibre),EUwest,0.338572854564752,0.213304117964561,1.29339421001294,774.423240821122,2.76346719337026,0.913493414177588,19.7100365679727,0.0019943946647271,0.0007317948171613,0.0136450478927051,13.2051951535305,0.0365668754714944,0.0038918254336698,0.376784583727007,0.334662334617294,0.211869247384245,1.26663960977651,748.531084182693,2.69176849778281,0.905862496757101,18.9712541912354,0.342483374512211,0.214738988544877,1.32014881024937,800.315397459551,2.83516588895771,0.921124331598074,20.44881894471,0.297507516861996,0.187587016524672,0.366720056185004,68.1005089964832,1.77136118284884,0.571389480661772,1.67490263130001,0.60621224448711,0.466706009695448,1.06596376462674,8737.00645657806,6.5641680261857,1.87044478773858,145.199396999767,0.316969539460765,0.247748311639235,0.451699550688168,68.1797346884881,3.22904378027723,,1.67482871440864,0.281334421429269,0.176821896774676,0.636866724717971,605.743683318008,2.4851681830948,0.642599062201128,10.1203589526845,0.475626762480675,0.22725799848088,0.726239373928113,140.095780997787,1.60451564425179,0.616844590106993,10.6195373749755,0.337414982928733,0.201317851503328,0.783764680860478,1006.34404500956,3.20110639009086,,30.6972856207149,0.47875344968701,0.228653259148366,0.779074372352181,944.546747528805,2.85652621832979,0.813687120632302,12.6570545594021,0.512443196369559,0.234929089267981,0.907409226324558,1006.54215816901,3.23611378956245,,30.9339374220729,0.347013906387954,0.307372995881892,1.00287481537932,1365.55205101582,2.26151132369052,1.33762241131404,42.973932460128
291120242218768,Organic bee bread,bee bread,France,Cereals and Cereal Products,"Pasta, rice and other miscellaneous cereals",Other cereals,EUwest,0.361198,0.10458,0.4943,2.30677233333333,2.22275966666667,0.653952,0.765047333333333,0.003029216195657,0.0003171888022068,0.0049076599467732,0.107869583219972,0.0837570015538653,0.0092197137485861,0.0431556035883092,0.355258448231343,0.103958070368881,0.484677279654514,2.09526647425431,2.05853268034924,0.635874397225909,0.68042975404404,0.367137551768658,0.105201929631119,0.503922720345486,2.51827819241235,2.3869866529841,0.672029602774091,0.849664912622627,0.274,0.086,0.415,0.508,0.984,0.469,0.219,0.975,0.109,0.058,8.639,19.823,0.471,0.22,0.274,0.086,0.415,0.508,0.984,0.469,0.219,0.274,0.086,0.415,0.508,0.984,0.469,0.219,0.274,0.086,0.415,0.508,0.984,0.469,0.219,0.369,0.109,0.547,0.508,1.326,0.493,0.219,0.369,0.109,0.547,0.508,1.326,0.493,0.219,0.272,0.148,1.515,26.389,0.411,2.7,10.995,0.975,0.109,0.058,8.639,19.823,0.471,0.22
291120242359650,Easy Cook Noodles,"wheat flour, palm oil, salt",France,Cereals and Cereal Products,"Pasta, rice and other miscellaneous cereals",Pasta,EUwest,0.176988274430804,0.31251657044547,0.751932534936357,38.6766332318954,18.6387342745566,0.978859685303351,1.70947737457765,0.0007006211461464,0.0011829135379142,0.0038132224987716,7.08578904993776,0.171681688270876,0.0026437815221045,0.122765894006523,0.17561452779175,0.310197166433844,0.744455738638577,24.7831346614632,18.3021084910694,0.973675876621068,1.46876349488736,0.178362021069858,0.314835974457095,0.759409331234137,52.5701318023277,18.9753600580439,0.984043493985635,1.95019125426793,0.17632063026738,0.0520881861898355,0.498919116734545,1.49598401416397,3.08451502584441,0.768826748201808,0.358417281183249,0.145685854094672,0.365737307354051,0.776400108625216,6960.96695679721,26.9771577653861,1.40647702751485,84.6614866243699,0.152403211440505,0.235408841484346,0.442276247603592,15.9632277276014,6.72959205547199,0.871197780802678,4.06156918484849,0.195227364516327,0.217422110522834,0.485609735836031,0.462313652557861,9.45598046783323,0.910120586610886,0.358417281183249,0.149053866134424,0.244747541533041,0.685626450807445,0.462313652557861,8.69163373561799,1.10593728656602,0.358417281183249,0.222454128505704,0.311067778599966,0.818338925204706,0.537647255177332,9.29113721191821,1.1252440222458,0.39241740271947,0.168925937166863,0.374369338209436,0.781712127613145,2.57798788187548,27.1922945343972,0.914451268757891,0.358417281183249,0.16162191105846,0.361089290739613,1.05660911023849,2.57798788187548,26.9612217084223,0.980851506107009,0.358417281183249,0.160293906311478,0.369057319221507,1.24319377718951,2.57798788187548,26.9585656989283,1.08642788349211,0.358417281183249
291120241953615,Assortment of 4 Astruc dry ovens,"sugar, wheat flour, concentrated butter colorful chopped almonds,carotenoids (13%)) (skimmed in powder, salt, vanillin sugar (sugar 8lut% l), aromas baking soda had contained traces of soybeans",France,Cereals and Cereal Products,Biscuits,Biscuits,EUwest,0.327610190576667,0.144374598389665,0.938301225867974,8697.28627524424,7.28800589365455,1.91480841214771,158.068903503391,0.0016049929495457,0.0019479562510441,0.0088672785734538,93.0817132993423,0.0815561514277815,0.0153188475926956,1.37213384277755,0.324463192113558,0.140555132808851,0.920914662238199,8514.77581077181,7.12809423592861,1.88477190024623,155.378484772504,0.330757189039775,0.148194063970479,0.955687789497749,8879.79673971667,7.44791755138049,1.94484492404918,160.759322234279,0.235924080835047,0.0817023570633508,0.41800045248896,985.460800166848,5.28751637788444,0.905056428168754,21.9977403560738,0.315295076489405,0.100039783652881,5.39377333177252,16086.6297028065,20.2479951063005,1.64963135080118,256.992183949375,0.296215059783374,0.090097614675261,0.430782663062678,1004.84821716564,1.19222244462271,0.884141688139516,47.38901723032,0.29826935493307,0.0754591061888156,0.418546651403394,1328.57714899055,1.21128648704808,,51.2983995590879,0.210288231950577,0.196962735687117,1.0074223046128,2568.5362844599,10.5068139394058,1.52000195521902,36.5618961828314,0.200160327609371,0.192305385918272,5.4366644909139,6058.68342929394,7.97020715039579,1.56018716208551,196.881730914297,0.484235858000854,0.219558208533968,1.05786427372334,12833.976740858,6.0020909990144,2.79691949091297,196.663029556332,0.384796753765311,0.22441490986416,2.50685361043248,13332.642301057,6.37964616509176,3.43091680596488,305.610616280433,0.39125293909091,0.0312408009535754,0.450866599545186,16051.7402455502,12.9348489858411,1.16914678395993,251.720356479363
291120241993065,Ardèche chestnut flour,chestnut,France,Cereals and Cereal Products,"Pasta, rice and other miscellaneous cereals",Other cereals,EUwest,1.52013266666667,0.307049666666667,3.562568,6368.00792433333,61.6519,3.41090175801448,174.469079,0.0133715757000054,0.0060752685195563,0.0353680161002635,160.596572777622,0.662152957104835,0.025417823479987,2.64356303885185,1.49391427848672,0.295137551601346,3.49321997430167,6053.11734001347,60.3535800672292,3.36106362542347,169.285698709917,1.54635105484661,0.318961781731987,3.63191602569833,6682.8985086532,62.9502199327708,3.46073989060548,179.652459290083,0.415,-0.032,0.781,551.733,6.269,2.038,106.98,0.948,0.357,0.713,34455.483,39.481,1.865,441.794,2.47,0.21,0.627,0.0,127.842,1.093,0.0,2.936,0.352,0.534,0.0,151.968,1.152,0.0,1.256,0.305,4.717,4349.729,49.604,4.052,171.732,1.256,0.305,4.717,4349.729,49.604,4.052,171.732,1.256,0.305,4.717,4349.729,49.604,4.052,171.732,0.625,-0.409,1.074,18814.792,4.892,,320.018,0.948,0.357,0.713,34455.483,39.481,1.865,441.794
291120242350918,Melbatoast,"wheat flour, salt, emulsator (sodium stearoyl-2-lactylate (e481), sojalecithin (e3221), yeast, flour improver (ascorbin acid (e300)), barley malt,g",Belgium,Cereals and Cereal Products,Bread,"White bread (not high fibre, not multiseed bread)",EUwest,0.213370521552667,0.106272502314667,0.507277011211,238.311823094331,0.988362035184666,0.789885497035726,4.87082906823733,0.0022671239547177,0.0004133135200174,0.0091656151210706,26.2199106046948,0.0465352349147792,0.0061124321489818,0.37783279516367,0.208925246199156,0.105462095631793,0.489305482608572,186.900993907088,0.897117825795044,0.777900513186328,4.12999140534996,0.217815796906177,0.10708290899754,0.525248539813428,289.722652281574,1.07960624457429,0.801870480885124,5.61166673112471,0.147935845,0.093072577,0.099930698,0.814173425,0.201819782,0.444789218,0.245916645,0.434010289,0.14107822,0.633871013,22458.204703931,1.26382217,1.772292203,353.872138002,0.137159072,0.095032011,0.273338901,0.674042096,0.169489447,,0.214558709,0.12540262,0.09797112,0.391883476,1.535207309,0.205738914,0.820017031,0.421276794,0.161651811,0.096011734,0.391883544,0.267473455,0.234150209,0.994404973,0.214558617,0.266480396,0.100910233,0.341918331,0.250844716,0.434010353,0.699513022,0.214566705,0.26648046,0.100910269,0.341918487,0.250818436,0.434010437,0.699513166,0.214558617,0.379146717,0.128342033,0.481036761,8.463698049,7.710294478,1.772292259,0.215538664,0.3331006,0.231211268,0.693633136,18.431231031,19.033747956,1.514629198,15.553831116
291120242471194,The Trouvillais Lemon Almond,"wheat flour, sugar, normandy butter (24%) , lemon cubes (5%) (apple puree and juice of apple, lemon concentrated juice, citrus fibers, gelifier pectins, natural lemon aroma), almonds (5%), creme fraicheaop (5%) , powder egg yolks, natural lemon aroma, sea salt, skim milk, whole eggs",France,Cereals and Cereal Products,"Buns, cakes, pastries and fruit pies",Buns cakes and pastries,EUwest,0.218375410679104,0.169963802965337,0.727859837185082,2616.83655745879,3.37605013198361,1.41801576492771,59.0855840539398,0.0006265331100805,0.0008511793380395,0.0055190128103132,24.1891562953075,0.0323531898608624,0.0052967937027295,0.489472000471767,0.217146932550856,0.168294848550678,0.717038403460498,2569.40754058567,3.31261344287067,1.40763004850035,58.1258492254127,0.219603888807353,0.171632757379996,0.738681270909666,2664.2655743319,3.43948682109656,1.42840148135507,60.0453188824669,0.191894085172451,0.111072381628158,0.486098803869837,406.492577070368,3.38628302283552,0.934095231190915,9.78928572388189,0.194053329958192,0.124845463487573,0.491126318295836,7684.44852204933,6.33879869831883,1.42222429926331,106.213237901874,0.230593095528842,0.152174103330742,0.449111059833906,571.697911182279,1.00588795447704,1.04498859939888,30.9789340877654,0.157631209208791,0.125414271426732,0.60960863773869,907.803538038713,4.41486527883562,1.21308985300063,17.8553772107144,0.192101901476185,0.232311864958073,0.754649458505389,1271.06423388197,5.37298719023999,1.59906775882095,24.4501263878165,0.198518478314393,0.123113277279304,1.14983681038712,3094.09619318629,1.73224190044345,1.70110587706704,104.291978587552,0.193053248482415,0.233065513172867,0.676399859684182,3678.1651775081,6.41015382814563,1.61043059766988,59.2769813400373,0.210484667929713,0.151289269290452,0.879957209111052,4222.65267657675,4.35348284904082,1.84962028438213,86.527717971014,0.214814135716681,0.235024769773623,0.73043878467775,4322.16353293273,6.97547375923459,1.54196670253521,65.8171972230687
291120242471991,Full rice cake,"complete organic rice (99.7%) , sea salt",Switzerland,Cereals and Cereal Products,"Pasta, rice and other miscellaneous cereals",Rice,EUwest,0.308783196333333,0.402022304,2.913337688,9000.092815983,4.35894448466667,2.00508235255973,323.93034482,0.0032643120981418,0.005336176227972,0.0942126177624639,224.453391740566,0.068227682378198,0.0417035818105955,5.14576239633243,0.302382679023355,0.391559368076787,2.72860979658599,8559.99463421401,4.22516669352656,1.92331183269469,313.840763830025,0.315183713643311,0.412485239923213,3.09806557941401,9440.19099775199,4.49272227580677,2.08685287242477,334.019925809976,0.112661,0.146559,0.924219,116.001947,1.328004,1.005973,30.29883,0.157526,0.210367,0.477563,82990.019783,0.292121,1.75472,1005.897228,0.700891,0.281154,0.31904,60.012421,1.410755,0.86739,143.839184,0.67796,0.370884,0.333995,0.0,11.4655,0.8973,0.0,0.261214,0.165502,0.816543,2292.464911,0.85742,1.577254,793.916085,0.313058,0.930201,13.803465,5.996955,7.860348,6.153484,0.770681,0.215352,0.262211,0.208373,19182.937023,3.831471,0.584242,270.373439,0.215352,0.262211,0.208373,19182.937023,3.831471,0.584242,270.373439,0.215352,0.262211,0.208373,19182.937023,3.831471,0.584242,270.373439
291120242548762,Full crisp bread,"full crushed rye (80%) , complete rye flour (15%) , kitchen salt",France,Cereals and Cereal Products,Bread,Other bread,EUwest,0.446562066666667,0.132031316666667,0.8579716,35.1138784666667,1.51756008333333,0.665108513800425,1.94008081666667,0.0144549342273908,0.0018112311540367,0.0169947609346822,8.36169589574273,0.0564124551572935,0.0027381505264078,0.15854915592507,0.418219477491547,0.128479935547079,0.824649032098699,18.7186387615119,1.40694906181424,0.659739670590986,1.62920471583107,0.474904655841786,0.135582697786255,0.891294167901301,51.5091181718215,1.62817110485243,0.670477357009864,2.25095691750226,0.12445,0.06175,0.0589,0.25935,0.20045,0.50065,0.20805,0.1121,0.09405,0.33345,9955.9734,0.21565,1.25685,120.82195,0.09405,0.09215,0.37715,22.2642,0.1539,0.7619,5.5024,0.13965,0.07695,0.3439,0.4826,0.22895,0.42275,0.20805,0.13965,0.0988,0.3648,0.4826,0.5016,0.6992,0.20805,0.11305,0.08455,0.55385,20.61025,0.18525,0.6783,5.0996,0.133,0.0988,1.0013,0.4826,0.18905,0.79895,0.20805,2.7816,0.4237,3.3611,8.05695,9.9997,,1.09535,2.7816,0.4237,3.3611,8.05695,9.9997,,1.09535
291120242369049,Rye fully grain bread with sunflower seeds,"cereal products (rye full grain meal, full rye flour), water, natural sauerteig (rye -ranging, water), sunflower seeds (5%) , oatmeal, salt unimposed, malt extract (barley), wheat germ, sugar beet syrup, yeast",Austria,Cereals and Cereal Products,Bread,Other bread,EUwest,0.166286053644035,0.0706861695010336,1.36609602000025,13.9995464911387,1.40642650865826,0.683301605535078,0.446923566959051,0.0007107536573734,9.81083642658157e-05,0.0100426020659913,1.49944408540595,0.0229044210626557,0.0039493199147357,0.0217556985201187,0.164892439629695,0.0704938030039409,1.3464049345807,11.0595035248281,1.36151654322634,0.675557955505016,0.404265965362701,0.167679667658375,0.0708785359981263,1.38578710541981,16.9395894574494,1.45133647409018,0.691045255565139,0.489581168555401,0.189009004713087,0.060771796666198,0.271694158573554,0.287607402564927,0.271384316910313,0.606327756974121,0.150863991319538,0.212816919592254,0.0812720686268612,1.86192703816592,1558.43292809464,1.8406539430126,1.16120171686572,19.9894354574264,0.200918539827328,0.0631735626085097,0.35683370801728,0.319941582735291,0.282092493371302,0.615690436644415,0.163366262834623,0.109780670888322,0.0617613467989438,0.906529569948852,0.59700145128293,0.70606557533233,0.45870739586026,0.201878817158466,0.130087087043517,0.0710917533539383,1.08616410340176,0.14720857658658,0.854819133531672,0.473762578119381,0.141580749178223,0.167895443473658,0.0700572957103617,1.31793837078379,0.998446029331656,1.88079609953433,0.540365699103515,0.242025413592708,0.156952700190462,0.0774243084037518,1.89052601419999,0.140168633512949,1.23936950562221,1.02058799284595,0.143021594520613,0.217761613570908,0.0802403162533236,2.07742913881025,0.775644255908512,2.31462661774702,1.01115273927744,0.14903382362508,0.194486718203686,0.0771534583951185,2.25292428680428,9.92807543333094,1.87412840651325,0.996144007998682,0.341865262306945
291120242142814,All Butter Shortbread Fingers,"fortified wheat flour (wheat flour, calcium carbonate, iron, niacin, thiamin), salted butter (32%) (butter (milk), salt), sugar, raising agent ammonium carbonate",France,Cereals and Cereal Products,Biscuits,Biscuits,EUwest,0.169884438333333,0.153401133333333,0.596816611666667,355.955685513333,1.43006190833333,1.04395141811847,19.5752186033333,0.000588505708434,0.0005348886279487,0.0041464288972062,6.44392080732706,0.021085305668522,0.0031734892421331,0.280074671923089,0.168730522635139,0.1523523476109,0.588686479150763,343.320733513829,1.38871878308671,1.03772898220651,19.0260607005855,0.171038354031528,0.154449919055766,0.60494674418257,368.590637512838,1.47140503357996,1.05017385403042,20.1243765060812,0.12508,0.10438,0.384985,23.83571,1.959985,0.665145,1.148265,0.15788,0.14418,0.815635,5789.71042,0.859905,1.62208,110.56457,0.17336,0.124175,0.41605,204.693645,0.287145,0.750655,17.95613,0.15484,0.139035,0.452415,199.59155,2.15676,1.0217,7.406505,0.1852,0.14283,0.42684,208.066445,0.37608,0.98177,18.50589,0.155765,0.212595,0.520795,196.21875,2.700235,1.034835,6.856745,0.140165,0.20945,0.60776,379.04147,2.470025,1.14574,10.747305,0.1637,0.15668,0.791705,636.48913,0.874495,1.211565,31.20414,0.56978,0.13996,0.295785,383.147625,11.929535,0.817155,10.74781
291120241846716,Choco bread 3 Meunier X10,"wheat flour, butter, chocolate (sugar, paste and cocoa butter, soy lecithin), sugar, yeast, salt, wheat gluten, coloring carotenoids, emulsifier e470, whole milk, gilding, processing agent e300, eggs, enzymes",France,Cereals and Cereal Products,Bread,"White bread (not high fibre, not multiseed bread)",EUwest,0.327247081859957,0.147037416486859,0.704545928605086,283.191816920184,6.35389109665533,1.07917242604674,15.5003714612129,0.0010607525436146,0.0007583667229618,0.0037784770284839,6.86377552489452,0.152522776075768,0.0031842588078874,0.231876104921982,0.325167205667704,0.145550444900903,0.697137259672991,269.733632549916,6.05483125216481,1.07292887365145,15.0457191550905,0.32932695805221,0.148524388072815,0.711954597537181,296.650001290452,6.65295094114586,1.08541597844203,15.9550237673353,0.209022578346401,0.116960272756274,0.430298468860354,166.039721653823,5.75506153789068,0.895853698154344,8.3717103024351,0.274413095009625,0.139488870577178,0.849231992773066,5862.6735471,3.7299275878909,1.68298603105213,101.058760234064,0.286231693421812,0.126386708295836,0.503979185605417,164.077607465176,3.2689681190334,0.871818696217818,13.9331187180665,0.279227123997727,0.139070392914268,0.575106825898956,160.800568251508,4.82764243419465,0.98486623476876,5.69882985033727,0.293635379379923,0.17560172433973,0.512578492551919,166.1026205991,7.92979168950215,0.923527790855496,5.62811414502392,0.277718658515709,0.196433400452801,0.708096511968518,166.191606604029,5.05317130134836,1.26585634495683,6.84933697973942,0.288292597962543,0.132085395399861,0.819204506426209,428.695055608645,3.39764344677108,1.23566780328643,19.2117005106301,0.510791608628475,0.151429530778029,0.645434461507141,294.878765739996,13.9928256473733,1.23804911506761,19.4668786209194,0.336845765747778,0.128842428722789,0.68525760874772,828.878687076332,4.52376268586322,,22.3607038304855
291120241901539,Bénénuts Twinuts original,"peanuts (38%), rice flour, starch (wheat and corn), sunflower oil, sugar, flavoring salted taste (aromas, onion powder, spices and herbs, acidifying (citric acid)), salt, caramelized sugar",France,Cereals and Cereal Products,Biscuits,Biscuits,EUwest,0.556110085085994,0.363798064168452,2.15170428838565,2823.51858893095,4.95032948828733,1.743984540783,161.021899223838,0.0025654939250432,0.0022351433781009,0.0326031510931444,75.4771818755211,0.0537493921099463,0.0172402999658354,2.23433226564567,0.551079779226076,0.359415494900654,2.08777748645691,2675.5263030899,4.8449400818037,1.71018053092029,156.640920349102,0.561140390945911,0.36818063343625,2.21563109031438,2971.51087477201,5.05571889477096,1.7777885506457,165.402878098575,0.368307024243976,0.173831026807944,0.759740753835278,36.3811566158207,5.07797079986841,1.18132391377881,9.54403238268952,0.974513529009535,0.250547342157461,2.19382998165436,32948.9079468935,13.7266905933594,1.94402641386012,571.651400442281,0.389965181817539,0.311104087676756,0.958520177979113,621.361685763321,3.02707374196261,0.967752135506966,37.9844770501562,0.413092410229644,0.412006502264957,0.653942309764709,727.265666440934,3.78036803210863,1.00104102944523,50.5412319719134,0.548705254955209,0.388505679875306,1.61057539086513,602.54071703459,2.53775939261531,,82.2906700084748,0.602703190824198,0.378318117487282,2.87029917001264,1029.66738759417,6.24686835977702,,210.173819196271,0.606885199102192,0.582018620302487,6.79040511454364,589.445867463074,8.03066416405146,2.64469496007321,28.8128066607768,0.778931385919177,0.220797384667126,1.20703628985665,8009.52656183079,8.94253952574665,1.5429110135285,457.163632135915,0.926893807767856,0.321632857500837,3.13617051736648,7938.05981956397,12.0458790703793,1.57743895500691,431.685807276552
291120242259549,Oreo biscuit golden,"wheat flour, sugar, rapeseed oil, palm oil, glucose-fructose syrup, wheat starch, raising agents (sodium carbonates, ammonium carbonates), salt, emulsifiers (soya lecithin, sunflower lecithin), flavourings",France,Cereals and Cereal Products,Biscuits,Biscuits,EUwest,0.254105547199951,0.199232001571458,0.768406353860846,151.448895450537,6.9975284707111,1.11312501932078,15.118309257652,0.0014807004119184,0.0007389160688508,0.0048191831051869,11.5748198950188,0.063412121386389,0.0043948409277378,0.35980054268465,0.251202255991133,0.197783167959013,0.758957114953127,128.753505772535,6.87319281640064,1.10450781159466,14.4128284297302,0.25700883840877,0.200680835183904,0.777855592768566,174.144285128539,7.12186412502155,1.12174222704691,15.8237900855739,0.187297157351046,0.134947445517478,0.441367681480589,0.708852808664464,4.30734255903245,0.757218467820958,0.348609226090211,0.49240885144912,0.18758632782742,0.489809014769513,7627.61390505892,15.1282460109065,,95.7559322261205,0.241709152132746,0.15545548776504,0.480547224388862,11.3808739677905,2.80895081372447,0.813185702894032,14.2865955846221,0.266993368159465,0.171465652620755,0.393996413325035,11.2862725149018,2.21320121757923,0.922207362706613,14.2120228775071,0.221912986867116,0.192826495221081,0.648020270806592,1.19412356254672,9.71615040199498,0.816207903417072,0.347905552711371,0.242548881590189,0.219103722842387,0.675818900159958,0.908608089082553,3.92859748020637,1.16979823107399,0.347905552711371,0.227213762295594,0.25780870618245,0.983708876509071,0.635846695609857,5.67938268576436,1.30278868564225,0.347905552711371,0.216142489576541,0.200863973590096,1.423739978011,284.037315241146,7.71543655567714,1.152545459782,73.6946357213175,0.506234622626385,0.199983819510395,0.959678261940034,308.432017699039,17.6954907940794,1.51842616221525,22.2999076920024
291120242043369,Wheat flour flour,soft wheat flour,France,Cereals and Cereal Products,"Pasta, rice and other miscellaneous cereals",Other cereals,EUwest,0.151220333333333,0.100256666666667,0.480713666666667,62.7145133333333,0.369506333333333,0.711720976915356,2.53565733333333,0.000751976637215,0.0002138492618611,0.003410153996042,12.1482558838668,0.0106792393525377,0.0029145245393298,0.213842359502896,0.149745891141996,0.0998373605889643,0.474027189079618,38.8947559899743,0.348566957967778,0.706006307421911,2.11636478946662,0.152694775524671,0.100675972744369,0.487400144253715,86.5342706766924,0.390445708698888,0.717435646408802,2.95494987720005,0.137,0.096,0.267,0.508,0.225,0.529,0.219,0.118,0.099,0.351,10479.972,0.227,1.323,127.181,0.099,0.097,0.397,23.436,0.162,0.802,5.792,0.147,0.081,0.362,0.508,0.241,0.445,0.219,0.147,0.104,0.384,0.508,0.528,0.736,0.219,0.153,0.112,0.359,0.508,0.551,0.582,0.219,0.205,0.1,0.374,0.508,0.336,0.785,0.219,0.274,0.086,0.415,0.508,0.984,0.469,0.219,0.155,0.123,0.935,0.748,0.22,0.959,0.4
291120241851340,Goji coconut protein balls,"dates, cashews, rice starch, grape juice concentrate, desiccated coconut, dried goji berries, pea powder protein, rice powder protein, cacao powder, chia seeds, red berry flavouring",France,Cereals and Cereal Products,Biscuits,Biscuits,EUwest,0.605297321998647,0.231942590631629,2.20119103827065,2826.97958226594,21.3304028265193,1.83689662487886,110.871720220791,0.0034639987534786,0.0016445423660239,0.0110109948190573,42.9632369067479,0.171238789756418,0.0086919773338222,0.832087538713089,0.598505268017043,0.228718045439789,2.17960117160944,2742.73918697075,20.9946454586501,1.81985378408715,109.240200153215,0.612089375980251,0.235167135823469,2.22278090493185,2911.21997756112,21.6661601943885,1.85393946567056,112.503240288367,0.25985589381799,0.165066737602606,1.17696615327347,324.294301540973,5.3422993207566,1.08541368656263,61.9824040214117,0.474203330542927,0.213059643207783,1.41953325385199,15654.9785435176,18.0760700584319,1.60791556891349,229.153825916249,0.959115944897505,0.268321729365472,1.21494973834461,254.672085350896,42.8902926740886,,36.4694665416712,0.501723548909165,0.232109684237419,2.2243657835847,1233.64896592193,16.7182419935959,1.58960887814046,75.492968646034,0.563528563380649,0.259742424048495,2.13320517432765,1335.94284637257,20.5343890894235,1.69655361507239,111.702877227483,0.509169085768401,0.185603999076354,2.39957777724106,2815.34284414222,17.593704850564,2.17474653032114,98.7163367848294,0.522233281299207,0.236746326612771,3.1390624649537,2741.24334996058,19.5078017724227,2.35426511230754,95.8441249887038,0.908789735591471,0.24916445165989,1.2263700899969,5691.54185738412,41.4899935843868,0.916721447807749,97.9874570030269,0.996202509973072,-0.0632023251327035,3.51920146790882,7916.56659746989,24.8294238849919,2.06978391769172,288.329530642161
291120242126920,SteinoFenpie Margaret,"pizzabodes (weizen flour , water, rapeseed oil, yeast, sugar, dining salt, olive oil), tomato sauce (30%)tomato puree (95%), rapeseed oil, dining salt, sugar, spices, herbs, olive oil), edamer (6.7%), mozzarella (6.7%),herbs",Germany,Cereals and Cereal Products,"Pasta, rice and other miscellaneous cereals",Pizza,EUwest,0.279693182933962,0.178231417409159,0.760859615082838,907.951804445327,7.35769156338531,1.2512515465919,20.5611565460225,0.0013390892565567,0.0010630823349579,0.0047124595496385,19.0183965903149,0.0342004922703997,0.0070391252054386,0.298074291101289,0.277067556551278,0.176146973066137,0.751619634954344,870.661382168111,7.29063276624669,1.23744954440279,19.9767057942273,0.282318809316647,0.180315861752181,0.770099595211332,945.242226722543,7.42475036052394,1.26505354878102,21.1456072978177,0.281093465359553,0.0995600346108984,0.445976853092861,55.618718448607,7.0526437592192,0.792919304799543,4.54997063613791,0.567050185247666,0.977643943174335,4.03472038140455,2400.39830033011,10.6179466498846,8.25588310196838,168.041958667566,0.328068828274637,0.127060240273236,0.613280135756199,60.5329653878062,8.32601541357085,0.923267277047289,6.61316107744478,0.263043552675098,0.136217862010839,0.626783100459081,296.618948733813,6.50189097842165,0.916824271693078,15.509171518635,0.236832761290807,0.129674333132663,0.691913596484778,614.518779513093,8.57772747082321,,15.870061321642,0.3945939226773,0.192683768152578,0.696006744275197,370.216460674609,9.91773249461106,1.18443009088317,11.8890256361379,0.282837678059487,0.163481535347406,0.878020060833268,1068.37344594795,4.53920298144603,1.847260816228,32.7062536361379,0.254325338092754,0.109128103290673,0.443613597518087,3296.59554351594,5.45939349782758,,56.5234262984399,0.212678984578057,0.156740837520262,0.457540476399979,3820.85935500091,4.40308425263177,1.13580910957967,66.441591618635
291120241972177,Speeding with spelled,"spelled flour (32%) (gluten) (triticum spelta), cane sugar blond, eggs , sunflower oil , lupine flour , emulsifier sunflower lecithin, lifting powders (potassium tartrates, sodium carbonates, ammonium carbonates), salt, natural vanilla aroma",France,Cereals and Cereal Products,Biscuits,Biscuits,EUwest,0.355897229945986,0.216350790586177,1.34118976696632,502.077306541701,4.86373863591446,1.69555912671596,30.5438386990736,0.0016703067800765,0.0009127344217071,0.0120942031022884,9.11617142458617,0.0450472402590404,0.0048751650188861,0.448553728945549,0.352622167042247,0.214561141713793,1.31747599390196,484.202724930157,4.77541201996103,1.68600012097318,29.6643345890943,0.359172292849726,0.218140439458561,1.36490354003068,519.951888153246,4.95206525186789,1.70511813245875,31.423342809053,0.244740637276791,0.16968578733207,0.82574335369418,230.677571429017,4.83034173856269,1.46680063134393,9.30658606879962,0.535752496019959,0.161813953953542,0.877384374966452,7352.73330098726,1.93407421938864,1.93347213872801,117.944531823164,0.29472898401051,0.175934330673785,0.783633605086971,244.631655414256,1.89841653231107,1.40105508835719,27.5819452885309,0.245900417126069,0.17277853359681,1.12999226748795,230.677571429017,4.82029031320228,1.58741773566878,9.30658606879962,0.32017318445398,0.265633236621481,0.609206734927121,291.422152662245,4.10468806969652,1.98963272277391,29.4031302722163,0.357601913505883,0.203785762579265,1.16315403105994,435.753245970632,2.4565500140841,1.54466282637408,32.3492775024753,0.347790774644618,0.226468672834191,1.47580120711993,845.820986997744,7.88150734537627,2.18773792897332,43.8774981863993,0.45730500438768,0.214172959925764,2.75744918943724,447.041572579195,5.65821713198734,1.50756630992663,34.5934600926627,0.34280153790521,0.186798385743546,1.84185817542105,1526.49973810503,3.32244845773441,2.36866322285367,83.0802527158041
291120242061542,Soft cake raspberry,"sugar, glucose-fructose syrup, raspberry juice based on concentrated juice (14%), wheat flour, cocoa paste, whole egg (6%), palm grease, cocoa butter, stabilizing (sorbitol syrup), wheat starch, gelling (pectin), acidifying (citric acid), emulsifiers (e471, lecithins (soy), natural aroma, tapioca starch, lifting powders (ammonium acid carbonate, sodium acid carbonate), correctoracidity (sodium citrates), kitchen salt, natural vanilla aroma",Switzerland,Cereals and Cereal Products,"Buns, cakes, pastries and fruit pies",Buns cakes and pastries,EUwest,0.586569497675216,0.286735922261361,0.88367557218515,221.986836608146,20.8177492646246,1.23913942298693,10.0179872387612,0.0028268187103306,0.0013893536464506,0.0092056427209007,3.88827125608694,0.119160827435326,0.0065720781510632,0.232348453338094,0.581026797852506,0.284011739708825,0.86562555925344,214.36288806026,20.5841040383899,1.226253185794,9.56240877296938,0.592112197497926,0.289460104813896,0.90172558511686,229.610785156031,21.0513944908593,1.25202566017986,10.473565704553,0.355000544899185,0.193641928093299,0.345230115830687,73.299953531841,14.6297969584467,,3.27698412473578,0.880264035692629,0.269083640451845,5.59695575543976,1059.11914504143,19.9126741665333,,47.2866536654612,0.448744341140214,0.210145617884011,0.387295146793148,131.571637532519,18.8949078266822,0.726618402954128,4.73478748245807,0.449150112172364,0.219422484885015,0.394066690145078,251.736361909825,21.2374058581674,0.833439720719615,6.10959365174621,0.58165081992009,0.22210979475632,0.678797051126756,131.740890888573,25.9696664473585,0.753186848782279,4.73478748245807,0.602632114107818,0.28142340364957,0.783271144175156,227.49821659106,25.9352286339443,1.13587433083911,43.8592499182914,0.593078292018029,0.369703572702242,1.1080981279229,131.576758458787,15.2478513881782,1.52191281069257,5.52168639017889,0.770655958972819,0.210946081312385,1.18188782245854,766.065532421943,16.838955429655,1.58384223184418,12.8735751547199,0.783066556510837,0.279034041599453,1.71852488422931,459.395359550754,20.7288749618414,1.83673102715806,39.8390676347519
291120242027751,24 -sliced ​​sack bread,"flour ble, water, yeast, salt, dextrose, wheat gluten, rapeseed oil, curator e282, flour treatment agent e300.traces of milk and oeufs",France,Cereals and Cereal Products,Bread,"White bread (not high fibre, not multiseed bread)",EUwest,0.0975059534260417,0.0637549813796875,0.305664260804687,49.5239473028557,0.256031805528646,0.451282611604388,1.5561530615901,0.0004889530571711,0.0001326402100778,0.0021351933084402,8.18455315485188,0.0075696681465015,0.0019856163154649,0.126484347444728,0.0965472361183516,0.0634949063822368,0.301477669167632,33.4760411691613,0.241189538445774,0.447389303851939,1.30814820454164,0.0984646707337317,0.0640150563771382,0.309850852441743,65.5718534365502,0.270874072611518,0.455175919356837,1.80415791863857,0.0872209359375,0.06069555,0.1722727328125,0.92682880625,0.1479378984375,0.3373362234375,0.1565602078125,0.076739915625,0.0640168953125,0.2375759015625,6466.17227344375,0.1454152953125,0.8329457828125,78.4896497296875,0.0638108953125,0.0613274984375,0.2525190296875,15.71858458125,0.108969146875,0.505810146875,3.60725185,0.0944279203125,0.0524883234375,0.233136834375,0.87768980625,0.1609880734375,0.2906820546875,0.1563962078125,0.0947139203125,0.0665626375,0.2422602,0.87739280625,0.333839275,0.47240855,0.1563962078125,0.0979996109375,0.071567725,0.2293399890625,0.92682880625,0.3521100890625,0.368703490625,0.1565602078125,0.0810884515625,0.0588667046875,0.451749375,0.93736880625,0.121234115625,0.4548194265625,0.1582782078125,0.172775371875,0.055571065625,0.2658351015625,0.93736880625,0.6193707625,0.3054938171875,0.1582782078125,0.1017575078125,0.0776396578125,0.5862442890625,1.67665443125,0.17380265625,0.6184565515625,0.280418875
291120242300926,Lot Spaghetti Pasta X3,"durum wheat semolina, water",France,Cereals and Cereal Products,"Pasta, rice and other miscellaneous cereals",Pasta,EUwest,0.135348909259259,0.0871888777777778,0.417404655864197,39.484383525,0.376909998765432,0.615605533553969,1.75281957808642,0.0009800510039336,0.0001808460234179,0.0029914154563762,8.65240124811077,0.0188981042940255,0.0025874274668056,0.150820994766128,0.133427269040204,0.0868342829754038,0.411539222096155,22.5191417538681,0.339855440248025,0.610532221385372,1.4570965103509,0.137270549478315,0.0875434725801517,0.42327008963224,56.4496252961319,0.413964557282839,0.620678845722566,2.04854264582194,0.119367592592593,0.0836444444444444,0.232636111111111,0.442618518518518,0.196041666666667,0.460915740740741,0.190813888888889,0.102812962962963,0.0862583333333333,0.305825,9131.16078888889,0.197784259259259,1.152725,110.812334259259,0.0862583333333333,0.0845157407407407,0.34590462962963,20.4197,0.14115,0.698779629629629,5.04654814814815,0.128080555555556,0.070575,0.315409259259259,0.442618518518518,0.209982407407407,0.387726851851852,0.190813888888889,0.128080555555556,0.0906148148148148,0.334577777777778,0.442618518518518,0.460044444444444,0.641274074074074,0.190813888888889,0.133308333333333,0.0975851851851852,0.31279537037037,0.442618518518518,0.480084259259259,0.507094444444444,0.190813888888889,0.178615740740741,0.0871296296296296,0.325864814814815,0.442618518518518,0.292755555555555,0.683967592592592,0.190813888888889,0.238735185185185,0.0749314814814814,0.361587962962963,0.442618518518518,0.857355555555555,0.408637962962963,0.190813888888889,0.135050925925926,0.107169444444444,0.814662037037037,0.651729629629629,0.191685185185185,0.835573148148148,0.348518518518518
291120242303195,Gallo Harina Mix Sin Gluten,"maize starch, rice flour, potato flour, modified potato starch sugar, thickeners (e412, e464, e401, e440), raising agents (e575, e500), iron, vitamins (thiamine, riboflavin, niacin, b6, folic acid)",France,Cereals and Cereal Products,Bread,Other bread,EUwest,0.182825865491212,0.210596302643624,1.5509396549665,1834.4737232561,1.86784953486088,1.220192539828,139.819557438824,0.0014695300658948,0.0022737799473275,0.0397853395290134,81.996468678551,0.0307466006214311,0.0173663431383091,2.39571851115577,0.179944476597777,0.206137976517199,1.4729303388586,1673.69871113858,1.80756297414493,1.18614139014441,135.122139624757,0.185707254384647,0.215054628770048,1.6289489710744,1995.24873537362,1.92813609557684,1.25424368951158,144.516975252892,0.0840788457064897,0.085702461166442,0.464491851578683,65.1203004947161,0.629693603085351,0.666432548673254,16.6625406236945,0.115818485871787,0.118226227658708,0.363878037432298,32990.4616981408,0.247885272986033,0.955202223247512,403.931025632515,0.0909243104210586,0.197255826943993,0.248773612260095,187.651094523701,1.36666664774657,0.673211555898319,28.8307762979237,0.0897604647243372,0.199001595489075,0.307547819944521,214.511489358332,1.29780577735723,0.692608984177007,31.198814342186,0.133183646075887,0.0792294886368176,0.467197246544333,767.077542289231,0.397105301304248,0.576396247494863,262.557272025325,0.167079659724064,0.210202554576804,0.513004918472607,681.982653862093,0.518480452916557,0.678633925623611,231.134759360985,0.341775822622538,0.334956916238955,5.55724738921606,0.0625310405933074,5.16953022983982,3.04054187813008,0.0098941519926119,0.132390060016674,0.138452889167968,0.182730857382501,7614.80018336066,1.66554239499335,0.43518826899331,107.326615856818,0.137997021363499,0.138224140954981,0.258960938739958,7637.06633861228,1.65925600726889,0.496198099875276,110.396700518877
291120242082326,Italian Bakery Tramezzini,"wheat flour, water, yeast, palm oil, salt, soy flour, beer yeast, dextrose",France,Cereals and Cereal Products,"Pasta, rice and other miscellaneous cereals",Pizza,EUwest,0.0982034372909507,0.0694706558452689,0.310898545524428,37.796589692928,0.795204302466905,0.450380375183478,1.51823419576619,0.0005393476384335,0.0001370692176255,0.0020786577329593,7.2013006344633,0.0103412346762283,0.0018802977187631,0.126420236595994,0.0971459085399914,0.0692018966477103,0.306822806317721,23.6766011687075,0.77492767156834,0.446693571429723,1.2703550444054,0.09926096604191,0.0697394150428274,0.314974284731135,51.9165782171486,0.81548093336547,0.454067178937232,1.76611334712698,0.0888771606938297,0.0626739228219537,0.170200597848559,0.344184508266172,0.245428256613954,0.334335678883474,0.139783636437582,0.0768641968019847,0.0701612329101397,0.239945280317768,6383.65075650245,0.952986463339411,0.825863748890049,77.4965747751968,0.0945181943211165,0.0557673723810234,0.231465417307784,0.321474508266172,0.353403910417613,0.286220996414264,0.139863636437582,0.0647012329101397,0.0693830261846824,0.263724035003288,14.3421664089094,0.911414744762047,0.509350896908405,3.53431667692454,0.105262054850233,0.0608875093710389,0.252904035003288,0.313174508266171,0.430187907936745,0.376739053745365,0.139783636437582,0.105492054850233,0.0658975093710389,0.267964035003288,0.573994508266171,0.979177907936745,0.373909053745365,0.163593636437582,0.12926618935938,0.0712103362728684,0.249704657660528,0.376644508266172,1.01739872987684,0.498976139742017,0.139783636437582,0.172244321387659,0.0586928891946668,0.272917895532404,0.510524508266172,0.867067708925025,0.307589477119753,0.163593636437582,0.099401021222946,0.0847797136156281,0.59566164415132,0.720179315321056,0.948722739800311,0.604150124856808,0.273841345091474
291120241975871,Breton peasant - 6 butter -sucking pancakes at brown sugar,"crepe (86%) (flour of wheat (28%) , milk fresh pasteurized (20%) , sugar, eggs whole pasteurized (14%) , bereur rere fresh (4.9%) , dextrose, salt), garnish (14%) (sugar ofcane (8.4%) , bereur pastry chef (5.6%) )% ages expressed on the garnished pancake, eggs of hens high air",France,Cereals and Cereal Products,Puddings,Other cereal based puddings,EUwest,0.186238304,0.168621096666667,0.652099976933333,482.6619217016,2.97313034053333,1.30664083945435,29.803183486,0.0006286335375428,0.0008627360549862,0.0054924335775003,5.98451835317868,0.0316798367592776,0.004292702691901,0.438109560719754,0.185005707447432,0.166929482357782,0.641330658580867,470.927745507723,2.91101393209602,1.29822389981744,28.944157834424,0.187470900552568,0.170312710975551,0.662869295285799,494.396097895477,3.03524674897064,1.31505777909127,30.662209137576,0.1257528,0.1230076,0.4801748,154.4708968,4.0643792,1.0941672,6.2730696,0.1757508,0.1512048,1.0763992,3715.1602876,2.1762232,1.9564908,108.7040848,0.1561968,0.1346692,0.4817916,248.9396608,4.12138,1.160112,9.6368736,0.1990352,0.134348,0.4378976,269.4402644,1.2246744,1.0187648,27.8690804,0.1503792,0.1726848,0.5879652,246.9415512,8.7333172,1.3659468,9.3643264,0.1891004,0.1292684,0.562236,524.7747192,4.2622652,1.34699,14.2751632,0.1433312,0.1357184,0.572126,857.8352268,4.5234988,,19.8912212,0.142252,0.1514472,1.5344028,723.337694,1.4774104,1.6577808,109.260108,0.1786404,0.1502416,1.1498432,1201.7380476,2.1663504,1.8344052,78.2532392
291120241903940,Cittle multi -cercerated sandwiches,"rice flour , buckwheat flour , quinoa , red cane sugar , sea salt",France,Cereals and Cereal Products,Bread,"White bread (not high fibre, not multiseed bread)",EUwest,0.272844379332446,0.18026514948806,1.13435550864877,965.127442730273,3.60213342244521,0.999779214077361,84.528732265087,0.0052325846523248,0.0015232159824176,0.0208638259223757,41.1698741542179,0.0610536041819574,0.0093069807323753,1.25543008937422,0.262584561142208,0.177278495648236,1.0934466509925,884.403392991377,3.48242224328878,0.981530502100614,82.0671410394561,0.283104197522684,0.183251803327884,1.17526436630504,1045.85149246917,3.72184460160163,1.01802792605411,86.9903234907179,0.101523636344746,0.0803898089304425,0.349456145276457,23.6990089798431,2.65114165544069,0.557765093647223,6.29919098069556,1.11738545414173,0.263185987322681,1.49247206737118,16565.1284814135,11.4043656229718,,218.91801918147,0.13925090907064,0.142922293007979,0.2386268156785,102.065608979843,1.11914841810081,0.609386217248311,27.8265909806956,0.199923636344746,0.160989808930442,0.331656145276457,0.922008979843132,3.48334165544069,0.827365093647223,0.221190980695558,0.17565090907064,0.137941401285061,0.329750279363586,343.181008979843,0.427437062049802,0.482466666678666,128.817790980696,0.278178181743449,0.16083439492474,0.814914245980409,333.385381651557,4.30402171757288,,115.551695320466,0.124836363621886,0.24497324842075,3.76368603356798,276.118008979843,1.94348847404739,2.00901048691228,71.5553909806956,0.160687272707693,0.106523566891674,0.33301648051948,3858.83320897984,0.972810471353153,0.48213722848281,67.9123909806956,1.24938545414173,0.354785987322681,3.91047206737118,12.6604814134835,13.1097656229718,,13.9290191814702
291120242120738,"Brezeling bakers, gluten -free","water, cornstarch, rice flour, buckwheat flour, psyllium husk, apple fiber, rapeseed oil, yeast, sugar, salt, thickener hydroxypropylmethyl cellulose and sorbitol,sea agent pure wine stone,baking agent soda,acid regulator calcium acetate,brezell eye (water, acid gulk sodium hydroxide)",Germany,Cereals and Cereal Products,"Buns, cakes, pastries and fruit pies",Buns cakes and pastries,EUwest,0.147204770531075,0.122767129754361,0.743964459741525,957.345270153637,1.31234597934931,0.750097831177147,65.4593625076071,0.0008486107916298,0.000910501575042,0.0152469917430675,35.9713885664939,0.0192530951408411,0.0068408146685714,1.00639452939019,0.145540852407451,0.120981858947953,0.714068839579426,886.814178682683,1.27459537064074,0.736684667428048,63.4860690808862,0.148868688654698,0.12455240056077,0.773860079903624,1027.87636162459,1.35009658805788,0.763510994926247,67.4326559343281,0.0830443419262017,0.0727464054292796,0.224106799513979,62.0458616998544,0.68488992031214,0.524483092738438,15.2018426772013,0.184266526404554,0.0975140621357051,0.29570985794586,15193.4385285774,1.75951982050985,0.683203461045177,187.716678362988,0.102244410680863,0.122771224251428,0.239770897596378,78.1404407870495,0.798010521589782,0.540187280433343,13.1219048132416,0.110103136392103,0.11799723540199,0.343337662074332,89.862609770403,0.703536417078806,0.626590483936904,15.5080721930016,0.126085431029517,0.0899282445008161,0.310409548160776,382.172165709,0.541670198359155,0.612144787083455,132.533911770718,0.139943743899982,0.19882739058224,0.322869762991072,100.511144471436,0.866076278351503,0.832810265342478,51.1451509799463,0.101889228649779,0.0770396025321252,0.199759665015691,2758.35420376064,0.462777885548511,0.60648571589266,54.2051368845471,0.112776252099306,0.0987291028059924,0.337977951279796,3195.16253601613,1.08127627335204,0.452818872599047,48.4297943136296,0.144147128844108,0.110267860095077,0.461686503293836,3181.08443828904,1.32098017452613,,46.3872366821415
291120242024019,Donuts au Sucre,"flour of wheat , water, oils and vegetable fats (palm, rapeseed), sugar (9%), yeast, salt, emulsifiers (e471-e472e-e481), gluten , lifting powder (e450i-e500ii), dextrose, stabilizing (e412), lactoserum powder, glucose syrup, lactose , thickening (e415), aroma, lemon juice",France,Cereals and Cereal Products,"Buns, cakes, pastries and fruit pies",Buns cakes and pastries,EUwest,0.126998043345798,0.152540010159859,0.459526481944713,60.8026969670144,7.52542483889772,0.622239006998955,6.94931661585553,0.0005436904622848,0.0005384798714869,0.0025418154872883,5.29635744366913,0.064983306711482,0.0019959285873929,0.168329915573562,0.125931999379872,0.151484182887556,0.454542603707574,50.4178359369275,7.39800847460363,0.61832547940447,6.61926283851328,0.128064087311724,0.153595837432162,0.464510360181852,71.1875579971013,7.65284120319181,0.62615253459344,7.27937039319777,0.112790077582399,0.0393192437013965,0.224258710018372,2.48699561179477,2.17879832769934,0.366846761737955,0.360850208384274,0.105060350787368,0.173196313123873,0.495631574716915,4665.99008918734,10.3490182026282,0.979422070315238,64.7265291028859,0.108823348940671,0.11176634075265,0.322137115075993,1.87644082971544,3.61354796172852,,0.27685486884673,0.129423283238682,0.11839333108147,0.273462841093566,6.19687277083364,2.68487772233325,0.51595921671269,6.31966910944967,0.0925558759559136,0.158593338240514,0.429200716371239,2.71974007395973,10.9462231057215,0.600357360726366,0.306798688578369,0.0950505402071818,0.177580430726149,0.462551447291806,2.92773699299371,10.4683059475103,0.762958963657288,0.352517398298901,0.147441103161982,0.162545668524728,0.495580670959162,49.2675549502386,10.8933421258435,,13.7228830864047,0.166862362721187,0.21269773009752,0.525974757858563,2.83196615700303,11.9021164491296,,0.368818373274269,0.135631572892987,0.143030715088395,0.628827856220391,315.37562440475,3.8814323195691,0.76056994486972,22.8780663405489
291120242089259,Round puff pastry,"wheat flour, water, palm fat, sunflower seed oil, ethyl alcohol, salt, concentrate lemon juice, baking powder",Belgium,Cereals and Cereal Products,"Buns, cakes, pastries and fruit pies",Buns cakes and pastries,EUwest,0.308080400503571,0.196188312065312,1.31291986311311,151.303457658794,10.3435209245497,0.790918733256606,2.8734820157102,0.0020625702907721,0.0006329217363334,0.0129101494993427,13.1499987944773,0.114762823414523,0.0032367148073522,0.17329003565463,0.304036204834705,0.194947307404155,1.28760621881054,125.519527574979,10.1184991080926,0.784572327481339,2.53370265653511,0.312124596172437,0.197429316726468,1.33823350741569,177.087387742608,10.5685427410067,0.797265139031872,3.21326137488529,0.174867444882995,0.118377247309715,0.556839261688761,5.58635373092394,4.41614823219801,0.667110478154755,0.286624612882557,0.277170245024961,0.289599467710232,0.717165400291526,8868.64525905005,15.6573077748928,0.978335112437162,138.387949277782,0.210322348434668,0.12996489369652,0.760926779318766,6.04432208569304,2.47322185212759,0.620691018098859,0.286624612882557,0.273440558476536,0.15819262705515,0.419442595905778,8.7680550821571,3.82527681768988,0.67387287942151,0.515953820764077,0.212056414793307,0.225228184181099,0.60220552169732,9.77767739904683,13.7566099246904,0.708898428260556,0.514649254819144,0.403451090503186,0.159708440554309,1.28152681899032,12.8632721448036,9.30845859694433,0.644154227512837,0.364120885847067,0.396668662386453,0.22811032374291,1.65945602733963,9.12811667722014,17.8836471421563,0.711489008516013,0.310714065878192,0.363708826552814,0.197825992702534,2.58175923804143,22.139238116744,7.86293832217361,0.761335152478832,4.7260502097083,0.400993383595202,0.263309596881497,2.36980455765981,13.411716140518,16.6160095368829,0.713821009763877,0.375607986118134
291120242008905,L’aperitif gourmet provençal Croquets,"wheat flour, milk, black nyons olives (11%) , black olives in the mediterranean basin, eggs, almonds, small spelled flour from mont ventoux, sugar, natural lifting powder (wheat starch, sodium bicarbonate, monopotassic tartrate), salt,wheat flour, provence tomatoes (27%) , eggs, milk, almonds, small spelled flour from mont ventoux, sugar, aop parmesan, extra virgin olive oil, salt, onions, black olives, igp balsamic vinegar, garlic, espelette aop pepper (0.2%) , coriander, rosemary, thyme, pepper, natural lifting powder (wheat starch, sodium bicarbonate, monopotassic tartrate),wheat flour, milk, provence basil (17%) , pistou (14%) (provence basil (46%) , sunflower oil, olive oil, garlic, aop parmesan (2%), pine nuts, salt, lemon juice, pepper), egg, almonds, parmesan aop (9%) , little spelled flour from mont ventoux, sugar, salt, garlic, natural lifting powder (wheat starch, sodium bicarbonate, monopotassic tartrate)",France,Cereals and Cereal Products,"Pasta, rice and other miscellaneous cereals",Pizza,EUwest,0.455795971375317,0.318091669434369,1.2590147681096,4125.01255607804,9.5277768396379,,71.6926245552883,0.0009549469819047,0.0004272394423736,0.0031769536559251,22.8905801943224,0.0275421486033559,,0.299673690818987,0.453923554000989,0.31725395742516,1.25278553932987,4080.12972920233,9.47377342526152,,71.1050377719891,0.457668388749646,0.318929381443577,1.26524399688932,4169.89538295375,9.58178025401427,,72.2802113385876,0.391950465601574,0.274375705317634,1.01868928528023,998.079860529544,7.56727593454226,,33.5405134395791,0.404866582608982,0.288525741404588,1.08629770913884,8487.26795902656,7.8612566619777,,127.23743647868,0.534776791345135,0.300365713688759,1.30432240623191,1829.33482513528,9.08119626802244,,43.0803627776028,0.404128922260787,0.278482599846526,1.1442808766435,2789.79383729475,9.55115017533206,,47.8673576472127,0.4640748961231,0.315907706444289,1.34758349475704,3154.44825883077,10.1455717798577,,57.0986676247435,0.38354746088531,0.311280977854164,1.2021849676737,4404.66822975635,7.30273028077862,,74.5993235004848,0.444007521122085,0.301641955164838,1.17507599389108,5077.34773910343,11.1115303831137,,81.6430353848298,0.465414860887665,0.332172615143608,1.29710215605258,5679.7840408649,9.33105178710259,,87.077397541648,0.335642182022987,0.32060041317556,1.13036911348573,6507.35539388802,5.61239720443028,,94.7844354720511
291120242180935,Cereal flakes,"cereals rice (63%), complete wheat (21%)), sugar, wheat gluten, wheat germs, salt, barley malt, a skimmed powdered, vitamins (b1, b2, b3, b6, b9, b12,c), iron, emulsifier (e471), aroma,source of fiber",Belgium,Cereals and Cereal Products,Breakfast cereals,Other breakfast cereals (not high fibre),EUwest,0.279397622509935,0.349688316948498,2.76235197858409,2985.37899247864,3.86497130290845,1.96591918311798,177.566156404498,0.0025980514641508,0.003726581685069,0.0678624237233608,140.304552287558,0.0514223676477706,0.0293309337672239,3.81340912341439,0.274303479282033,0.342381402087046,2.62929037029435,2710.27609527209,3.76414462201696,1.90840839871663,170.088994181457,0.284491765737838,0.356995231809951,2.89541358687384,3260.48188968519,3.96579798379995,2.02342996751932,185.043318627539,0.114155132636435,0.121175185504707,0.673629674937056,73.5964757165251,1.39778919624823,0.815454395704221,19.2658663743503,0.175771761187046,0.185332897762375,0.529101308783979,54221.6379873873,1.86258281782632,1.67964225645132,654.797004693345,0.113263435508245,0.292123999380163,0.340818223984744,288.099615716525,2.42257254014935,0.899509815323296,44.6994163743504,0.149625095373962,0.296052252601929,0.321136874673395,290.40529195648,1.96786136329327,0.922963692495553,47.8125283348766,0.186890446898122,0.104476884215464,0.696500277246986,1358.33238048962,0.756904308313367,0.877599060628912,426.132729628031,0.278850228176108,0.350784841066444,0.655630702670229,1047.50896140097,1.41472909163413,0.916385018490989,362.80176637435,0.548415164339803,0.513607261222659,8.78920399049021,0.245120990678782,8.55707384003589,4.74487925396439,0.117406374350347,0.214235164339803,0.196087261222659,0.242733990490213,12121.7758409907,3.03708384003589,0.597259253964392,170.95031637435,0.219427513290129,0.198716587684328,0.345299898657224,12283.3393357638,2.7085691031668,0.701772536943919,182.599299628031
291120241984949,Provencal pancakes,"complete hydrated wheat flakes 39.9 g), rice complete cooked 31.2 g), oatmeal complete hydrated 19.9 gm, tomato coulis , complete wheat flour 10.4 g (and quot,), disodored sunflower , aromatic plants (basil , parsley), garlic , powder tomato , sea salt, provence herbs",France,Cereals and Cereal Products,Puddings,Other cereal based puddings,EUwest,0.179999133063281,0.160107732305402,0.993136575222101,1150.98788979538,1.10945454169792,,60.760410327994,0.0007978201279275,0.0009540525337774,0.0160786407675619,33.3151999983234,0.015787774694977,,0.96318943248349,0.178434803003678,0.158237068724997,0.961610294811513,1085.66493418828,1.07849857848633,,58.8718315248497,0.181563463122884,0.161978395885808,1.02466285563269,1216.31084540248,1.14041050490951,,62.6489891311384,0.118841671432748,0.119375167866505,0.427581241094796,23.8033983440724,0.328591916065788,,5.85784662304544,0.111642280135443,0.105537379218966,0.640900329240848,14973.9878994426,0.277124577125151,,180.909627200959,0.184178642344714,0.108955019946807,0.421453701068285,366.31163452834,0.302207904009483,,126.596896497233,0.131986785096811,0.150507161319585,0.841368281403413,258.489291042316,0.792499042467455,,13.5066316104694,0.12829222188766,0.171629733224949,0.639221721005316,511.78033897803,0.827271134840223,,16.1107845795949,0.168778136792296,0.162407787360647,0.614785915161157,735.72591497389,0.437739678088239,,95.9365072719823,0.244260376257811,0.224550308647032,2.49606902875004,437.096151617884,2.36283610093791,,4.60834193057475,0.135829711744011,0.111603011073899,0.678020250807521,3278.80317243777,0.930986144489089,,47.6398377891391,0.175259022459736,0.152806218344376,0.394731884010163,3480.56091983498,0.866315311498115,,47.8417897035579
291120242297343,Biological durum wheat semi-complet,ble hard semolina,France,Cereals and Cereal Products,"Pasta, rice and other miscellaneous cereals",Other cereals,EUwest,0.151220333333333,0.100256666666667,0.480713666666667,62.7145133333333,0.369506333333333,0.711720976915356,2.53565733333333,0.000751976637215,0.0002138492618611,0.003410153996042,12.1482558838668,0.0106792393525377,0.0029145245393298,0.213842359502896,0.149745891141996,0.0998373605889643,0.474027189079618,38.8947559899743,0.348566957967778,0.706006307421911,2.11636478946662,0.152694775524671,0.100675972744369,0.487400144253715,86.5342706766924,0.390445708698888,0.717435646408802,2.95494987720005,0.137,0.096,0.267,0.508,0.225,0.529,0.219,0.118,0.099,0.351,10479.972,0.227,1.323,127.181,0.099,0.097,0.397,23.436,0.162,0.802,5.792,0.147,0.081,0.362,0.508,0.241,0.445,0.219,0.147,0.104,0.384,0.508,0.528,0.736,0.219,0.153,0.112,0.359,0.508,0.551,0.582,0.219,0.205,0.1,0.374,0.508,0.336,0.785,0.219,0.274,0.086,0.415,0.508,0.984,0.469,0.219,0.155,0.123,0.935,0.748,0.22,0.959,0.4
291120242177639,Trianon 12-16p,"sugar, cream, cocoa paste, hazelnut (9%), half-ripped milk, egg white, wheat flour, cocoa butter, skim milk, vegetable oil (palm, palmist), whole powdered milk, almond (1%),anhydrous, emulsifier (e322 (soy), e471, e433, e476), lean cocoa in powder (butter), cocoa powder, lactose, milk proteins, egg yolk, skimmed milk powder powder powder, lifting powder (e500), barley malt extract, stabilizing (e407), yeast, coloring (e160a), dacid corrector (e501 (i), e526)",Belgium,Cereals and Cereal Products,Biscuits,Biscuits,EUwest,1.10372198164473,0.266413654386033,1.84130226498281,1559.08187770171,33.4609418247578,2.41698459640367,51.3852562318619,0.0051629035328454,0.0027137002239189,0.010200501300889,16.5146295084409,0.6096678375692,0.0090035699451203,0.541475715075901,1.09359879108016,0.261092752237255,1.82130157779853,1526.70073004833,32.2655323692956,2.39933079874193,50.3235548433063,1.1138451722093,0.27173455653481,1.86130295216709,1591.46302535509,34.65635128022,2.4346383940654,52.4469576204175,0.843305031628445,0.15627697298565,0.520068174541729,415.620931885396,36.3533004648475,1.1018791929218,10.2415593356322,2.01596185979305,4.26302962137226,5.78547829809109,1159.82383601066,966.675305662267,4.44011000444653,118.30581506325,0.854776040573418,0.201735090941222,1.85912560109938,770.858131809598,21.9472292138366,2.29829350894405,29.4340816719932,0.880927926225209,0.278696427639625,1.53262794892355,847.434065173115,20.6499523064504,2.59846860038815,16.1460250564137,1.20495183959624,0.217880270778426,1.70781237741771,546.628142204195,34.8984570593954,2.19732951979868,15.3235389738132,0.86587887918841,0.337691937328062,2.20037507968919,1450.57546660425,24.0796362711741,2.72474065483716,38.3466265111326,1.10469229025491,0.230612468388421,3.07688922131193,1604.36630060646,26.6505845101825,2.8317169048963,123.264080149301,1.94158929099817,0.32336417727709,1.42940424688627,968.124137971674,68.3220185320999,3.15349642203262,51.710409098301,1.09113885878548,0.346372263327908,1.73898009546146,4033.46051062428,28.715121099241,2.41703741616794,57.1608525542138
291120241892024,Organic wheat flour,ble type 55 flour,France,Cereals and Cereal Products,"Pasta, rice and other miscellaneous cereals",Other cereals,EUwest,0.361198,0.10458,0.4943,2.30677233333333,2.22275966666667,0.653952,0.765047333333333,0.003029216195657,0.0003171888022068,0.0049076599467732,0.107869583219972,0.0837570015538653,0.0092197137485861,0.0431556035883092,0.355258448231343,0.103958070368881,0.484677279654514,2.09526647425431,2.05853268034924,0.635874397225909,0.68042975404404,0.367137551768658,0.105201929631119,0.503922720345486,2.51827819241235,2.3869866529841,0.672029602774091,0.849664912622627,0.274,0.086,0.415,0.508,0.984,0.469,0.219,0.975,0.109,0.058,8.639,19.823,0.471,0.22,0.274,0.086,0.415,0.508,0.984,0.469,0.219,0.274,0.086,0.415,0.508,0.984,0.469,0.219,0.274,0.086,0.415,0.508,0.984,0.469,0.219,0.369,0.109,0.547,0.508,1.326,0.493,0.219,0.369,0.109,0.547,0.508,1.326,0.493,0.219,0.272,0.148,1.515,26.389,0.411,2.7,10.995,0.975,0.109,0.058,8.639,19.823,0.471,0.22
291120241885036,Almond cake flavor of yesteryear,"cane sugar (53%) , raw almonds powder (31%) , ble, full wheat flour (5.6%) , lifting powder (diphosphates and sodium carbonates), thickening (cellulosic gum), antioxidant (rosemary extracts)",France,Cereals and Cereal Products,"Buns, cakes, pastries and fruit pies",Buns cakes and pastries,EUwest,0.436801792666667,0.175987343333333,1.226592534,13537.776568592,10.8474650833333,2.63890817587765,242.086409622667,0.0024283692413775,0.0029301538434605,0.0128470241571844,145.340151676819,0.123859818404524,0.0236073860582819,2.1022798000532,0.432040354759641,0.170242028598678,1.20140266304784,13252.8000930976,10.6046062855609,2.59261986809134,237.964353322254,0.441563230573692,0.181732658067988,1.25178240495216,13822.7530440864,11.0903238811058,2.68519648366396,246.208465923079,0.305452,0.086606,0.523662,1538.757718,7.52664,1.159024,34.220974,0.4243,0.096562,7.489052,25114.511918,30.24999,2.239796,396.390844,0.402468,0.09902,0.44896,1566.039412,1.80604,1.048012,69.88536,0.30403,0.182984,0.835384,1540.064698,4.990194,1.903126,34.220974,0.258942,0.237778,1.229308,4012.44705,15.514802,1.904632,57.28614,0.36255,0.015642,1.259476,13084.441648,3.676896,2.267406,266.017184,0.65151,0.298522,1.506136,20040.170018,9.232916,4.029656,303.002844,0.61762,0.358554,2.197814,20801.818178,11.246584,4.881176,323.804284,0.52606,0.008052,0.532802,25065.499108,20.09413,1.565636,388.985684
291120242021065,Pave almost,"wheat flour, water, salt, yeast, wheat gluten, dehydrated and devitalized wheat sourdough, roasted wheat malt, malted wheat flour, emulsifier e471, flour treatment agent ascorbic acid",France,Cereals and Cereal Products,Bread,"White bread (not high fibre, not multiseed bread)",EUwest,0.0672030512846354,0.0438749515664063,0.213026630342969,24.7365303283479,0.174353482121094,0.31176940388683,0.989531937593229,0.0004438600470332,9.61581242934831e-05,0.0015816455745337,4.69549579818841,0.0081973202322375,0.0014132878530727,0.0813619151931445,0.0663327503364323,0.043686409012713,0.209925410369604,15.5298119657438,0.158280542872505,0.30899829221135,0.830001129597539,0.0680733522328385,0.0440634941200995,0.216127850316333,33.943248690952,0.190426421369683,0.314540515562311,1.14906274558892,0.06028652890625,0.042244575,0.11749272421875,0.223544209375,0.09901072265625,0.23278521015625,0.09637043671875,0.0519256234375,0.04356471796875,0.15445672734375,4611.68711616562,0.09989081796875,0.58218304921875,55.9657009695312,0.04356471796875,0.04268462265625,0.17469891953125,10.312956871875,0.0712877203125,0.3529182203125,2.548756025,0.06468700546875,0.03564386015625,0.1592972515625,0.223544209375,0.10605148515625,0.19582120703125,0.09637043671875,0.06468700546875,0.04576495625,0.1689783,0.223544209375,0.2323451625,0.323875075,0.09637043671875,0.06732729140625,0.0492853375,0.15797710859375,0.223544209375,0.24246625859375,0.2561077359375,0.09637043671875,0.09020976953125,0.044004765625,0.1645778234375,0.223544209375,0.1478560125,0.34543741015625,0.09637043671875,0.1205730578125,0.0378440984375,0.18261977734375,0.223544209375,0.43300689375,0.20638235078125,0.09637043671875,0.06820738671875,0.05412586171875,0.41144455859375,0.329155646875,0.096810484375,0.42200570234375,0.1760190625
291120241991149,Organic butter puff pastry - Biologik,"t65 wheat flour, water, butter (23%), guerande salt, concentrated lemon juice",France,Cereals and Cereal Products,"Buns, cakes, pastries and fruit pies",Buns cakes and pastries,EUwest,0.219701268020009,0.106142834376159,0.401393536114254,196.660069816113,1.23875030235955,0.675600373112577,6.312934436561,0.0015319635555489,0.000173519372089,0.0026775882833217,1.61192140396501,0.0423497992501411,0.0048016372312508,0.0389806785409973,0.216697462329637,0.10580260534435,0.396143440645089,193.499486349148,1.15571270821256,0.666185537370507,6.2365028637655,0.22270507371038,0.106483063407968,0.406643631583419,199.820653283078,1.32178789650654,0.685015208854646,6.38936600935649,0.158434710536075,0.107890392176556,0.21497937488942,18.0175721695897,0.245657094636931,0.638909664478893,0.77164936681372,0.537183605677519,0.112644990788564,0.235602343722355,553.537115058921,10.5856945449697,0.761899446434986,11.9478547520503,0.169789554826298,0.0940951303469401,0.348029873185816,142.326134700189,0.61786107280685,0.550550675961801,4.87700836681372,0.179458554826298,0.0996411303469401,0.347944873185816,130.734677700189,0.58036207280685,0.610008675961801,4.83689936681372,0.180974710536075,0.124910392176556,0.25545937488942,130.61591216959,0.285217094636931,0.788409664478893,4.83689936681372,0.227469152302569,0.111293990788564,0.414669724416003,131.750396700189,0.753357823721426,0.622397921640017,4.84827136681372,0.224020152302569,0.109654990788564,0.420405724416003,273.440477700189,0.771603823721426,0.572457921640017,7.67095936681372,0.177288784353113,0.130489015015664,0.903723633437375,157.830210008435,0.288025332239446,1.73855513879928,10.7181796763326,0.528443605677519,0.105514990788564,0.176722343722355,157.219515058921,10.1774445449697,0.555359446434986,5.07545475205031
291120242044841,Sweet puff pastry,"flour, butter, sugar, salt",France,Cereals and Cereal Products,"Buns, cakes, pastries and fruit pies",Buns cakes and pastries,EUwest,0.170257923456546,0.155079506948945,0.598527116747721,369.771372551133,1.4626226595526,1.0539384516613,20.2054795458007,0.0005415190029388,0.0005525229493761,0.0042858226637194,7.01544640142374,0.0206487661662939,0.0032578015282594,0.289130585477261,0.169196137191083,0.153996144636973,0.590123667162662,356.015798702941,1.42213548145702,1.04755069998585,19.6385652123812,0.171319709722009,0.156162869260917,0.606930566332779,383.526946399324,1.50310983764819,1.06032620333675,20.7723938792202,0.127122666666667,0.120005070803979,0.383626728970027,24.5165416895614,2.17436183444055,0.738042352299067,1.17575593342045,0.147833664111304,0.139885533559326,0.817329818931641,5908.13804760313,0.915697234907701,1.61527335308183,111.925353005273,0.150717306701512,0.133093245823549,0.433927243563619,221.894339953108,0.249252376670959,0.933003031447112,21.2771946879995,0.183077131681943,0.140509671481958,0.370213245823548,194.532124782459,0.225629560191147,0.884863236192964,18.5059322156502,0.202400186910082,0.134555968848319,0.422713033707042,210.715235449126,0.334090312107669,0.924714267640077,18.5599428823168,0.164919667796631,0.207989105050121,0.526716265623815,205.398593689561,2.56999605406785,1.06848695774057,7.61652793342044,0.141148212116506,0.213168479165719,0.610036047562052,390.082469689561,2.55477921464154,1.1566038237987,11.0547679334204,0.157965113846173,0.253073242972754,0.79267220926571,422.970355022894,3.2039467666275,1.70272597587177,9.31489993342044,0.143328281790521,0.144842410082569,1.43267840796277,624.894880486464,0.424763374359264,1.28647744796227,71.9461842434543
291120242300448,Rati Rigati,"durum wheat semolina, water",Switzerland,Cereals and Cereal Products,"Pasta, rice and other miscellaneous cereals",Pasta,EUwest,0.211774663888889,0.109819056481481,1.26662027098765,237.367453012037,1.84912976635802,0.935951770969958,4.79294893858025,0.0026226422224036,0.0004713454290233,0.0203085228318505,24.6139842547262,0.0581366292375484,0.0086955616332468,0.348093451005553,0.206632304200938,0.108894863424341,1.2268002268199,189.105452457747,1.73513806133983,0.918901902244091,4.11042285294057,0.216917023576839,0.110743249538622,1.30644031515541,285.629453566327,1.96312147137621,0.953001639695824,5.47547502421992,0.118496296296296,0.0949712962962963,0.0871296296296296,3.39457037037037,0.389469444444444,0.548916666666666,0.190813888888889,0.385984259259259,0.125466666666667,0.563728703703704,19973.0639342593,1.12397222222222,1.576175,314.713964814815,0.154219444444444,0.11065462962963,0.0827731481481481,0.156833333333333,0.229150925925926,0.599451851851852,0.190813888888889,0.143763888888889,0.0801592592592592,0.34590462962963,0.442618518518518,0.23525,0.506223148148148,0.190813888888889,0.238735185185185,0.0749314814814814,0.361587962962963,0.442618518518518,0.857355555555555,0.408637962962963,0.190813888888889,0.159447222222222,0.107169444444444,1.25031018518518,0.156833333333333,1.39843055555556,0.798978703703703,0.190813888888889,0.168160185185185,0.101941666666667,2.36731203703704,0.156833333333333,1.47074814814815,0.703136111111111,0.190813888888889,0.208239814814815,0.116753703703704,3.43900648148148,0.156833333333333,1.82100925925926,0.876524074074074,0.190813888888889,0.250062037037037,0.120238888888889,4.15172685185185,0.156833333333333,2.19218148148148,2.02140740740741,0.190813888888889
291120242337722,Outside man - cheesecake,"wheat flour (gluten), non-hydrogenated palm fat , refined gouda cheese (18%) (milk) , yeast , powdered milk , sea salt, egg , onion , controlled organic crop spices",France,Cereals and Cereal Products,Puddings,Other cereal based puddings,EUwest,0.409423371392068,0.57875099179617,1.69924845777206,1511.59369009871,16.1382574477195,3.13608329551872,46.4207386905763,0.0006348312118806,0.0010623834561006,0.0057621806357539,12.0306442194679,0.138973861795044,0.0065775027020158,0.231538052428138,0.408178622716576,0.576667917783585,1.68795023144028,1488.00454045192,15.8657637089744,3.12318642210866,45.9667492226793,0.410668120067561,0.580834065808755,1.71054668410384,1535.18283974549,16.4107511864647,3.14898016892879,46.8747281584732,0.305798268916886,0.414658503659371,1.25671304475229,439.34354583549,7.46449570712116,2.26586212354748,12.8165546092151,0.346416344293366,0.623391132739295,2.12417880439542,6840.12565158178,23.9124190365752,4.48638613108378,122.23335754948,0.367752417781502,0.492188715414894,1.5411199631384,1116.08166346479,8.96815305913823,3.02462155091772,39.5493550583766,0.436366636472701,0.531832289788504,1.43468971331202,1015.32543663405,8.68583179322736,3.45265918033948,37.0877777985002,0.363073367282205,0.599227221353289,1.7015588928937,1071.27605243246,23.0686263802007,2.8878394906227,36.5234262939615,0.390207951466564,0.607896951018299,1.74584832282787,1198.95145640989,23.5503761383808,2.97528348237182,39.1684371685253,0.430966517801449,0.537457824491643,1.6087539675621,2126.12220691564,8.35713568701033,3.1101518765209,58.5802081930552,0.434949505616187,0.627411132739295,1.73790567463018,2118.95665504672,22.9080442042095,3.04611934037484,56.7002283917941,0.438231521796072,0.575290309607168,2.0330653928588,2222.96077094859,8.23950058725326,3.0894774137622,61.1360799370054
291120242005182,P'tit deli pancakes strawberry,"sugar ,wheat flour,whole milk (11%) ,concerned strawberry puree (10%) (fruit equivalent (15%),glucose syrup,fresh eggs (8.9%) ,stabilizing glycerol,dextrose,concentrated butter,salt ,wheat gluten,gelifier pectins,natural strawberry aroma with other natural aromas,acidity corrector e331,acidifying citric acid,traces of hull fruit",France,Cereals and Cereal Products,Puddings,Other cereal based puddings,EUwest,0.189595282788434,0.14915193323844,0.684762987968442,311.034386757941,3.51224859962783,1.05496844247106,35.0410786177588,0.0008911258209902,0.0015399090025458,0.0101835490794949,7.56308241227247,0.0566999543007355,0.006878840549961,0.760189175095017,0.187848003094847,0.146132548470606,0.664795539942434,296.205032688489,3.40107386263397,1.04148071927276,33.5505336490889,0.191342562482022,0.152171318006274,0.70473043599445,325.863740827392,3.6234233366217,1.06845616566936,36.5316235864286,0.130919185020719,0.0780826958160671,0.45330547068039,35.3241633518995,5.43615250573995,0.786120868859778,2.405842174736,0.0988244934206654,0.156874582018447,1.45023423969792,3346.32306417577,0.954449370423749,1.55829961066703,79.9229361138721,0.137976744905761,0.0877370862344604,0.487701515011361,86.8333860485655,5.46979325904566,0.829640822740276,5.77031056324284,0.15000072874482,0.087683688629862,0.42963988562759,132.405309551899,5.53697159558356,0.815119504151853,5.006226774736,0.226122020919665,0.0965646431172302,0.311733545512632,154.075843216883,0.280895338965377,0.643117659278172,37.4321297384606,0.124930696997728,0.175308069434569,0.66542598553135,93.2247893975269,3.15066412522662,1.49646726860314,5.92978137410235,0.167102534717284,0.312194693931296,0.769005721526535,129.153839951899,6.91911953154401,1.39268143395001,4.733625474736,0.207392643692021,0.152861165250636,0.974912931522532,925.905305652204,2.14197134902288,1.45530654161477,57.9621628237356,0.12790274311723,0.107141911977008,2.36182247658604,859.735505528381,0.792276094441926,1.67276506617566,179.08381325607
291120241972229,Mini Cookies,"t65 wheat flour, dark chocolate (25%) (cocoa paste, cane sugar, cocoa butter, vanilla extract), red cane sugar, vegetable fat (sunflower oil, cocoa butter and quot , emulsifier sunflower lecithins, lemon juice), chocolate chip cane sugar and quot (10%), pate de cocoa, cocoa butter), lean cocoa in powder, lifting powders (ammonium carbonates and sodium carbonates), sea salt, cocoa extract",France,Cereals and Cereal Products,Biscuits,Biscuits,EUwest,1.77312723852443,0.241111131032896,2.42051682311065,142.13516589661,49.0049953188174,2.19172583805853,19.7865496798028,0.008384605595771,0.0057631015774076,0.0167080223198433,6.01603590503236,1.36171058053991,0.0153596699175436,0.436578698852123,1.75668707850309,0.229811098959874,2.38775647947362,130.339191495287,46.3350140548057,2.16160928356647,18.9305256737768,1.78956739854578,0.252411163105919,2.45327716674769,153.931140297932,51.6749765828292,2.22184239255059,20.6425736858289,1.02170453937401,0.101750979828585,0.541776832046269,6.53176365481904,39.7721938435484,0.638687140184437,0.552363102071662,3.71098747619967,8.16925361217297,8.29136807192962,65.758611021566,1889.22152033373,5.78862327142706,20.7554311203935,1.37932978301599,0.118575347806594,1.36267895301992,9.64176365481904,54.6515186251076,0.863380965464895,1.17136310207166,1.3586291019734,0.175130637490713,1.9681323443748,16.3262725455872,30.0389728077598,2.09935852922826,2.90254264134489,1.40874068498517,0.183633871574802,2.26095415330315,23.0589412843255,26.9835721863817,1.98413055948822,19.6401606238084,1.63243182058956,0.200202245133508,3.09150942709929,150.540545870107,33.3744539773858,,42.0355614733913,1.92778574228986,0.253115225417144,2.71879352184555,227.256906074174,34.0028014557449,2.68171619053871,9.20108612777821,1.8571610087303,0.230736709576912,3.34765649462223,957.13127531634,39.1973496691145,3.05237473751151,69.6612579194591,1.97266277566177,0.238862454909659,4.58571610399505,958.869437309639,41.7692968686057,3.0050589756028,69.6913351462485
291120242007264,Instant Noodles Flavor Beef,"noodles (89.23%) soft wheat flour (70.4%) , palm oil, salt, antioxidant extract rich in tocopherols,seasoning (10.77%) salt, maltodextrin, tender wheat flour, sugar, powdered yeast extract, powdered onion, aroma, colors ordinary caramel,paprika extract, powder garlic, sunflower oil, hydrolyzed soy proteins, taste enhancers e627,e631, dried red pepper (0.05%) , dried chives (0.02%) , acidity corrector citric acid",France,Cereals and Cereal Products,"Pasta, rice and other miscellaneous cereals",Pasta,EUwest,0.152267471818509,0.146029415541779,0.552026297859838,176.331639177473,5.27382478654267,,4.3848657534699,0.0006321504063061,0.0003517222275047,0.0028463638745954,7.74411879225965,0.0455010372899657,,0.147574327877747,0.151027979546806,0.145339774313316,0.546445274752331,161.147317062993,5.18460838564701,,4.09550860510546,0.153506964090211,0.146719056770242,0.557607320967345,191.515961291954,5.36304118743833,,4.67422290183434,0.141375989218329,0.0901912021563342,0.282429309973046,72.146301967655,1.30417415633423,,1.02206454986523,0.123013309973046,0.15799381671159,0.522707045822102,7709.69166149326,7.21655886792452,,97.4765725498652,0.140679309973046,0.14336181671159,0.486601045822102,1.52098549326145,7.33235486792452,,0.419264549865229,0.140481369272237,0.130749455525606,0.334199099730458,157.129488576819,2.20794120754717,,1.80323173045822,0.141489309973046,0.15859381671159,0.493419045822102,67.6161454932615,7.60442286792452,,0.974134549865229,0.155087676549865,0.130983962264151,0.443323784366577,226.807383590296,2.92236348787062,,6.82478454986523,0.131459309973046,0.15366981671159,0.703023045822102,158.826205493261,7.12780886792452,,3.17081454986523,0.166771309973046,0.15429581671159,0.707261045822102,185.234565493261,7.46226086792452,,8.92277454986523,0.136651309973046,0.16418381671159,0.982089045822102,166.716295493261,7.31580686792452,,4.13378454986523
291120242092334,Sarasin chips with Guérande salt,"buckwheat flour (60.9%), sunflower oil (38%), guerande salt (1.1%)",France,Cereals and Cereal Products,Biscuits,Biscuits,EUwest,0.680270929293621,0.203046377286303,2.38097853900985,91.132689619931,6.12084038884714,1.06749511499136,2.02000943482873,0.0088163704991241,0.0012993710833017,0.0351399641370634,21.1717957008078,0.127644380113484,0.0046452205942422,0.25258110702527,0.662984183941379,0.200498628523097,2.31207766741142,49.619978582444,5.87056099157296,1.05838697400232,1.52475968569817,0.697557674645864,0.205594126049508,2.44987941060828,132.645400657418,6.37111978612131,1.07660325598041,2.5152591839593,0.313267863614321,0.168170270720592,0.806437986107256,27.2650166718112,3.89938520173715,1.00029446632395,0.664600268108987,2.31341585393078,0.453099165698781,2.50753022257262,19757.066633452,20.7368756609746,,227.600125703788,0.32328300906005,0.150698191104649,1.23344082687052,0.439296671811168,1.14079346655848,1.03312901576055,0.197960268108987,0.499389499965362,0.157147630592574,0.615287365280195,0.322256671811168,0.956926204490134,1.28359812249576,0.197960268108987,0.464445172695154,0.171351898112698,0.782263637621133,6.56147667181117,2.1545197728669,0.998029031484568,0.936680268108987,0.40688300906005,0.160198191104649,2.18268082687052,0.439296671811168,1.25479346655848,1.10874901576055,0.197960268108987,1.1048519272425,0.21366296499273,3.73537505800276,18.4607892226778,16.2443125342951,,2.84434617516136,1.81675585393078,0.367599165698781,2.73439022257262,3.37387345202858,16.4535156609746,,0.57710570378841,1.0240887817044,0.222809366272917,7.53995593950517,8.17078756449509,13.7151065650047,,0.604960125409109
291120242224938,Crispbread sesame oil and seasalt,"potato thickness, sesame seeds (9,296), amarantol, rice flour, fiber made of cane, sugar, rice flour, water) emulgator (mono and diglycerides of food acids), hetet, thickening means hydroxypropylated rice stimulus, salt, salt 70 can traces of milkcontain",Germany,Cereals and Cereal Products,Biscuits,Biscuits,EUwest,0.04278486,0.0430958663333333,0.229168754666667,45.812895972,0.121947323333333,0.358738492753623,1.21991310533333,0.0002629986950225,0.0001142810624727,0.0026672630685535,5.49193933706248,0.0047031626068071,0.0014674376834083,0.0729840567543396,0.0422691839097905,0.0428717891322054,0.22393890441728,35.0445467041018,0.112725572234949,0.355861206510278,1.07680922783508,0.0433005360902095,0.0433199435344612,0.234398604916053,56.5812452398982,0.131169074431718,0.361615778996969,1.36301698283159,0.02858,0.035334,0.07326,9.654336,0.052234,0.232754,2.129868,0.122192,0.066867,0.361497,4051.350615,0.435456,1.098079,63.823886,0.035065,0.042378,0.081264,0.456821,0.06288,0.286835,0.070758,0.035181,0.042071,0.081671,1.899274,0.06065,0.28657,0.657748,0.035351,0.042462,0.081671,1.679022,0.061207,0.286929,0.581471,0.042058,0.034386,0.22512,0.456821,0.118824,0.314807,0.070758,0.043343,0.045459,0.367385,2.513187,0.084184,0.401814,1.098953,0.043173,0.045218,0.366842,20.074824,0.08676,0.401185,0.788669,0.040274,0.060873,0.431427,1.866153,0.08181,0.478699,1.233539
291120242180813,Pizza four cheeses,"wheat flour, tomato puree (20.6%), edam (11%) (milk, salt, lactic ferments, microbial coagulant), mozzarella (11%) (milk, salt, lactic ferments, microbial coagulant), water, fresh cream, emmental (4.4%) (milk, salt, lactic ferments, microbial coagulant), rapeseed oil, cream, blue cheese (0.8%) (milk, salt, lactic ferments, microbial coagulant, mold crops), sugar, salt, starch, yeast,aromatic plants, spices, dextrose, wheat starch, garlic",Belgium,Cereals and Cereal Products,"Pasta, rice and other miscellaneous cereals",Pizza,EUwest,0.331204095649544,0.376752565049736,2.11069982974708,1781.54361482839,2.17403720093178,,52.7328536605177,0.0021629448218073,0.0014618403350409,0.014299139893048,19.1731410632311,0.196640057139141,,0.541732122329716,0.326963090085037,0.373886253836976,2.08266271514173,1743.94977650279,1.78847416292737,,51.6706495200753,0.33544510121405,0.379618876262496,2.13873694435244,1819.137453154,2.55960023893618,,53.79505780096,0.258864041845209,0.298829775538852,1.04446475207302,286.39954836427,0.551858699361393,,11.8068556809599,3.34350964320902,1.86679939297822,2.82754897885572,3425.1414540309,347.582774385871,,162.430009426387,0.304943894291105,0.393638508328967,1.06735547437063,699.410993741257,0.937154057278427,,25.3994634118256,0.248422093697313,0.284920442481511,1.9184282047201,1111.87888494526,0.944595935972665,,36.7512883818256,0.327770393821907,0.279550331322435,2.06855867214115,1332.15442116508,1.79917088120005,,45.2410523818256,0.385916618723938,0.4043869207618,2.41077271985942,1101.24768994526,1.2964606665974,,47.4294533818256,0.336552144552741,0.375847253933938,2.9738130240186,1911.79264239907,1.53551484154266,,58.4982561018256,0.356858201821908,0.383207399322435,1.64275078214115,3298.72174521507,2.77126365520005,,76.8166297438256,0.428510437329409,0.391348942673186,2.78409199424001,2916.4768390069,5.57687406252006,,77.0852593408857
291120242108277,Tortilla Wraps,"wheat fabric flour , wheat flour , water, stabilizer (glycerin), rapeseed oil, dining salt, sugar, baking agent (sodium carbonates), acidic agents (apple acid), preservatives (potassium sorbat, calcium propionate), emulsifier (mono and dining acids),)",Switzerland,Cereals and Cereal Products,Bread,Other bread,EUwest,0.18817824009865,0.0968120930921254,1.07068182975836,202.73201193637,1.72274649444941,0.838303324894596,4.23616676613715,0.0018703554479876,0.0003670835781087,0.0151393106898818,18.9602927617687,0.0451312654659162,0.0067090342417679,0.276444700177572,0.184510930705203,0.0960923320137558,1.04099734579407,165.555517050042,1.63425512562465,0.825148550318319,3.69412634979786,0.191845549492096,0.0975318541704951,1.10036631372264,239.908506822698,1.81123786327418,0.851458099470873,4.77820718247645,0.112781653779337,0.0844766741455947,0.0965883887864823,2.56908375005006,0.425647414005664,0.516942130907764,0.156230401866702,0.312748264965413,0.110338835386125,0.568345664958222,14980.4323535693,1.12790783362833,1.30551026282748,236.056339740427,0.130819370659884,0.0756957127601245,0.320467759052229,0.205023976656314,0.277173698408705,0.739701292802718,0.154240401866702,0.118684603712906,0.0804004676492998,0.393214477088595,1.3728091921031,0.601511048241808,0.596651528287143,0.509110401866702,0.125906721661102,0.097458949916632,0.511800187174512,0.453976061437243,0.461495633786334,0.574309871025137,0.261414269587686,0.177922634836852,0.139454257089417,0.796650745485531,14.9190006966316,0.384037425642812,0.613796338905846,6.67160736027041,0.193068635172067,0.103820210202872,1.80085363344631,0.731916022826087,1.5835707285426,1.54546178221447,0.699309400265621,0.177687326983815,0.100217126518405,2.77804113092759,16.8674514566611,1.64945653430749,0.776416900904231,0.340180401866702,0.208735288268005,0.102731123292088,3.31197347114566,0.135611456661132,1.88710719070468,1.63244484105894,0.156230401866702
291120241984529,Coco sprouted cereal macaroons,"graised buckwheat (36.2%) , coconut (27.4%) , rice syrup, water, sunflower oil, sea salt, biological",France,Cereals and Cereal Products,Breakfast cereals,High fibre breakfast cereals,EUwest,0.311584572091325,0.186898077928562,1.72703119055622,1454.2906078738,3.99101789274353,1.17767583193978,97.6063017012446,0.0050148482744554,0.0014243702202763,0.0221129499878004,43.6241739824977,0.0577915381766299,0.0095878326013422,1.27236497630322,0.301751681662178,0.184105236442637,1.68367310624432,1368.75427669168,3.87770282685865,1.15887643816705,95.1115053059875,0.321417462520471,0.189690919414486,1.77038927486812,1539.82693905592,4.10433295862841,1.19647522571251,100.101098096502,0.128784182654048,0.110264317552966,0.709024384987843,106.862198502692,1.38402760260416,0.652265562193235,22.5881930598809,1.05070556845786,0.245189306623013,1.93886303574045,18259.1459884809,11.0345837425084,,239.103539551286,0.129573119396685,0.174170605003562,0.970294354159662,177.988562804028,1.6155576598954,0.814829226043744,31.0152309392484,0.152646786502348,0.121665581753371,0.833738341636953,562.629150108961,1.45901141876504,0.84351860391674,182.47708320494,0.149089473665097,0.15623999090109,0.830064497056723,976.901048963994,2.28067666110376,1.07687808971967,43.1371799915092,0.353184675604379,0.202149217405506,2.05081659854396,431.098282476827,4.26146518843989,,136.614825071266,1.05274199105246,0.2578628166466,1.6697547297459,564.373512661406,10.6762342957893,,182.702453726641,0.203739092160987,0.143838946516404,1.52637274763088,4100.22348161263,3.24828698830856,0.620278017620245,72.8732977614382,1.18126776907962,0.362131604264232,4.51480728372593,883.314545506094,13.729094260209,,28.5966549939549
291120242565484,Turron Imperial de Cacahuete,"peanut (38%), sugar, glucose and fructose syrup, egg white, wafer (potato starch, sunflower oil), wafer as coating on the surface",France,Cereals and Cereal Products,Biscuits,Biscuits,EUwest,0.416775273844097,0.27900094440315,0.809733856951891,1817.30239664389,4.68595250883915,1.5925913407467,69.4154974992022,0.0019158540182487,0.001525870345877,0.0058550538360174,37.8165883573579,0.0467134689180749,0.0114384558467078,1.21833938291617,0.413018752886995,0.276009086006054,0.798253528998686,1743.153319868,4.59435882617951,1.57016332760177,67.026632073552,0.420531794801199,0.281992802800246,0.821214184905095,1891.45147341978,4.7775461914988,1.61501935389162,71.8043629248524,0.329800747117696,0.127662862197854,0.441071017399953,160.186838447874,4.1975019354778,1.20189954443941,22.6638076136022,0.742592553442305,0.222433476467445,1.68656233291881,8699.68905340591,10.4661834331804,2.60845387661346,320.752635064497,0.521892916303837,0.153431977761103,0.574225924528935,158.724963974364,1.57683955848971,1.21577541802076,22.4874618503763,0.417181015112904,0.113976042566004,0.528146103521081,733.729463699917,3.27568285660999,1.15499953010656,49.5658071239144,0.398544169972169,0.313173429646069,0.563193970036282,743.886563221739,2.87178073619748,,51.1773662781989,0.367926537478626,0.422668169902513,0.715133864507616,731.033882863764,6.24406617716035,1.42233413437888,34.3226277423815,0.382558027264833,0.322248496049802,1.14377768986416,1593.50617769261,3.78975945935848,1.72408410125204,96.5051718860763,0.480810571061882,0.229207502148807,1.340882393058,3772.90688246631,2.78528481727609,3.15065248929735,68.5410416075188,0.726327306581033,0.231466539916609,1.03634506208895,7604.65159777124,9.67854314782803,1.87568809354613,271.717628111238
291120242183967,Belgian chocolate cork waffles,"wheat flour, sugar (18%), vegetable oils (palm, rapeseed), chocolate (13%) (sugar, cocoa paste, cocoa butter, butyric fat (milk), emulsifiers (lecithins (soy), e476)), glucose glucose syrup-fructose, eggs of hens raised on the ground, yeast, emulsifiers (mono-and diglycerides of fatty acids, stearroyl-2-sodium lact, lecithins (soy), salt, aroma",France,Cereals and Cereal Products,"Buns, cakes, pastries and fruit pies",Buns cakes and pastries,EUwest,0.496760614707737,0.218574571298996,0.953804301235176,194.638333221538,17.9091451711422,1.27817180910329,18.9493335207053,0.0018283765834243,0.0014357143092858,0.005553031117915,6.09575813653667,0.287340545908936,0.0047374230087532,0.376786302346844,0.493175615596277,0.215759486830205,0.942916165933011,182.686043030735,17.3457406673279,1.26888288173955,18.210547774175,0.500345613819197,0.221389655767788,0.96469243653734,206.590623412341,18.4725496749565,1.28746073646703,19.6881192672355,0.375890828469793,0.113034041255982,0.346589235276321,66.9553981473044,9.30030811617691,0.800410980524019,18.1993054619732,0.911073886322777,1.8630655365132,2.31958189535891,119.94228036223,399.437353476536,,19.5138823701871,0.393990319168747,0.163769719806181,0.773348070830743,54.8549078765104,11.6429023586831,1.20451770566252,2.61235093267076,0.442616356267157,0.16044283671451,0.74006010508018,76.90773060263,14.1665844948857,1.0053568715213,18.4398847121945,0.417938162702752,0.21017356624877,0.827217082407813,111.113876895087,15.3107782784958,1.1270440971819,19.2725197133446,0.382048703429363,0.307649202774951,1.00611970760652,55.5802244547751,18.3425375393556,1.44629754049772,2.61235093267076,0.562234340678364,0.220032718878433,1.14617418067752,173.921536790203,19.7686572406205,,37.2392210779675,0.849374767871479,0.251159220126142,0.839531686621919,76.479760598537,35.2271028376173,,20.9386407054245,0.506926254037358,0.206453093381372,1.26186781220614,871.488123322463,25.669052383064,1.49167183070645,62.8584241273048
291120242574404,Ravioli 5 formaggi,"durum wheat semolina, free-range egg (12%), milk, breadcrumbs (wheat), whey powder, whey, water, sunflower oil, milk protein, dietary fibre (bamboo, psyllium, pea), potato starch, salt, yeast extract, natural flavouring (milk), acidity, cream, rennet, acidity regulator (citric acid), blue mould culture, preservative (egg lysozyme)",France,Cereals and Cereal Products,"Pasta, rice and other miscellaneous cereals",Pasta,EUwest,0.202740621723259,0.173290812651957,0.740825094878381,472.996073519115,1.69873162823011,1.3053049661219,15.2032369154678,0.000669443534307,0.0002316588059095,0.0034161492456573,5.7702149768605,0.0123827216506773,0.002219388156985,0.10892411885914,0.201428006752459,0.172836586416029,0.734126862073759,461.682093810278,1.67445214088731,1.30095328898771,14.989663370025,0.204053236694059,0.173745038887884,0.747523327683003,484.310053227952,1.72301111557291,1.30965664325609,15.4168104609106,0.149613773821073,0.151172028406155,0.493988214905094,166.570824025422,1.23383840673915,1.0744805655707,6.57637246672564,0.179313293500569,0.155840815123197,0.63850007806311,5192.15971081726,1.16393271030557,1.64810058853949,71.1300699066169,0.171687606085248,0.172084690287332,0.564380530355511,307.890219870569,1.32648204947632,1.3680468854653,13.9608811232211,0.191568375544694,0.163312051650101,0.576862852121749,314.496376784778,1.45461339778045,1.20881258680851,11.3216262446692,0.170434807350999,0.168581332359846,0.54530770474782,445.757505192853,1.29280359022539,1.18618543560128,14.1209298690848,0.183393196785098,0.177830318578891,0.753674309131624,419.44610118539,1.67371605060763,1.25965620284556,14.0228180295098,0.221879661466866,0.155451622483057,0.770313699103798,582.161481718629,1.46244271931289,1.38902763208761,16.0455347548427,0.224246277374486,0.196792502839514,1.13795979841679,500.763639117053,2.34233352427971,1.49470352205205,16.5024189652264,0.255214801494891,0.142398519758445,0.61556313313966,997.991170573333,0.59557126540824,1.14743909325238,25.6631344475963
291120241926781,RIZ around dessert,superior quality round rice,France,Cereals and Cereal Products,"Pasta, rice and other miscellaneous cereals",Rice,EUwest,0.324919666666667,0.450814666666667,3.54298433333333,4312.857325,4.24894066666667,2.42149117952266,353.146817,0.0036158124327323,0.0058391535164309,0.100446692921957,203.228465647527,0.0768738181663068,0.0435040294048151,6.11177925171282,0.317829943205938,0.439365515349668,3.34603294589002,3914.37602996768,4.09820991878946,2.3361904224603,341.163113322395,0.332009390127395,0.462263817983665,3.73993572077664,4711.33862003232,4.39967141454388,2.50679193658501,365.130520677605,0.113,0.147,0.927,116.351,1.332,1.009,30.39,0.158,0.211,0.479,83239.739,0.293,1.76,1008.924,0.1,0.42,0.345,456.821,2.94,1.121,70.758,0.1,0.42,0.345,456.821,2.94,1.121,70.758,0.216,0.113,0.752,1899.274,0.71,0.856,657.748,0.282,0.443,0.835,1662.398,0.925,1.032,575.714,0.314,0.933,13.845,6.015,7.884,6.172,0.773,0.809,1.439,17.21,4180.819,13.682,8.887,647.577,0.216,0.263,0.209,19240.659,3.843,0.586,271.187
291120242039510,Guérande salt cake chips,"ble black flour (62%) , sunflower oil, guerande salt (2.4%)",France,Cereals and Cereal Products,"Pasta, rice and other miscellaneous cereals",Other cereals,EUwest,0.513358516,0.171875924,2.14343912933333,105.982659514667,3.89903471066667,1.06575818735205,2.54422989066667,0.0042734793816049,0.0006059999170385,0.0322400035326302,20.6798895052945,0.092082663488782,0.0045377301605992,0.256423434969341,0.504979268571004,0.170687706439229,2.08022437091553,65.4344561665823,3.71848313842444,1.05686080880253,2.04144627658163,0.521737763428996,0.173064141560771,2.20665388775114,146.530862862751,4.07958628290889,1.07465556590156,3.0470135047517,0.302036,0.161244,0.771596,39.898168,3.539756,1.019848,4.13038,0.77604,0.220248,1.192168,18521.198196,4.458516,2.692588,216.460396,0.320048,0.143868,1.22242,0.551344,0.638504,1.030548,0.237952,0.323768,0.148828,1.20692,0.551344,0.652764,0.935068,0.237952,0.460436,0.151024,0.818944,6.28686,1.395244,0.983932,0.930016,0.387336,0.337188,0.50066,0.515388,6.032124,2.198704,0.242224,0.394028,0.152768,2.527108,0.551344,0.541324,1.166492,0.237952,0.777864,0.171616,6.479004,7.114204,10.201792,0.785692,0.351516,0.789024,0.182156,6.502564,6.968504,10.200552,1.139092,0.351516
291120241992764,The Eiffel Tower,"galettes wheat flour, sugar, bereur pastry chef (20%) (i,e, in reconstituted butter (24%)), eggs , salt, lifting powders ammonium carbonate, sodium carbonate, diphosphate, malt (orge), white of efs , milk skimmed, stabilizing sorbitol, colors e150c, e160a, thickening gum arabic,palet wheat flour, bereur pastry chef (27%) (or in reconstituted butter (32%)), sugar, eggs , white of efs , salt, powder to lift diphosphate, sodium carbonate, malt (orge), coloring e160a",France,Cereals and Cereal Products,"Buns, cakes, pastries and fruit pies",Buns cakes and pastries,EUwest,0.147687190448465,0.120526521392335,0.501246656205598,282.745298488499,2.25426725282078,0.936759037372463,19.9670060842755,0.0005425296386504,0.0006756548003899,0.0046407193359231,5.0910135199695,0.0248183033767315,0.0033155246701633,0.33273948166856,0.146623422573654,0.119201727648524,0.492147341082748,272.763066649073,2.2056046324612,0.930258104739484,19.3145853756843,0.148750958323275,0.121851315136146,0.510345971328448,292.727530327926,2.30292987318036,0.943259970005443,20.6194267928668,0.110190068748919,0.0882431234354733,0.370304633281744,110.425725280333,3.05839358323714,0.820883270504624,4.48835679747702,0.122341387948225,0.191601976878236,0.450695365217413,3543.42597110881,3.69025644948122,1.25969827149578,46.4586046940748,0.119552978061438,0.0958644776366714,0.35919604165166,135.059039089857,3.18136733799619,0.846143425312571,5.25638394033416,0.155156928925519,0.0982337335660314,0.288054552475694,137.162409947,0.815894287273086,0.729789874865714,19.2023655593818,0.163605580791807,0.0963588377211876,0.33216900076645,164.148429851762,0.834810889337103,0.735897139896302,19.6760634641437,0.181434409391357,0.109296279143137,0.339701202719019,227.084408845165,1.05613968309865,0.820125343511153,21.4093010272015,0.138258191979816,0.205889252391954,0.469609986157997,209.939958845165,3.99746712047329,1.02972087938533,7.17561102720152,0.121075387948225,0.186974146486561,0.546266081090316,542.758583050302,4.08557875501194,1.23630058311073,34.9731403164677,0.142893454251914,0.107639715731909,0.82573985117547,889.288084232714,1.69765305228191,1.31234494912209,58.406226797477
291120242498589,Barre proteinee,"mixture of vegetable proteins (raw pea proteins , full rice proteins germinated agave, soluble tapioca fibers sunflower seeds , dark chocolate (cane sugar paste of cocoa bertre, vanilla) millet seeds ,cocoa feves, cocoa dough powder sunflower oil, raw quinoa bass, brown rice syrup , citrus pectin concentrates juice, natural vanilla paste, non -refined sea salt suspic",France,Cereals and Cereal Products,"Pasta, rice and other miscellaneous cereals",Pasta,EUwest,0.623434474931387,0.249778109608634,2.09138458601028,1294.86802765057,11.8843386320162,1.37025043459921,111.663728106297,0.0034145712867752,0.0019485252063819,0.0360323398918201,57.8395150086481,0.205885810725811,0.011940789220607,1.9215628404336,0.616739336118037,0.245957528445615,2.02073398390398,1181.45889093711,11.4806469334866,1.34683746861939,107.89601354573,0.630129613744737,0.253598690771654,2.16203518811658,1408.27716436404,12.2880303305457,1.39366340057902,115.431442666865,0.335010379564053,0.120542059795961,0.608255045701263,43.9801818345623,8.11852388954485,0.561599414154309,11.0226142683032,0.672023030408226,0.431198574940412,13.4147474166708,18840.8018665321,15.4065928008606,1.67060936097044,262.190858859523,0.476996248992502,0.201849316037405,0.79866452507406,123.68465678781,12.9106200051157,0.824343701698989,22.8046315502354,0.495421172797692,0.228655973750208,0.78621774332023,194.677050010078,8.86325278183048,1.28289963942318,26.1946424871559,0.548902604266623,0.266306267674913,0.552053392060896,455.937634311517,12.5526420463477,,155.008238231376,0.595419723655822,0.310346753042658,1.01638957502712,710.754225920145,9.99625590902267,,318.50862307328,0.604964827515853,0.375002168712992,5.00018310599655,9.29985190430475,11.4088351308252,2.25509009407604,1.09373588898051,0.493563436927906,0.173293850095753,1.06356107666106,4946.22957896173,12.5865480178833,,70.803856213531,0.553735165519856,0.190764194723406,1.59775778226904,5410.40365501063,9.01041071581637,1.13332894724645,80.6356007039281
291120241903323,Oatmeal cookies,"wheat flour (45.2%) , oat sound (35.7%) , red cane sugar, rapeseed oil, natural aromas, lifting powders (citric acid, sodium carbonates, ammonium carbonates), emulsifying lecithins ofrapeseed, sea salt, milk proteins, cinnamon",Switzerland,Cereals and Cereal Products,Biscuits,Biscuits,EUwest,0.293041849144337,0.144847343478033,1.4711018870739,222.58095057121,2.4026029228164,1.04021214534204,5.65988538024159,0.0017042785462065,0.0004717036012446,0.0123136630046175,15.2446820357633,0.0383383683297,0.0051655803473945,0.254925297413683,0.289700175919455,0.143922448132804,1.4469578068387,192.689859179993,2.32743076318429,1.0300837061991,5.16003924733771,0.296383522369219,0.145772238823261,1.49524596730911,252.472041962426,2.47777508244851,1.05034058448497,6.15973151314546,0.198603179303368,0.109910741047627,0.394859851259435,10.816316775939,0.971881268799786,0.687472383813772,2.6850197625877,0.344315274550321,0.159069549884897,1.48781152299803,10361.7006404029,1.84095820091947,1.42228515244175,163.398169762588,0.306188864759202,0.132523518753642,0.528124663860103,0.672014528793656,1.01244378090172,0.832729991130605,0.176628059546099,0.314528792810182,0.131534865040578,0.720362737429217,0.743426323861457,1.26235487353482,0.675546864854783,0.17605501433883,0.271106442323372,0.148978922779419,1.06085497411685,11.1894788174217,1.38927586734833,0.785778507671533,4.68876746397998,0.24785843370332,0.128606966832811,1.69906175310303,0.304604775938953,1.6342994782823,0.74531041167009,0.166023762587698,0.275378265341805,0.168330996023459,2.05454531557754,0.982223167496096,2.07364880880798,0.899530255935922,0.184053962249256,0.395627643674467,0.179407913319095,2.58408500711389,1.32048349350553,2.55750999058915,1.60064544239286,0.184551394915973,0.315260827550819,0.122025731951146,1.1675128652269,2064.16614705057,2.92547120826217,0.755094208266353,26.392872547847
291120242308699,Cream delights,"wheat flour, sugar, sunflower oil, pasteurized eggs, pastry cream (18%) (pasteurized eggs, corn starch, sugar and coloring (caroten) l, invert sugar (water, sugar and citric acid), geeures (carraghenanes and gumxanthan), lifting powders (e-450i5 esooii), powdered milk, humouts (sorbitol and glycerin), preservatives (sorbic acid, potassium sorbate), acidifying (citric acid), salt, aroma (vanilla, butter and lemon)and dyes (caroten)",France,Cereals and Cereal Products,"Buns, cakes, pastries and fruit pies",Buns cakes and pastries,EUwest,0.370127097495156,0.220818555451529,1.43632357368393,508.774799407158,4.24762808190528,1.63723588581522,24.8530398144372,0.0019333561536612,0.0006590683179604,0.0140936541971608,8.7089543674156,0.0443223249441269,0.0037633142445692,0.296201867461442,0.366336259132947,0.219526283741369,1.40868936624981,491.698670806532,4.16072284751153,1.62985694739234,24.2722604272537,0.373917935857366,0.22211082716169,1.46395778111806,525.850928007785,4.33453331629902,1.6446148242381,25.4338192016208,0.269142180479495,0.16929422508029,0.937557903052397,200.040837907688,3.43184919966534,1.41217945489195,7.96413790337804,0.516346333056687,0.226549588919905,1.11263301566599,8196.83456849308,4.9365952589137,,125.958141307611,0.296598299323522,0.183947474722747,0.921149257713456,282.212256403963,1.64987407126531,1.41750384689911,21.8177700210805,0.328748831606648,0.215000493075602,0.745608324804613,276.767278914954,2.02584818771716,1.45168585788628,21.9404072580424,0.269867703527333,0.202571000628029,1.35200780851335,281.443892583005,4.28481163730093,1.60336972045235,12.2644950976795,0.34046611599714,0.286960638668627,0.880676540272982,417.773208378858,4.70089206661786,1.71340425094352,14.3900299962116,0.567791419093192,0.20559815677338,1.91006621077214,363.426235154144,9.62184156358659,1.40823837206428,12.0052701156921,0.442018494919755,0.200091765710248,3.34175648241109,455.215420415801,7.64868784837436,1.5978380918832,13.8670427627573,0.463000332542768,0.297731945064054,3.36179385644451,417.575467975077,8.41686189532561,1.71515653937898,15.8387781349471
291120242039871,Ravioli with summer truffles,"paste (55%) (durum wheat flour), eggs ,farce (19%) ricotta (45%) (whey, cream of milk, salt), edamer (milk, lactic ferments, salt, rennet), butter, latiere preparation (milk proteins, vegety fats (palm) water, salt), breadcrumbs (tender wheattype and quot, 0 and quot, water, salt, yeast), powdered milk, dirt flakes (potatoes apples, emulsifier mono and acid diglycerides e471), grana padano (milk, rewarding salt, conservative egg lisozima), summer truffle (4%) (tuber aestivum, truffle juice, salt powder, salt, vegetal fiber, spices, aromas (contribution of taste enhancer monosodic glutamate, guanylateof sodium and inosidate",France,Cereals and Cereal Products,"Pasta, rice and other miscellaneous cereals",Pasta,EUwest,0.314923183941895,0.321323344279406,1.14683197480649,1157.42565104186,2.34992674531576,2.45739099217034,36.2401985768428,0.00078421634137,0.0003834344034055,0.0032547243409748,9.5985714746511,0.0121874154435373,0.0044530222216793,0.185882150018967,0.313385527579146,0.320571523233362,1.14045025674237,1138.60520096617,2.32603020565748,2.44865970516264,35.8757291624478,0.316460840304644,0.32207516532545,1.1532136928706,1176.24610111756,2.37382328497404,2.46612227917803,36.6046679912378,0.262979209335649,0.267936586492782,0.888950444951578,314.17923964541,2.03878287216248,2.05550994170302,12.1843489771526,0.295930323738376,0.363148966498403,1.3691063870322,7880.25696477045,3.95619508343961,3.69791735964306,125.616925770921,0.286167474072468,0.303154588355006,1.04178453157649,794.830539461641,2.26960792803295,2.25162947143675,27.8308536303563,0.292023311402982,0.295256997875291,1.05538525654014,839.857933240946,2.40397167886155,2.18861368549781,28.5353021821734,0.323642499675625,0.305519870280078,1.06222231574878,817.334211883009,2.46697067321338,2.37264056733025,28.1665517108705,0.333747888593822,0.32811891943668,1.09992562468389,1003.33399946402,2.93388478453676,2.39297083444166,32.802218473854,0.337253356504079,0.320015418121096,1.06665960275925,1350.12314877065,2.22166118928312,2.40120986656825,38.4453539515721,0.343881816431724,0.307612670869681,1.16593587861987,1665.30377473357,2.10587344681875,2.57170910827789,43.4465510832988,0.392969028783186,0.271426675600149,1.11053908257635,2135.85383365501,0.93011893507934,2.10523674475194,56.4645700131014
291120242010867,The brioche rolled,"brioche with chocolate fodder yellow powder powder powder sugar (40%), chocolate powder sugar (6.5%), cocoa brown), egg pastry butter (3.5%) , invert sugar syrup rice flour, water, whitesfresh eggs icing sugar (1.8%) (sugar, potato starch), transformed starch, aromas, egg planch powder (0.5%) , lean powder, palm grease, ois proteins, powdered lactrum, whole cocoa powder, whole cocoa powder,maltodextrine, thickened aroten), milk (colored beta (anthane gum), natural aroma), wheat flour (1%) , butter, fresh eggs (4.5%) , sugar, rapeseed oil, sugar syrup nverte, yeast, flourthermisted blot, wheat gluten, salt, natural aroma (contains aroma, milk, alcohol), storage proteins (e471), disabled coloring (beta carotene),intolerant this product is",France,Cereals and Cereal Products,"Buns, cakes, pastries and fruit pies",Buns cakes and pastries,EUwest,5.33651832523572,0.0260806790548689,1.43484267831653,477.060488823191,102.466865568374,2.2679559588165,37.0398435982849,0.0145189912592022,0.0030749665877094,0.0111432747161105,16.6798534573158,0.758667970307919,0.0088505371961248,0.53515278166258,5.30805013589475,0.0200514219616389,1.41299344314355,444.355377433194,100.979303310082,2.25060222093137,35.9905399350524,5.3649865145767,0.0321099361480989,1.45669191348951,509.765600213188,103.954427826666,2.28530969670163,38.0891472615173,4.20448099934246,-0.0176004223058688,0.392567117422143,92.8725792850395,83.8948081096838,1.3628440237766,5.83187417074659,7.1162378245101,4.2052390241415,4.46120841553428,302.108726912726,1088.62331323298,4.26243409441248,67.108551322358,4.37634867151501,0.0015352023742345,1.21515850474537,118.523509766695,78.4922569918729,2.00815452177883,7.3222936556168,4.38731320618362,0.0599137246014202,1.15136858352849,134.488599463736,78.3455091969788,2.13266987071709,32.3826501339156,4.38945882355996,0.0849482438529453,2.34853325904397,81.2545901829365,79.1928005213061,2.52394078008305,3.51148568135919,5.08503025211269,0.0569490219306981,3.02899536562926,213.876918313118,87.9495376233691,3.00476832664349,8.0492475657824,6.15561774972528,-0.0168760386909402,1.56234170461388,236.512504245479,111.273543274562,2.50319314916501,15.3723743787876,6.21697390072617,0.0544480046037354,2.64224189206197,74.203736243699,112.886699562854,2.9726218761845,3.29671210087751,6.16017664257098,-0.0071585653896637,1.43030163736103,1760.38096725105,111.557795185035,2.3525551310061,29.4032324055976
291120241943933,Crozet sarrasin,"organic buckwheat white semolina, organic buckwheat flour (40%)",France,Cereals and Cereal Products,"Pasta, rice and other miscellaneous cereals",Other cereals,EUwest,0.409708599839841,0.144801987309106,0.714444773259226,26.9395903568962,3.89244020203729,0.661930560595845,1.43105584227927,0.0132737963372995,0.0019613484679582,0.0138761475088109,5.94284485349493,0.141778225956088,0.002669718818444,0.117807210484368,0.383681933065433,0.140956262867742,0.687237043221247,15.2871256991941,3.6144477913464,0.656695895221798,1.2000647276813,0.435735266614249,0.148647711750471,0.741652503297204,38.5920550145983,4.17043261272818,0.667165225969892,1.66204695687723,0.115518181773025,0.0676910828249677,0.0484483240368944,0.164994347919168,0.530645436644276,0.494037827750882,0.145977451738895,2.58196363535432,0.464464968306702,2.76468016842794,5.12570353370867,26.4719140574296,,0.76854795367555,0.0872999999658736,0.101015923600336,0.310225558752372,14.1641301752148,0.407414979793236,0.751837453237585,3.86073698845515,0.1296272726766,0.0843535032126521,0.282875698408964,0.30702244960783,0.606092655124505,0.417166666696665,0.145977451738895,0.1296272726766,0.108305732519948,0.300067039196249,0.30702244960783,1.32787104525203,0.689965543120777,0.145977451738895,0.134918181765441,0.116636942713791,0.280531424665243,0.30702244960783,1.38571391275354,0.545597752848223,0.145977451738895,0.136681818128388,0.128092356730324,0.730631983459617,0.452072425800505,0.553279602188345,0.899017603060903,0.266625482628118,0.10405454541387,0.104140127423027,0.274280028015321,5758.27675425824,0.570883953167065,1.24025056188694,77.0800939003758,2.58196363535432,0.464464968306702,2.76468016842794,5.12570353370867,26.4719140574296,,0.76854795367555
291120242290753,Beef raviolini,"pates (55%) soft wheat flour (58%) , eggs (18.5%) , dr wheat semolina (45%) beef (28%) , prepared beef (beef, salt, dextrose, natural aromas, conservative e250, e251 break (soft wheat flour type ss, yeast, salt), wine (contains sulfites), onion gr cheese (9%) (milk, salt, rennet, preservative egg lysozyme), sunflower oil, garlic, aromatic plants nutmuscade e (0.04%), pepper (0.04%), salt, yeast extract",France,Cereals and Cereal Products,"Pasta, rice and other miscellaneous cereals",Pasta,EUwest,1.29568314412632,1.40935362929709,4.51809733570871,2390.67005085929,5.91438183966636,,76.3400943171158,0.0086722841622103,0.0041672630281526,0.0674869046277729,14.5072983460064,0.238988586507059,,0.377249744971483,1.27867891682561,1.40118264614811,4.3857720284831,2362.22478846005,5.44578369744328,,75.6003998729942,1.31268737142704,1.41752461244606,4.65042264293432,2419.11531325852,6.38297998188943,,77.0797887612375,0.975937741876056,1.23734549774789,3.72213622014507,1637.92155300076,5.18998817437465,,56.8655641136239,8.53745744892957,1.08594594095493,62.4084679623958,2070.38304473481,225.413243871,,245.282490843569,0.965496525876056,1.23330103374789,3.90550350014507,1650.28363882476,5.17263246237465,,59.8543268656239,0.991355405876056,1.25067460974789,3.81352746814507,1818.58469705676,5.65200229437465,,61.3718929536239,1.11556654259014,1.23588268210141,4.04807495625352,1930.32659037636,6.7867809106831,,63.3950493111394,1.1696795514493,1.39103236900986,4.1326187532169,2881.26967564746,4.6735949414,,85.583248190638,1.22780850497746,1.38238021473662,4.22114072928028,3217.10218683892,5.05603559225352,,87.6002054546789,1.67616768601831,1.87543853985352,5.47402608322394,2246.38770334124,5.09673086452113,,81.1163229803465,1.70087251801831,1.90847971585352,5.30091408322394,2427.04035277324,5.76331592852113,,85.6218606523465
291120242260884,Butter cookie,"white flour (wheat), butter (30%) (europe), sugar, wheat starch, glucose syrup, whole eggs in powder (floor eggs on the floor), kitchen salt, lifting powder (e 503), hazelnuts, hazelnuts, hazelnuts, hazelnuts, hazelnuts, hazelnutsalmonds",Switzerland,Cereals and Cereal Products,Biscuits,Biscuits,EUwest,0.268393042731791,0.178657090898748,1.16943981312161,811.025656768968,5.93269304888498,1.35592034619065,23.574166769053,0.0016931476606415,0.0008391138768852,0.0110846095633129,17.0359199852852,0.0452185296952958,0.0052402293924954,0.312337849359231,0.265073194449988,0.177011793901226,1.14770560595903,777.622386040264,5.84403057625828,1.34564553853546,22.9617486695327,0.271712891013594,0.18030238789627,1.19117402028419,844.428927497672,6.02135552151167,1.36619515384584,24.1865848685733,0.191581640741217,0.0980255746056149,0.448925793735627,102.971757924365,2.31789991306131,0.916729596926574,7.87892047055058,0.316128439588131,0.233832561675664,0.730925362684522,12265.4291257489,5.09238546072361,1.84798961577746,193.238242840804,0.219361818822801,0.15520163081662,0.531446785940263,406.775345882004,4.45765075469688,1.14356251456225,15.4318492888307,0.20118600298892,0.153801278958409,0.703072494692491,486.294167072271,4.43308391287827,1.11548508935972,21.3107360121163,0.174111149686669,0.139575706367638,0.748682990624792,867.212674066467,4.62468679003235,1.36423090612612,26.1051944827943,0.20768456441188,0.147551998246929,1.4786607115764,643.210931136814,4.96652993783882,1.1333768837905,19.7897361732417,0.257468537357959,0.202036298135523,2.26193188789838,283.698920165149,5.65661417831597,1.27696368454549,11.0235479746829,0.433875348616221,0.328576846500635,1.55086235803718,599.379413326119,6.99635003499518,1.91886826881288,14.8084051768743,0.336712954552649,0.104739550471591,2.41442469173736,1490.85209380759,6.66692433400602,1.27547801894251,47.5256278604133
291120241888421,Special paella rice,halflonger rice of superior quality,France,Cereals and Cereal Products,"Pasta, rice and other miscellaneous cereals",Rice,EUwest,0.324919666666667,0.450814666666667,3.54298433333333,4312.857325,4.24894066666667,2.42149117952266,353.146817,0.0036158124327323,0.0058391535164309,0.100446692921957,203.228465647527,0.0768738181663068,0.0435040294048151,6.11177925171282,0.317829943205938,0.439365515349668,3.34603294589002,3914.37602996768,4.09820991878946,2.3361904224603,341.163113322395,0.332009390127395,0.462263817983665,3.73993572077664,4711.33862003232,4.39967141454388,2.50679193658501,365.130520677605,0.113,0.147,0.927,116.351,1.332,1.009,30.39,0.158,0.211,0.479,83239.739,0.293,1.76,1008.924,0.1,0.42,0.345,456.821,2.94,1.121,70.758,0.1,0.42,0.345,456.821,2.94,1.121,70.758,0.216,0.113,0.752,1899.274,0.71,0.856,657.748,0.282,0.443,0.835,1662.398,0.925,1.032,575.714,0.314,0.933,13.845,6.015,7.884,6.172,0.773,0.809,1.439,17.21,4180.819,13.682,8.887,647.577,0.216,0.263,0.209,19240.659,3.843,0.586,271.187
291120242373951,ARN SCOTCH FINGER,"wheat flour, sugar, butter (cream (from milk), salt), vegetable oil (antioxidant (e307b from soy)), starch (wheat), condensed milk, salt, eggs, baking powder, contains wheat, gluten, egg, milk, soy",France,Cereals and Cereal Products,"Buns, cakes, pastries and fruit pies",Buns cakes and pastries,EUwest,0.158286386473141,0.132559144622726,0.544010864936668,281.489006732159,1.72369105117387,0.92979131019777,19.3137602147805,0.0005803268859267,0.0006414856774311,0.0046892400390654,5.90763968602133,0.0242990153678657,0.0033225439068727,0.326794028255201,0.157148507444683,0.131301348168509,0.53481641258704,269.905570793844,1.67604662753987,0.923276614559076,18.6729970855946,0.1594242655016,0.133816941076943,0.553205317286297,293.072442670473,1.77133547480786,0.936306005836464,19.9545233439664,0.128453065425933,0.0933764160238063,0.368693147005629,39.7809023654293,2.47692273826734,0.681212623842965,1.7442757743872,0.117506409971098,0.118819237972845,1.14960813564674,4885.75822885188,0.560347201766214,1.4472650895842,132.115996932411,0.14065964758541,0.115838403062943,0.382064966735371,125.666197260215,2.63335825360156,0.799413927769547,4.86499559278653,0.137252038009544,0.113145757894096,0.392340076694613,165.484058434227,2.72884507854497,0.755312700865437,5.56167163175445,0.176933286210437,0.120025045321171,0.351487303837341,154.882838831247,0.448958387763057,0.747937866936452,18.966918373286,0.198861977745689,0.113419477253972,0.362549116633996,245.272619189256,0.369618777987133,0.802066703727057,20.6246593761898,0.2050017323976,0.194843556392992,0.519788974283886,146.815599043966,3.50522193581647,0.931648775594026,5.17338669033614,0.187274985084654,0.136109150816453,0.620899274672445,547.812557881124,1.13056227004535,1.13118055073183,28.6016532335018,0.160700297604217,0.124815765904976,0.842808974688314,851.189863786345,1.28442538399596,1.23004618309122,55.9873044050821
291120242582454,Carrot Cake,"icing sugar mixture (sugar, maize starch), rehydrated carrot (13%), walnuts (10%), caster sugar, neufchatel cream cheese (milk, cream, milk solids, salt, vegetable gum (410), food acid (270), starter culture), bakers flour (wheat flour, thiamine, folic acid), sour cream (pasteurised cream, pectin, milk solids, sour cream cultures), canola oil, whole egg, unsalted butter, apple puree (apple, ascorbic acid (300)), natural flavour, natural vanilla flavour, sodium bicarbonate (500), baking powder (mineral salt (450, 500), wheat flour), salt, lemon juice (preservative (202), cinnamon ground, mixed spice (coriander, cinnamon, cassia, ginger, cloves), ginger",Switzerland,Cereals and Cereal Products,"Buns, cakes, pastries and fruit pies",Buns cakes and pastries,EUwest,0.381685721726671,0.242894926197044,1.45024387540979,1243.64572652075,9.86171700671631,,39.0569437891391,0.0018253002045287,0.0014202214594139,0.0079460751394547,18.2866042525941,0.0678771611115333,,0.425515051858557,0.378106754641494,0.240110219416048,1.4346635663133,1207.79016996228,9.72862650201431,,38.2226128878055,0.385264688811847,0.245679632978039,1.46582418450628,1279.50128307923,9.9948075114183,,39.8912746904727,0.237166321689039,0.115782954756052,0.77477707915439,186.218077166468,4.98110342007813,,22.8844387692416,0.406702133649351,0.337280311384831,1.5645430717121,6130.09855239341,11.3636505477311,,94.7466480930435,0.361910017972364,0.238277327771636,1.46074261408862,111.295705943032,5.89333877211668,,4.57848302810847,0.496915111777974,0.205356622391584,1.03228303623117,444.50961987899,18.8530083650967,,15.8002658521292,0.343279456443844,0.197177513078234,1.23612441495055,981.536501145419,8.52992573549538,,33.11241658655,0.31315974866774,0.192591286724883,2.02371622955273,907.739162202772,8.77516906538057,,32.9427731060305,0.334546574576,0.315576867246338,1.61166167925517,1217.95626895105,9.37232377284436,,40.1169286636808,0.313934613462338,0.185187335135481,0.829284885779636,3892.36577396999,7.25974552703501,,59.8051637192046,0.322390192151377,0.192157008355636,1.2219551382081,4045.42824123902,7.67712527230047,,61.6781087279117
291120242066341,Dinel Kususle Casao-Zimic,"dinkel full grain flour (30%) , corn grine, sugar, rice flour, strength, cocoa powder (2%) , glucose, cinnamon (0.8%) , salt, natural vanilla aroma",Germany,Cereals and Cereal Products,Biscuits,Biscuits,EUwest,0.28728875622,0.158298759497942,0.958480131086611,729.033270204258,5.25988175713494,1.07202855648161,51.5576575472611,0.0010879997423207,0.0008653143192013,0.011479669665523,24.0782098960532,0.0493227545772276,0.0054772039997975,0.66834240155289,0.285155454937951,0.156602089843784,0.935971307727217,681.821792073629,5.16317190373978,1.06128909960464,50.2472016283658,0.289422057502049,0.159995429152101,0.980988954446005,776.244748334886,5.3565916105301,1.08276801335859,52.8681134661564,0.209747208371313,0.0937649434083244,0.410557982768192,13.7076566227215,4.27798705625871,0.689153488227541,3.3481592536862,0.43845776037903,0.146062488339781,0.743579232929803,11180.231747578,4.41402861097691,1.46816432694969,132.735069293745,0.282659923830693,0.124519684478418,0.468947340868197,69.1601002675396,7.1271267874455,0.631165271807596,9.21994791883833,0.227447137353158,0.122868152597001,0.577595813202104,232.793733597634,3.22817564081538,0.960891783605879,80.4015086989142,0.335371133925629,0.123302203132152,0.489838474394784,276.129165812562,2.83822307963182,0.870487547191478,105.344665493721,0.250150129256717,0.128083932293224,0.748469519262837,686.150439969856,4.93611695643535,1.107220871498,120.273562314886,0.272895224630325,0.271268084774751,1.95742707591571,9.2713055233671,6.15305465193965,1.43141156481378,3.60165068651558,0.370787691821435,0.144072501076599,0.766584307064428,2007.11877006268,8.78985997811328,1.26657334517925,55.8343359679483,0.380747450824169,0.137610763922622,0.649840444509009,2825.32414105797,5.47749435807895,,153.172456933488
291120241897465,Blue tender to germinate,wheat,France,Cereals and Cereal Products,"Pasta, rice and other miscellaneous cereals",Other cereals,EUwest,0.151220333333333,0.100256666666667,0.480713666666667,62.7145133333333,0.369506333333333,0.711720976915356,2.53565733333333,0.000751976637215,0.0002138492618611,0.003410153996042,12.1482558838668,0.0106792393525377,0.0029145245393298,0.213842359502896,0.149745891141996,0.0998373605889643,0.474027189079618,38.8947559899743,0.348566957967778,0.706006307421911,2.11636478946662,0.152694775524671,0.100675972744369,0.487400144253715,86.5342706766924,0.390445708698888,0.717435646408802,2.95494987720005,0.137,0.096,0.267,0.508,0.225,0.529,0.219,0.118,0.099,0.351,10479.972,0.227,1.323,127.181,0.099,0.097,0.397,23.436,0.162,0.802,5.792,0.147,0.081,0.362,0.508,0.241,0.445,0.219,0.147,0.104,0.384,0.508,0.528,0.736,0.219,0.153,0.112,0.359,0.508,0.551,0.582,0.219,0.205,0.1,0.374,0.508,0.336,0.785,0.219,0.274,0.086,0.415,0.508,0.984,0.469,0.219,0.155,0.123,0.935,0.748,0.22,0.959,0.4
291120242283363,DIMA CREATIONS DIMA DAMA TORTONESI almond,"wheat flour, sugar, concentrated butter, almonds (16%), chocolate (8%) (cocoa paste, sugar, cocoa butter, emulsifiers soy lecithins, aromas), vanillin",Switzerland,Cereals and Cereal Products,Biscuits,Biscuits,EUwest,0.609091202810914,0.213115417980079,1.46520683918634,7189.84478853614,16.7009017938114,2.25781403601075,115.690570046416,0.0023857335760842,0.001594617241131,0.0118972606540307,76.3645947299146,0.0951450711889777,0.0136776182453254,1.01087595435934,0.6044133630114,0.209988763742435,1.44187922207497,7040.1125032205,16.5143455893814,2.23099557328217,113.708489641849,0.613769042610428,0.216242072217724,1.4885344562977,7339.57707385178,16.8874579982413,2.28463249873933,117.672650450982,0.437619185766334,0.114799182368412,0.472187172986222,820.218622392345,12.3238647011086,0.940851456937939,18.6309554778907,0.743513815055153,0.294743266872401,1.38372253760184,18383.1748810547,14.5462473393455,3.10758960693326,266.238291838626,0.612957951021535,0.152472782022837,0.806607695736366,896.094139372465,18.167962743532,1.57020057291878,21.8069422347923,0.582237284097457,0.138195437177304,1.49249512775257,902.581773202551,16.8952792126402,1.59249413407244,21.2592685643313,0.527889434264966,0.23671952281106,1.49602065089561,2285.36723398887,14.0514767680355,1.73179692142967,38.8964326515382,0.672008180836719,0.109352236207297,0.627027783698883,10440.9336991027,25.0833078323772,1.81559597370655,149.674826270264,0.775624882775858,0.238259704951163,1.68106618103081,10555.1040153217,14.5924625984678,3.11299388660654,145.591836503569,0.794467331681924,0.349078906322355,2.2301525050539,10462.0247400743,15.7192164580859,3.30461614565049,143.085008294247,0.847395069446982,0.106221504009006,0.777683514336017,13028.577271835,28.0698585127317,,186.790131253436
291120241878186,Dark chocolate Digestives,"fortified wheat flour (wheat flour, calcium carbonate, iron, niacin (b3), thiamin (b1)), plain chocolate (27%) (sugar, cocoa mass, cocoa butter, butter oil (from milk), emulsifier (soya lecithins), flavouring), palm oil, wholemeal wheat flour, sugar, demerara sugar, partially inverted sugar syrup, raising agents (sodium carbonates, ammonium carbonates), salt",France,Cereals and Cereal Products,Biscuits,Biscuits,EUwest,0.828217080562339,0.261138966068526,1.30823436601495,151.932261027238,29.5670504467196,1.53216410928316,20.2422341666083,0.0035866447898982,0.0026122549644717,0.0085717596790934,6.42203938150177,0.580246182967013,0.0076075123937426,0.453309969622579,0.821184547712446,0.256016973251818,1.29142724262922,139.340213149812,28.4293296570184,1.51724763889121,19.353404232422,0.835249613412232,0.266260958885235,1.32504148940068,164.524308904664,30.7047712364207,1.54708057967511,21.1310641007946,0.501764939978135,0.153344396598096,0.400152881776169,45.1602697012066,21.6214297021556,0.793944529801067,3.75222515038879,1.65837076191784,3.58649830226809,4.42594979128794,1067.68679694856,804.944963438306,3.62292912209648,75.0249116019943,0.48769839879876,0.241709906942638,1.16323893575151,58.045151718416,27.6548734248928,1.06386031729701,23.1500431888731,0.678281547170374,0.269746232339528,0.638322320365535,43.9462646234013,29.9092543512899,1.1904540757445,3.58360001727931,0.695910420188148,0.245907004452575,1.15257845846342,37.0068539857356,23.124190067575,1.35883171514741,20.9550345427584,0.682084473357344,0.372193661100179,1.33539039182252,22.1183381071013,27.0142547681578,1.75546094560852,1.45587026808894,0.547848881509265,0.223077177304198,1.20563877413512,1066.7129653015,28.3403240604277,1.46323596833619,74.5707267178634,1.20910957271031,0.232768903626793,1.76040641999658,112.45986986129,29.6791456649389,1.69942907351896,24.060105523886,1.50850674251244,0.329874523775984,1.15607870406404,23.8702908751111,67.1044767810705,2.45103646882223,2.76224486701006
291120241986543,Express Langkorn & Wildreis,"steam-colored lace-long grain rice (88%), steam-colored wild rice (10%), sunflower oil",Switzerland,Cereals and Cereal Products,"Pasta, rice and other miscellaneous cereals",Rice,EUwest,0.348955913333333,0.402427066666667,3.00462076,8849.72226793333,7.02606995333333,2.00545185694636,318.458332226667,0.0032724631660606,0.0052452289472403,0.092639542016224,220.629861605831,0.115832099434915,0.0409493488457142,5.05792828433199,0.342539413773576,0.392142456107915,2.82297728522294,8417.12109321417,6.7989515482316,1.92516020337913,308.540972439004,0.35537241289309,0.412711677225418,3.18626423477706,9282.3234426525,7.25318835843506,2.08574351051358,328.37569201433,0.13236,0.14926,0.9309,114.0311,1.33396,1.03892,29.78794,0.19342,0.2136,0.8208,81575.3262,0.85188,1.75344,988.75764,0.6087,0.36608,0.38164,0.01328,10.08796,0.99854,0.00574,0.63442,0.36844,0.67772,0.38198,10.63522,0.99492,0.01212,0.3968,0.1705,0.83714,2253.49302,18.0338,1.59046,780.38488,0.3618,0.92168,13.75736,6.35752,8.56226,6.07614,0.7676,0.2275,0.26534,0.30426,18855.85054,3.89162,0.61894,265.769,0.35172,0.26556,0.23934,18855.9631,20.95714,0.61438,265.76924,0.25026,0.26456,0.5562,18856.2278,4.33088,0.60292,265.77538
291120242250864,Delights with tomatoes and mozzarella,"water, crushed tomatoes (21%) , wheat flour (15%), sunflower oil, mozzarella (6%) (cheese) , dirty whole egg (outdoor spray eggs), corn starch, onion, tomato puree (3%) , small powdered, breadcrumbs (wheat flour, kitchen salt, yeast), basil (0.7%), iodine kitchen salt, sugar, spices, aromas (contains gluten)",Switzerland,Cereals and Cereal Products,"Pasta, rice and other miscellaneous cereals",Pizza,EUwest,0.266950967353464,0.150222564109351,1.06313170076217,436.455436341281,10.8172201185644,0.992124980990084,11.7837544125027,0.002358629619166,0.0004981254774788,0.0085781534465395,6.35529963184306,0.338948650191235,0.0028900221581018,0.103420170692342,0.262326271781649,0.149245861929753,1.04631204076291,423.994248783001,10.1526247497644,0.986458354670965,11.5809727627046,0.271575662925279,0.15119926628895,1.07995136076143,448.916623899561,11.4818154873643,0.997791607309204,11.9865360623008,0.148041254101318,0.0978968756882726,0.419549982825529,112.968378316617,1.19883589676316,0.755279121244235,5.52073730947757,0.263005974399985,0.203604683775635,1.68575342203326,3870.49034018824,3.43905441133781,1.10598957835614,66.4495412923587,0.150760192625875,0.161351250149326,0.732225391491782,101.856679927866,1.02584218411958,0.877285418178595,3.5848075545098,0.335115979285943,0.116026425160942,0.561051093596527,148.823422477755,29.6009266327216,0.785906727837364,4.14392194615552,0.154686119714792,0.183013147147783,0.986715756326208,199.357156735435,1.14916642008881,,8.94316988223835,0.290498522542632,0.136044850837155,1.23933651971566,298.241497938357,3.76677801408133,0.875604823266521,11.0901621504661,0.624399768079661,0.142071840303185,0.48135115185075,503.558270744249,62.6839557313156,1.0460857288984,12.6840746112603,0.610386643006855,0.184252587909663,0.857876515142308,386.955533623012,61.7732754067324,1.10927337714653,11.6654019461555,0.230784495861359,0.135066887349112,2.02928124456359,652.068437959967,2.97799806288937,0.822343834525233,13.2642920192308
291120242165703,Crunchy almond granola,"oats (48%), raw cane sugar, spelt (wheat) flakes, sunflower oil, barley flakes, roasted almonds (5%), rice flour, puffed wheat, wheat flour, rye flour",Belgium,Cereals and Cereal Products,Breakfast cereals,High fibre breakfast cereals,EUwest,0.405287234068389,0.178626366220604,1.7360955094985,2478.09197995543,4.59531577669781,1.26246713151133,55.0908370560862,0.0017123758100237,0.0008101678764277,0.0127133035352332,26.6871727029187,0.0474655245340063,0.0052173249814177,0.513992899518011,0.401929684090407,0.177037825247449,1.71116783196712,2425.76496412363,4.50224749698888,1.252237233802,54.0830227443225,0.408644784046372,0.180214907193759,1.76102318702988,2530.41899578723,4.68838405640673,1.27269702922067,56.0986513678499,0.307133711176499,0.133124243137506,0.536039989149094,248.470121712739,2.67247026310444,0.765261741232941,5.67287876452022,0.677088121280595,0.372972199881498,1.91296919557991,8301.42246981133,10.415829891388,2.05074368255744,133.995341546324,0.273298606778661,0.149812801648725,1.682553928477,481.474768292591,4.11019929659795,1.08429338425562,31.2112315422696,0.335986235788361,0.201157737102956,1.852419495805,249.903335307895,4.28011404142199,1.2815053286147,5.76423050045184,0.469557278952655,0.159202044603365,2.40164012235031,541.714128693188,2.50696829753707,1.02482574653426,86.8199129360779,0.394480100190455,0.175004171700875,0.930335696958849,3238.23050148574,2.9883547287783,,60.6695172837043,0.477060775946554,0.221672930351709,0.906546308041486,3859.93396904728,3.06754131644721,1.48975993523009,52.3845312978115,0.551059648805152,0.149481578060575,1.87941918863826,3947.66929908516,6.41199155088932,,79.6382356107596,0.427514128651789,0.162381386484328,2.91768773677037,4089.08021133532,4.58006126143787,1.67256675192865,111.744235059216
291120242289329,Panini Rolls gluten-free WHEAT-FREE LACTOSE-FREE,"water, maize starch, maize flour, apple fibre, rice flour, dextrose, thickener (hydroxypropyl methylcellulose), soya protein, sunflower oil, yeast, salt, acids (tartaric acid, citric acid)",Germany,Cereals and Cereal Products,Bread,"White bread (not high fibre, not multiseed bread)",EUwest,0.0566155606848812,0.0382973535225221,0.306756498282598,341.745023294701,0.531137598460199,0.21928620453368,21.7600919882969,0.000254854258362,0.0002927967697623,0.0049191381213435,13.0705114165565,0.0092881535888579,0.0021369556838871,0.321320107226224,0.0561158538421757,0.0377232506987644,0.297111272045268,316.116948509954,0.51292580190525,0.215096157309592,21.1300618788854,0.0571152675275867,0.0388714563462798,0.316401724519928,367.373098079448,0.549349395015148,0.223476251757768,22.3901220977083,0.0247687508274396,0.0224610734770502,0.100086458391558,17.3857404836059,0.205968383068053,0.163480835386641,5.31522481889632,0.0565277781941308,0.0248185732892319,0.231890577594815,5472.47899744021,0.739593667050481,0.199229331342683,67.6608357956865,0.041146540740861,0.0221403652799675,0.115151375071981,108.762609568988,0.164801905972151,0.183799252707165,36.27309784946,0.0362214494705477,0.0400466721795636,0.146404799683225,44.4042582025466,0.260339526806073,0.162001351335328,5.74039599506146,0.0493889016811794,0.0405914048730876,0.134272123869364,98.5108388845594,0.114500214001412,0.181774224158208,33.189028590555,0.0606373157558166,0.0379058433561641,0.267944273232414,88.4465235975877,0.4543112887681,0.153739773870177,30.5144786504074,0.0671988564323046,0.0678324839051156,0.902811071847249,9.84242145189159,0.895051030381629,0.423690660398316,1.72806037797878,0.0605226014847615,0.0317489154981563,0.180821786805799,1027.44032673929,0.664614262390636,0.12871676124774,15.562638269198,0.0517131875534823,0.0318741569277124,0.372648697803164,1019.7490119483,0.637267104095886,0.168465076705068,14.4500316067088
291120242101757,Vollkorn Spaghetti no 3,organic fully grain hard wheat semolina (100%),Germany,Cereals and Cereal Products,"Pasta, rice and other miscellaneous cereals",Pasta,EUwest,0.319782333333333,0.129105333333333,0.912466666666667,9.207974,1.16247866666667,1.52479095270733,3.62457733333333,0.0022929480707458,0.0003027554380156,0.016674218340295,0.33689857840147,0.0586832431559627,0.0152218561870766,0.122858536804756,0.315286423206957,0.128511703997826,0.879772604362342,8.54739832036661,1.04741518550039,1.49494461722034,3.38368180378363,0.32427824345971,0.129698962668841,0.945160728970991,9.86854967963339,1.27754214783294,1.55463728819432,3.86547286288304,0.204,0.084,0.25,0.688,0.253,,0.219,0.287,0.138,4.765,0.18,2.516,2.32,0.219,0.274,0.086,0.415,0.508,0.984,0.469,0.219,0.277,0.136,0.232,0.273,0.4,0.822,0.219,0.277,0.136,0.232,0.273,0.4,0.822,0.219,0.357,0.119,0.485,0.273,0.517,1.173,0.219,0.272,0.148,1.515,26.389,0.411,2.7,10.995,0.272,0.148,1.515,26.389,0.411,2.7,10.995,0.293,0.132,2.765,0.18,2.566,1.969,0.219
291120241991116,6 small organic wheat pancakes,"whole milk , whole eggs , blue flour (23%), cane sugar , black wheat flour , sunflower oil , guerande salt",France,Cereals and Cereal Products,Biscuits,Biscuits,EUwest,0.328345091659679,0.247543441974015,0.989963057821416,755.476714217099,3.83153276065637,1.91253763447365,29.2294851020037,0.0012029339358515,0.0005080955483841,0.0043084190376992,6.10293329770322,0.0303436397832469,0.0043874209156597,0.196091377344371,0.325986432546306,0.246547190924856,0.981515302275882,743.510355290873,3.77203630754732,1.90393497557568,28.8449978908254,0.330703750773053,0.248539693023174,0.99841081336695,767.443073143326,3.89102921376543,1.92114029337162,29.6139723131819,0.258864693614315,0.20976632443225,0.769386324241698,295.2481939459,3.54077709589833,1.61137722940816,11.6456194766394,0.767086868443214,0.268857801797695,1.83046153858611,2856.93919736064,8.19246323895379,3.29659505598952,89.4159723812969,0.280402379405428,0.229728755091867,0.775153383390924,487.301239432394,2.44127983928169,1.80371113829337,24.8724735948302,0.287850272088812,0.230575106533161,0.859720819404983,487.301239432394,2.45143605657721,1.81044809576607,24.8724735948302,0.329152336946221,0.235836570399777,0.886531151865669,545.048589812811,3.67959614332518,,32.6068967066597,0.303031079372014,0.206094116214853,0.871743170723548,887.857929327265,3.33290462434181,1.96411238175285,24.2270404549782,0.275076274632021,0.236660231212559,1.08993927505253,1013.69996688719,3.01691360380979,1.9937853192581,46.3791261218989,0.28576858380704,0.275980206314832,2.11503758268146,767.820121213904,4.81709538542473,2.09469728088088,32.024214237772,0.421973862395523,0.233129479871691,0.919113188936611,1504.44288787058,2.45240752661054,1.81575437962936,40.2964160409279
291120242288088,"Tortelloni Parmigiano Basilico, Paquet de 250 Grammes, Marque Antica Pasteria","durum wheat semolina, ricotta cheese (petit milk , creme , sel), eggs (outdoor hens), basil (11%) , chapelure (froment flour, water, salt), potato flakes, parmigiano reggiano 3, (5%) , sunflower oil, petit milk , spinach, virgin olive oil, salt",France,Cereals and Cereal Products,"Pasta, rice and other miscellaneous cereals",Pasta,EUwest,0.450823670034186,0.439024800724745,1.66282479486701,2434.08613939729,3.96989850432489,3.24076134271711,59.4718051957032,0.0007211760777246,0.0003863660435728,0.0048245798243408,10.8406603874687,0.01352733468686,0.0050079123273039,0.187415905478868,0.449409620203704,0.438267231449649,1.6533649743135,2412.83025687887,3.94337471088295,3.23094205198323,59.1043284621318,0.452237719864669,0.439782369999841,1.67228461542052,2455.34202191572,3.99642229776682,3.25058063345098,59.8392819292745,0.349799613528488,0.379575117498195,1.3258896681569,744.768159909189,3.68003681279254,2.71318408400885,28.2443852485004,0.44447146273566,0.372685047887542,2.03930020834046,5812.8582603221,3.62351859740873,3.34390869066204,119.510733692023,0.412216069009127,0.422950892981784,1.5295762132272,1633.04529649915,3.6109693027279,3.02267689162132,50.8891289885644,0.446249244669876,0.42881210793655,1.62694463522946,1762.50984151183,3.97872647817305,3.04315193566461,52.7290640908271,0.459851298749647,0.449596674699057,1.5448799959176,2010.36942971438,4.09752950087927,3.30705530108774,55.5123519152173,0.412526985181151,0.430026840319251,1.51977550260858,2574.33845254855,2.94006890163685,3.17927868906995,56.5429571301215,0.526680661827744,0.438604230573582,1.94967544604638,2476.29818236594,4.02915145961555,3.15536107540597,60.6277505668664,0.434596412461624,0.455770117340196,1.59650317424231,3211.91612269962,3.75446258394166,3.13453911442221,74.5146936708695,0.500345965722659,0.454995127316106,2.02323213107601,3228.02867396232,4.58222566363388,,75.0626153366056
291120241925218,Ungeful long grain rice fast cooking 10 min baking bag,long stake grain rice (100%),France,Cereals and Cereal Products,"Pasta, rice and other miscellaneous cereals",Rice,EUwest,0.324919666666667,0.450814666666667,3.54298433333333,4312.857325,4.24894066666667,2.42149117952266,353.146817,0.0036158124327323,0.0058391535164309,0.100446692921957,203.228465647527,0.0768738181663068,0.0435040294048151,6.11177925171282,0.317829943205938,0.439365515349668,3.34603294589002,3914.37602996768,4.09820991878946,2.3361904224603,341.163113322395,0.332009390127395,0.462263817983665,3.73993572077664,4711.33862003232,4.39967141454388,2.50679193658501,365.130520677605,0.113,0.147,0.927,116.351,1.332,1.009,30.39,0.158,0.211,0.479,83239.739,0.293,1.76,1008.924,0.1,0.42,0.345,456.821,2.94,1.121,70.758,0.1,0.42,0.345,456.821,2.94,1.121,70.758,0.216,0.113,0.752,1899.274,0.71,0.856,657.748,0.282,0.443,0.835,1662.398,0.925,1.032,575.714,0.314,0.933,13.845,6.015,7.884,6.172,0.773,0.809,1.439,17.21,4180.819,13.682,8.887,647.577,0.216,0.263,0.209,19240.659,3.843,0.586,271.187
291120242087938,Tortellini Basil and Parmesan,"durum wheat semolina, water, blanc cheese (5.5%) (milk, whole eggs, sunflower oil, ricotta (2%) (whey (milk, cream (milk, milk, salt, acidifying citric acid), potato flakes, fresh cream (milk), amonggiano reggiano (1.5%) (milk, salt, rennet), basil (1%), iodized salt (salt, potassium iodate), modified starch of but waxy, garlic, sugar, spices, aroma,coming from hens raised to the ground",France,Cereals and Cereal Products,"Pasta, rice and other miscellaneous cereals",Pasta,EUwest,0.204715145679012,0.176181340555556,0.719015077407407,463.188578002531,0.565414537037037,1.24289874300806,14.5064633419753,0.0008362424765032,0.0002280064258522,0.0032788322685608,9.32219347467383,0.0153415163338758,0.003234080888972,0.163991501635422,0.203075478795063,0.175734275743253,0.712586089596045,444.910037560403,0.535333577280715,1.23655750170227,14.1849161328392,0.206354812562962,0.176628405367858,0.72544406521877,481.467118444659,0.595495496793359,1.24923998431385,14.8280105511114,0.128758703703704,0.146107037037037,0.549204814814815,58.3099401851852,0.239486851851852,1.08107,6.51857037037037,0.180912962962963,0.174779444444444,0.610415,9145.11403,0.392264259259259,1.703715,119.78535962963,0.188942592592593,0.166694444444444,0.539756111111111,327.807128518519,0.523896666666667,1.03990074074074,10.8171438888889,0.172616666666667,0.163429259259259,0.667098333333333,327.807128518519,0.476551481481481,1.19581333333333,10.8171438888889,0.197105555555556,0.173224814814815,0.635262777777778,327.807128518519,0.771234444444444,1.20887407407407,10.8171438888889,0.183344074074074,0.164034259259259,0.933497037037037,303.905998518519,0.423163148148148,1.15698407407407,10.3845138888889,0.189075925925926,0.17804462962963,0.650413518518518,625.641006296296,0.378387222222222,1.306995,16.7312174074074,0.192341111111111,0.176412037037037,0.877343888888889,643.940736666667,0.384101296296296,1.28250611111111,21.2167655555556,0.168780925925926,0.17947462962963,1.47557851851852,582.472826296296,0.597452222222222,1.926075,18.7232074074074
291120242188440,Fruit pucks,"flour of wheat , fantasy with cocoa (22%) (sugar, vegetable fats (coconut, palm, palm, sunflower, sbea, rapeseed) in variable proportions, cocoa powder, stabilizing e492, emulsifier lecithin of  soya , aroma vanillin),vegetable fats (palm, coconut), rapeseed oil, sugar, apple and apricot pieces (6%) (sugar, apple and apricot concentrated puree, mummer e422, wheat fiber, palm grease, gelling e440i, acidity corrector e330), eggs , salt, lifting powder e500ii, e450i, acidity corrector e170, starch of wheat , aroma, coloring e160b",France,Cereals and Cereal Products,Biscuits,Biscuits,EUwest,0.436379286942439,0.228285870679684,1.08562942449777,807.04669019706,13.4813540182053,1.46267164348396,30.8955755218186,0.0016936238809627,0.0011079798099769,0.005988028233561,9.22702543595418,0.172118706843141,0.0049115753528879,0.407463430653607,0.433058504909108,0.2261133933737,1.07388836628727,788.954750993071,13.1438713482278,1.4530412459851,30.0966394327829,0.43970006897577,0.230458347985669,1.09737048270828,825.13862940105,13.8188366881827,1.47230204098281,31.6945116108543,0.345310071081061,0.164228434108018,0.758528318315727,76.3086433286137,12.6764841147346,1.06933650907144,9.99331861201788,0.728538891886048,0.329098419035823,1.06288253546466,6505.80324094964,20.2369529169041,1.68579327931567,90.0342161264237,0.393335413955301,0.179053091049551,1.08769035855127,309.175534474208,10.5955230941918,1.3372976127783,11.0548298594023,0.377677590013202,0.297599509721482,0.821907026753117,303.812265072905,12.8654819792454,1.48906062218961,9.64608382277824,0.36522452806462,0.317141976783011,1.17215537023506,331.514082976456,14.7136213844972,1.49344950584845,13.0383350768929,0.338742003057129,0.213576133607919,1.0896335179994,937.561418201883,14.1494861871457,1.38590487506389,17.6425799225442,0.60123062949084,0.175046731818472,0.920945773255064,929.682465672564,9.22101708500652,0.967396127543166,34.4487395364221,0.436960622542867,0.244974033386068,1.26436947044078,1276.07166360911,17.8648015119232,1.6120105148876,45.0580773523673,0.44263883633043,0.194921992148095,1.60154560492807,1526.44259142093,8.85448438970823,1.9511225485685,80.0557794180597
291120242578319,Mochi,"standing rice, red beans, sugar, starch, corn syrup, starch, salt, sorbitol, ester, flour",France,Cereals and Cereal Products,Biscuits,Biscuits,EUwest,0.295457157740773,0.280689507581896,2.02245830107336,2331.20808978299,3.31573040070937,1.49756546675141,180.447099107719,0.0019191474989238,0.0028088567321587,0.0468878760206994,107.722513742786,0.0412998473186917,0.0205149512481551,2.87732100583839,0.291694179073918,0.27518202680343,1.93052264875954,2119.99059796365,3.23475150539688,1.45734066696835,174.80537664046,0.299220136407627,0.286196988360362,2.11439395338719,2542.42558160232,3.39670929602186,1.53779026653446,186.088821574978,0.155039924513879,0.119766892205057,0.679166779002225,54.3626678073028,2.61481396583133,0.762820838486316,14.2667735666346,0.194161241147189,0.15870825651152,0.827762124905508,39273.6619560638,0.991385177585749,1.47611346517641,509.786140462457,0.168003100031906,0.233186807989337,0.542625126783324,219.541445616519,3.42519701986068,0.794067363106677,33.8414187166483,0.15843327802423,0.321775894294848,0.490499254074207,214.088144058956,3.82655003941908,0.989903816590931,33.1626040909296,0.212506219923998,0.178998066298173,0.676165312536916,883.538044492492,2.79325535912008,0.863357318009792,306.029124473806,0.261337245835151,0.31863811880077,0.851802708848977,780.347400356612,2.94770065015143,0.923146817156265,268.738933468579,0.25816440026432,0.560631369142172,6.77515329436631,3.84625323296285,6.12268588494391,3.34216802321009,0.610541001038043,0.202445750218854,0.17398970279499,0.348704980528224,8950.06820842423,3.77832337949555,0.571075735365329,126.441110237614,0.307540609461324,0.200428900682059,0.396877418518767,8957.40460427342,2.020220274328,0.554066705460802,137.227477523553
291120242100304,Cherry and cereal bananas bar,"banana flakes (29%) , apple juice concentrated with reduced acidity (14%) , flour of avoine complete (13%) , flakes of wheat molus (11%) , concentrate of grape juice , milk skimmed powder (6%) , concentrate of cherry juice (5%) , vegetable oil not hydrogenated (palm oil), azyme paper (ble , starch , carrot juice concentrate), aronia juice concentrate",France,Cereals and Cereal Products,Biscuits,Biscuits,EUwest,0.232640989389706,0.220566190312909,0.428164143172386,156.436977206511,18.8693315728047,0.661310573296533,5.61238744535948,0.0034380715695406,0.0002264770727031,0.0031959161300268,3.61821663270351,0.37798527382201,0.0016152771013847,0.100524366434261,0.22589977227192,0.220122124187928,0.421897733620701,149.342539697901,18.128194936577,0.658143410128003,5.41528375916376,0.239382206507491,0.221010256437889,0.43443055272407,163.531414715122,19.6104682090325,0.664477736465064,5.8094911315552,0.107089323529412,0.195136696078431,0.273843098039216,39.2254541102941,3.00037889460784,0.435258262254902,2.02789914705882,0.352445774509804,0.210204166666667,0.313745882352941,3400.74431516912,42.5875490808823,0.734778056372549,41.6523770392157,0.0966355882352941,0.201756696078431,0.402748225490196,80.6161740318627,4.33466933578431,0.548169213235294,4.37314254901961,0.0923974215686275,0.204249735294118,0.466570029411765,86.3920472867647,4.32768882598039,0.615231968137255,5.77697293137255,0.123307044117647,0.232415639705882,0.342959593137255,78.0326984509804,5.90551038235294,0.568276968137255,2.84824884313726,0.123429345588235,0.233555142156863,0.386571223039216,160.836002068627,6.69048861029412,0.78186862745098,4.01837727941176,0.355654259803922,0.233997286764706,0.529830553921569,119.684504509804,45.7202386960784,0.710559232843137,3.61179106862745,0.593315651960784,0.233089375,0.422340240196079,84.3869793137255,55.6859864215686,0.694837075980392,3.45712195098039,0.609162708333333,0.226768367647059,0.408740899509804,160.422863529412,56.5728564730392,0.774206588235294,3.53774669117647
291120241992353,"My Caramel Picot Sweet Cereals, 400 g - from 8 months","injeid (znts flour of cereals (65%) (wheat (46%), but (15%), rice (4%)), maltodextrin, sugar, caramel (2%), minerals (calcium carbonate, ferrous sulfate),vanillin, emulsifier (tuning lecithin), vitamins (c, a, bi, b12, 86)",France,Cereals and Cereal Products,Breakfast cereals,High fibre breakfast cereals,EUwest,0.29979571947493,0.114986862866382,0.563803932154419,56.8067218346344,3.38325056362746,0.580264355002205,8.64086286371594,0.0087232732224062,0.001333164120829,0.0093630220705244,3.91575373846327,0.0982668533637247,0.0024440652084889,0.205174414314456,0.282691515103215,0.112372854225093,0.545445336825801,49.1288868632444,3.19057330819297,0.575472141144176,8.23856603948403,0.316899923846644,0.117600871507671,0.582162527483036,64.4845568060243,3.57592781906196,0.585056568860235,9.04315968794784,0.0936761988608644,0.0506816609536271,0.080455596411462,0.293140133231443,1.6561391194726,0.416865973647341,0.193785708967773,1.71059515558445,0.315510142074785,2.11537006670694,427.252085418988,17.6575062447028,,31.1139577114352,0.119471146306815,0.0744603786966427,0.165748042712692,6.62602285243668,0.367805190091115,0.388681851469453,8.36691676042691,0.113164380671428,0.0689582533163684,0.250610798976523,0.385458399329073,1.75258581376316,0.44977058039128,0.193785708967773,0.135520237209633,0.071752735383644,0.231778419827492,6.62602285243668,0.441366228109339,0.420367769074728,8.36691676042691,0.0988348352224842,0.0770811832553645,0.584318166395164,0.385458399329073,1.63652284266774,0.608200168417654,0.193785708967773,0.110844701664356,0.0785913521873979,0.453944193303024,424.119942714322,0.818567297464696,0.692794399921225,30.7092868851763,1.69686574368871,0.308584686516754,1.84600629526564,3.51760110399462,18.5179637229831,,0.598456535226599,1.71922160022691,0.31137916858403,1.82717391611661,9.75816555710222,17.2067441373292,,8.77158758668573
291120242049742,Express Quinoa - Blanc & Rouge,"white quinoa (83%) , red quinoa (15%) , sunflower oil , guerande salt ,",France,Cereals and Cereal Products,"Pasta, rice and other miscellaneous cereals",Other cereals,EUwest,0.395769491841076,0.143012851329683,0.75432135063347,27.9076184850446,3.7507979425157,0.676277876032335,1.33075162973513,0.0123738333092527,0.0018308023725372,0.0131190822174964,5.14785457393922,0.136052928089713,0.0027856428528693,0.0990092300599093,0.371507432360999,0.139423095839316,0.728598040392422,17.8139352466978,3.48403144007033,0.670815911991166,1.13661875524474,0.420031551321153,0.146602606820049,0.780044660874519,38.0013017233913,4.01756444496106,0.681739840073505,1.52488450422552,0.124267418137564,0.0701728611684684,0.0950373575561565,0.173115260960785,0.53506532791139,0.511900671195864,0.147994302704117,2.56386436264724,0.462881268940568,2.74667616505938,899.149124663034,26.151386976281,,11.033892194602,0.141981527223068,0.0887896331483991,0.307094584440785,0.312302800615673,0.645226802022015,0.436343333362732,0.147994302704117,0.100397599966556,0.10326120512833,0.394544647577325,13.8922683717105,0.419459480197371,0.767967104172833,3.78845864868605,0.15753679994426,0.100015938884601,0.333897447577325,0.312302800615673,0.716700466995618,0.561287093671342,0.147994302704117,0.19210407265802,0.108180524874567,0.31628413751617,0.312302800615673,0.879364670038991,0.748702734134257,0.147994302704117,0.13582905449816,0.110405217869549,0.897672678454661,0.312302800615673,0.510650018267141,0.803796564849568,0.147994302704117,0.501565345271449,0.155889467565613,1.692106702652,1.79796784631395,5.28919960805355,,0.613356735141095,2.54527116264724,0.461298868940568,2.73926296505938,5.03461026303449,25.993731776281,,0.758113394602039
291120242250442,Milk and cinnamon rice - spelled cookies,"spelled flour (50%) , spelled flakes (25%) , sunflower oil, rice (8%) , sugar, whole milk powder (2.5%) , wheat fiber, table salt, barley malt extract, yeast, wheat germs, cinnamon, baking agent sodium carbonates, vitamins (b1, b2, niacin, b6, folic acid)",France,Cereals and Cereal Products,Biscuits,Biscuits,EUwest,0.210458528333333,0.123082463333333,0.979275385,426.428136875333,1.53618467133333,0.771714925724638,31.206216165,0.001105016999996,0.0004966474300833,0.0110851972379998,17.6083739693543,0.023088261742782,0.0039919082653667,0.493021764697065,0.208291860372779,0.122108659243028,0.957540025551152,391.902423952366,1.49091423930997,0.76388777035954,30.2395211173862,0.212625196293888,0.124056267423639,1.00101074444885,460.953849798301,1.5814551033567,0.779542081089735,32.1729112126138,0.145658,0.079469,0.510123,25.218967,0.581114,0.503265,3.148766,0.238064,0.096598,2.225523,6870.308661,3.316499,0.83089,131.242031,0.154725,0.118748,0.503653,56.340317,0.800825,0.624489,6.949206,0.186613,0.092106,0.411321,170.162262,0.622317,0.642004,55.131701,0.188768,0.129531,0.434061,149.928107,0.981417,0.688659,46.887256,0.16696,0.100712,1.00108,332.865932,0.59668,0.838916,22.98253,0.267752,0.106673,1.681356,203.558952,2.633559,0.594188,66.108036,0.464215,0.164569,2.131288,53.14804,7.22622,1.138895,2.915035,0.315649,0.126029,1.08634,1351.486967,3.84445,0.804186,25.95403
291120241946015,Milk chocolate mini-cookies,"bluen flour (gluten), butter (25.6%) (milk) , chocolate chocolate nugget (21.7%) (sugar, cocoa butter , whole powdered milk, cocoa paste), sugar , aromavanilla natural , guerande salt",France,Cereals and Cereal Products,Biscuits,Biscuits,EUwest,0.683116359911918,0.184955507500608,1.06280648007055,357.167152225425,17.5505080219084,1.44563721367369,21.7185215366354,0.0029156952909172,0.0020712534548562,0.006498589299011,5.08522122084753,0.471226916036895,0.006039108312762,0.319362712519021,0.67739939486107,0.180894286271576,1.05006433653518,347.196277667312,16.6265473397364,1.43379599992618,21.0923293993079,0.688833324962766,0.18901672872964,1.07554862360591,367.138026783537,18.4744687040805,1.45747842742119,22.3447136739629,0.440396335367591,0.146803615217362,0.497001670014133,75.8766828172588,14.2892357842417,1.02293054203826,2.91439129410631,1.35812525,2.925114,3.6143,1077.4946195,653.7610505,3.127784,61.3255755,0.57214175,0.13419125,0.4250285,357.33817975,20.45903525,0.891606,9.904931,0.527536434512769,0.147621931130364,1.02187021720411,200.544909955334,11.6309361643131,1.35723417350025,8.75683805877681,0.581368434512769,0.162430181130364,0.912933967204107,302.246259705334,9.62150516431307,1.34513042350025,22.6713490587768,0.744177,0.173577,1.0826125,191.262309,13.321372,1.50102675,20.66142425,0.73800275,0.2296365,0.96663875,388.332344,28.311731,1.15825425,10.5645025,0.94575375,0.17478225,1.49822325,293.3840035,15.92591275,1.88281575,11.9558075,1.28992125,0.2359315,0.8730665,180.49151275,42.820363,2.19551825,23.3911755
291120242108392,"Italian pasta with durum wheat semolina, tomatoes and spinach","durum wheat semolina, powdered spinach (0.4%), powdered tomatoes (0.4%),the product",Switzerland,Cereals and Cereal Products,"Pasta, rice and other miscellaneous cereals",Pasta,EUwest,0.242286544666667,0.126272249666667,1.426543902,323.438398026,2.24140402366667,1.05727557195167,6.188318058,0.0029177442451565,0.0005556561049211,0.023051062901273,32.9134114252096,0.0705027803842248,0.009760844290553,0.462489736601774,0.236565562117895,0.125182744003294,1.38134640780299,258.903251500827,2.10316532200953,1.03813694458903,5.28148884688021,0.248007527215438,0.12736175533004,1.47174139619701,387.973544551173,2.3796427253238,1.0764141993143,7.09514726911979,0.149861,0.094641,0.101926,4.454993,0.207838,0.452678,0.311005,0.439101,0.144112,0.642181,22723.797291,1.279826,1.797031,358.025098,0.175591,0.126393,0.095349,4.309936,0.263633,0.685536,0.276049,0.163711,0.091864,0.394655,5.09756,0.271246,0.580471,0.273913,0.13102,0.097878,0.672902,31.566827,0.216747,0.802949,5.999247,0.181597,0.122697,1.423249,5.469884,1.592835,,0.390801,0.191611,0.116451,2.693495,9.179052,1.678476,0.802425,0.329621,0.236997,0.134142,3.913529,3.759016,2.073442,1.002238,0.274453,0.284541,0.137314,4.723223,6.922372,2.49494,2.30256,0.288553
291120241983199,Organic cups,"complete oatmeal (64%) , cane sugar, coconut oil, chocolate (4.5%) (cocoa paste, cane sugar, cocoa butter, emulsifier sunflower lecithin), puffed rice bodies (rice flour), maltodextrin, rice syrup, cocoa powder, rice flour, sea salt",France,Cereals and Cereal Products,Biscuits,Biscuits,EUwest,0.530244997121837,0.22850099956092,1.44385140278146,475.797021144478,12.4778186193324,1.12460915654415,33.5947056186859,0.0023961455961672,0.000880706925669,0.012622807642424,17.2645716284362,0.1026607626031,0.0050912739313344,0.54703085076438,0.525546741898562,0.226774148771754,1.41910116555327,441.94542049022,12.2765259829847,1.11462641410176,32.5221119682802,0.534943252345113,0.230227850350087,1.46860164000965,509.648621798735,12.6791112556801,1.13459189898655,34.6672992690915,0.410710530156314,0.170317372010579,0.342538444835044,31.9609139685126,7.56838067524624,0.620756221081496,14.3535948651397,0.887130923431202,0.205419669732549,1.37887531072778,7128.58594242681,16.6407093695555,1.87726335252735,187.444374014851,0.458149918419744,0.245970605385354,0.646040191570124,1.38361410911509,8.76899017046508,0.999645572623042,0.319398877822075,0.462536534274289,0.21458577258438,0.809272129438019,116.05242000444,9.11171891951329,1.20137346330303,40.0913552403316,0.442384487770329,0.238260428396241,1.52089282113145,10.3311162263896,11.2181331190935,1.03893046567902,10.9603183200109,0.523270058729814,0.196423485141479,2.00313496025827,8.46175888825761,20.3395989714972,1.27286360681716,2.39955384189412,0.468773757204975,0.239167019064032,1.67364841217396,551.61780088618,11.8908556468892,1.49864265943193,39.9058050124434,0.381336290809706,0.153211110682065,2.56274068114978,1179.02780818261,6.40349126077128,1.28982008212036,70.0808447905172,0.903962291428849,0.243782520668951,0.936121182366371,2931.16521046182,22.2687735807736,,105.671892451623
291120242177248,Full rice cake,"full round rice (84.8%) , amaranth (5%) , millet (5%) , buckwheat (5%) , sailor salt",Belgium,Cereals and Cereal Products,"Pasta, rice and other miscellaneous cereals",Rice,EUwest,0.327712237382139,0.439053647159192,3.63029926756582,3990.78785554087,4.76391886112258,2.42055174025665,231.451992001983,0.0035619383138245,0.0051438195832409,0.0925695758134584,180.548416072331,0.0685861634680839,0.0402289855896796,5.02770282309561,0.320728147886626,0.42896787555032,3.448792979393,3636.77658835295,4.62943817627864,2.34167254277546,221.593896948215,0.334696326877651,0.449139418768064,3.81180555573864,4344.79912272879,4.89839954596651,2.49943093773785,241.310087055751,0.120975818177302,0.136575108282497,0.808390832403689,98.6949474347919,1.20475054366443,0.940735782775088,25.7962677451739,0.399830363535432,0.23097449683067,0.700610016842794,70587.8366423534,2.92320540574296,,855.655356795368,0.10246727272324,0.370940891722919,0.344814259786462,387.440310244961,2.56151895162066,1.05490462921834,60.0283317451739,0.117035454536078,0.371486433124572,0.339681717885284,387.425079997461,2.61803039262247,1.04659215730818,60.0283317451739,0.547219454536078,0.329238433124572,0.327605717885284,0.040871997460552,8.85300839262247,0.932162157308184,0.0255477451738895,0.228319090904713,0.730547031850341,0.626608569849297,502.702286244961,3.10206531254467,2.12643088389998,257.147627745174,0.666941636353088,0.665196891722919,11.7269684357622,0.175883434791917,10.8268503926225,6.2122989887709,0.0467477451738895,0.215403454536078,0.238350433124572,0.224353717885284,16316.1197039975,3.38377439262247,0.592912157308184,229.992123745174,0.244562545435862,0.243482598731185,0.336510561495102,16316.2415774129,3.77116942939322,,230.039049830116
291120242252238,Organic butter,"white flour (wheat (switzerland, europe, north america)), water, butter (7%) (switzerland), whole egg, skimmed milk powder, yeast, iodized kitchen salt, wheat gluten, powder of powder, sugar sugar, whole milk powder, acerola powder, cassava starch, wheat flakes, amylases, ethanol",Switzerland,Cereals and Cereal Products,Bread,"White bread (not high fibre, not multiseed bread)",EUwest,0.17939628729546,0.106701199917561,1.44977119941796,199.652986688718,1.9399014684219,1.25179496960518,6.59953000056778,0.0011642209471564,0.0001361860411057,0.011646622992661,1.4826455401521,0.0292968111936568,0.0045108465666338,0.0477451971087283,0.177113534880592,0.106434172413061,1.42693502143432,196.745881559369,1.88245759003819,1.24295030320554,6.50591335137033,0.181679039710327,0.10696822742206,1.4726073774016,202.560091818067,1.99734534680562,1.26063963600483,6.69314664976522,0.126311257359937,0.0791967831263213,0.248762660467319,95.446310997234,0.712966536858042,,3.64018633698798,0.26200627161183,0.114354744205867,2.30490209362337,558.491505664839,2.82948723224542,1.60890856774137,13.2175422672205,0.109135368745595,0.0949462302149401,0.626123608605312,153.96636997473,0.827696220079061,1.19704180040742,20.5963360390405,0.18832736026361,0.102534740242909,0.527219741306598,219.020440053881,0.983809682497577,0.950395192028938,7.44843232536007,0.16423817985377,0.105300244373238,1.18705453624471,167.32537799042,1.72680332806003,1.2213554357382,5.55853633698797,0.174824017063073,0.0946019653034707,1.31701757112844,285.609304502048,1.60849118852515,1.21031763341261,8.89267267419728,0.165661722569811,0.102831574252334,1.95056314915323,284.886964850885,1.47974320214169,1.3174129643554,8.83678866256937,0.163148039053691,0.118997162810518,2.19932518664663,179.49847799042,1.87038794154774,1.39146640495067,5.98559633698798,0.163583271611831,0.113107744205867,2.31852809362337,180.301425664839,1.80903323224542,1.51905256774137,6.44066226722053
291120242032415,6 Black Ble Galets Le Galloudec,"black wheat flour, coarse salt, water",France,Cereals and Cereal Products,Biscuits,Biscuits,EUwest,0.149663313333333,0.0977109,0.47441702,55.0890326933333,0.3882907,0.694320288881424,2.20371881333333,0.0009884903144341,0.0002141471735372,0.0035223745451844,10.4570171363676,0.0182556905223667,0.0031474365931504,0.18119554952017,0.147725125691324,0.0972910097903941,0.467510505374296,34.5853807201795,0.352495757702503,0.688148935839543,1.84843867579533,0.151601500975343,0.0981307902096059,0.481323534625704,75.5926846664872,0.424085642297497,0.700491641923305,2.55899895087134,0.13426,0.09408,0.26166,0.49784,0.2205,0.51842,0.21462,0.11564,0.09702,0.34398,10270.37256,0.22246,1.29654,124.63738,0.09702,0.09506,0.38906,22.96728,0.15876,0.78596,5.67616,0.14406,0.07938,0.35476,0.49784,0.23618,0.4361,0.21462,0.14406,0.10192,0.37632,0.49784,0.51744,0.72128,0.21462,0.14994,0.10976,0.35182,0.49784,0.53998,0.57036,0.21462,0.2009,0.098,0.36652,0.49784,0.32928,0.7693,0.21462,0.26852,0.08428,0.4067,0.49784,0.96432,0.45962,0.21462,0.1519,0.12054,0.9163,0.73304,0.2156,0.93982,0.392
291120242275684,Hanuta Brownie Style,"sugar, palm oil, weizen flour (14%), low -fat cocoa (12%), mager milk powder (10%), sussmolkenpulver , butter , cocoa, aromas, haselnuts , emulgator lecithine (soy ydrogen carbonate",Germany,Cereals and Cereal Products,Biscuits,Biscuits,EUwest,0.92688767192915,0.305652427168472,1.48506114218444,253.622991748153,33.5273201849121,1.83063493604566,17.4639603206651,0.0044480852160137,0.002876356290319,0.0102350715793291,5.3536383845115,0.643813873736736,0.0081469901837395,0.356216286496623,0.918166065181572,0.300012596272299,1.46499267114282,243.12581680862,32.2649587074046,1.81466068170738,16.7655073421293,0.935609278676727,0.311292258064645,1.50512961322606,264.120166687686,34.7896816624196,1.84660919038394,18.162413299201,0.566356508298276,0.168766372034973,0.382038298780192,25.5684157730098,24.759412719447,0.831209232080002,1.28421215571434,1.84597761658233,4.31108146266897,4.49236310863519,298.962593058838,939.234524139548,3.79614172133388,8.01083191859042,0.730348634840021,0.185434979711713,1.23496761519327,105.819571102372,21.0935644715144,1.60187649525881,4.81847941389255,0.87735902818416,0.283631285103973,0.604601159674393,41.2319067920896,43.5886981173982,0.831675329723527,20.5339418046752,0.736956458504447,0.30699216138912,1.14122775316926,289.077010043231,46.3837862309429,1.22795907440891,31.2673930027255,0.726921991560982,0.420335613135301,1.4991362674221,72.4023514596537,32.1944612573814,1.86062949827955,4.67947489286266,0.967052200173948,0.282363873004781,1.90419046268184,386.642570586089,30.1164109362673,2.03914955430718,33.9019621108972,0.965307279108224,0.299834413381535,1.62606322931016,1301.48162939839,37.4495202730993,1.77741709641603,16.6070309162437,1.7408004801545,0.373451839933926,1.27104808464662,51.9612400999417,65.6598861393703,,5.36208261382879
291120242055851,"Nature’s Finest Superfood Muesli: Goji, Bee pollen, Cacao, Coconut & Chia","oat flakes (40%), wheat flakes (18%) (wheat, barley malt extract), coconut chips (cocos nucifera) 1 buckwheat (8%) (70), sunflowerseeds (7%), white mulberry (7%) (morus alba), grapes sultanas (5%), goji berry (lycium (3%), cocoa nibs (2%) (theobroma cacao), chia seed (2%) (salvia hispanica), bee pollen (iz), gtown,contains sesame and naturally present sugars",France,Cereals and Cereal Products,Breakfast cereals,High fibre breakfast cereals,EUwest,0.246553644306512,0.192244962028759,0.739123816419619,151.834597981536,1.56521517939123,0.57236087911633,4.02851980517649,0.0016683980895414,0.0003743254686768,0.0070437209481792,7.88691843498938,0.0314867406731312,0.0023461458023379,0.219640543747271,0.243282323877892,0.191511001374937,0.725312803103478,136.370280707992,1.50347738513195,0.567760661254765,3.59785844071088,0.249824964735133,0.192978922682581,0.752934829735759,167.29891525508,1.62695297365051,0.576961096977895,4.4591811696421,0.189266478569038,0.18163445535276,0.306752593125326,0.776951325440095,0.552889782733642,0.418935859382946,0.184822400846501,0.441942357817817,0.19920444522348,0.405750370387853,3582.86799244179,7.18172314081366,1.12470546946936,73.3649367396121,0.208100258177472,0.184789284079616,0.304744189392416,0.787512249847685,0.651723826410891,0.411183454834694,0.191802342023285,0.177634832723949,0.209147454779685,0.360999510064045,0.767388249847685,0.718340736135424,0.60637342247591,0.184722342023285,0.183187539634721,0.208295074523411,0.382851074296457,104.910526233169,1.2035206394605,,1.71493502758163,0.182893525089181,0.170351461783534,1.17523534189556,0.932054965202532,0.453877981260961,0.571296996658393,0.268214753786699,0.204391050917881,0.176397767669259,1.28790432253306,1.06667984123077,1.34727190218404,,0.338596921304573,0.409390394853683,0.26697024007651,0.71368168145489,108.18417204677,3.44039106628358,,2.42869141020608,0.453076112723637,0.197799346499657,0.399147154197678,1781.20065097069,6.5418911556194,0.879046021128245,51.3265914852512
291120241914634,Les P'tits curious bars cookies choco hazelnuts,"wheat flour (35%) , red cane sugar , sunflower oil , full wheat flour (10%) , chocolate chips (7%) (cane sugar , cocoa paste , cocoa butter), hazelnuts (6%) , oatmeal (5%) , butter (milk), wheat syrup , egg , lifting powders (ammonium carbonates, sodium carbonates, calcium phosphates), acacia fibers, antioxidant extractsrosemary",France,Cereals and Cereal Products,Biscuits,Biscuits,EUwest,0.61253985595916,0.176529864682356,1.55875864530115,555.078593867564,13.3680226416406,1.34807874179364,25.6815323087504,0.0021227207858984,0.0011181493745646,0.0122898132812232,12.4666614527583,0.208314806037817,0.0043368719733679,0.354291700148944,0.608377719887022,0.174337447348512,1.53466132853795,530.634521111337,12.9595682776328,1.33957519700315,24.9868529731331,0.616701992031298,0.1787222820162,1.58285596206434,579.522666623792,13.7764770056485,1.35658228658414,26.3762116443677,0.434952057160632,0.140970826412281,0.794904164737117,79.7159353106462,7.18604353027831,1.08319067429084,8.33492774405847,0.71338386449613,0.154020247097394,1.58832701739834,7018.78562780632,15.5210701537162,1.16848232577486,100.337386791731,0.502877839802398,0.149673452935506,0.883757049013783,320.987729141012,14.9587267966382,,12.2405320093606,0.709759508390198,0.161571220727671,0.807131445443614,43.2186351593034,15.605668465205,1.05221919459907,14.4008263354587,0.571274119333751,0.163770319201944,1.09384503087645,325.267271728856,9.22911186135742,1.3151085078536,27.5398947964319,0.619784133398309,0.195621768628175,1.3639691218968,317.543201615256,16.7228516442168,1.72576968307556,26.6348026453788,0.544832532406374,0.128567138743567,2.75463159601658,622.124384218307,9.85606143965516,,11.5893362535388,0.795341394787371,0.0963039077760546,1.40020155607348,1559.49178693678,18.2422036638397,1.52995042740154,63.3264238283339,0.627472416861013,0.160555662005673,3.66192466367212,950.457446231143,11.3389189613591,1.77378937553473,59.0455168947225
291120242528493,Crunchy müsli,"full cereals (67%) (full barley, full oats, full rye), dates, sunflower oil, apple (4%), wheat flour, banana puree, carrot (3%), raspberry (1%), natural aromas, salt, barley malt extract",Germany,Cereals and Cereal Products,Breakfast cereals,High fibre breakfast cereals,EUwest,0.285818443670398,0.126635974895871,1.35669157804021,175.643701818307,4.50405539560371,0.803817750554275,9.9905148155014,0.0011870814668225,0.000211564823368,0.0088268304634953,4.53501883919256,0.0625419449390917,0.0018744733260052,0.10495076197389,0.283490867369996,0.126221148043095,1.33938432325718,166.751639506663,4.38142594439094,0.800142367009602,9.78473205070645,0.288146019970801,0.127050801748646,1.37399883282323,184.53576412995,4.62668484681648,0.807493134098948,10.1962975802964,0.202269696641387,0.120734539544962,0.538830317804262,43.5877681040088,0.678209454676779,0.699884839292163,8.10859694835682,0.315587580353918,0.12500605994944,1.0147973058866,3104.27909047671,6.5362038605995,1.04409755146262,42.6191290538101,0.270066749729144,0.136120386421091,0.604559386059949,34.3861147706754,1.73961128566269,0.714856247742867,6.93326028169016,0.262016363308053,0.149377872878295,0.693113651137595,33.2604281040087,5.80378278801011,0.787431505958829,6.71830028169016,0.277973633080534,0.129729891657638,0.662832033224991,349.851913947274,1.96706957385338,0.844290845070422,11.6831309064645,0.178758533766703,0.127019837486457,1.83810761646804,35.1609301155653,1.26081594438425,0.97503176959191,8.10918361502349,0.317805947995666,0.113221148429036,1.51112980859516,360.535637565909,3.33681461177321,0.875788779342723,13.1800109859155,0.383909804983748,0.12777569158541,1.58655950523655,351.105195388228,7.73349366919466,0.797269154929577,12.4084507331167,0.249454727338389,0.12573406283857,2.62699282773564,36.4373397869268,2.58095693391116,0.928366756951967,8.22387187432288
291120242289299,Crispybread dunkel,"corn flour, rice flour, teffmehl (20%) , buckwheat flour (10%) , pea fiber, salt, apple extract",Germany,Cereals and Cereal Products,Biscuits,Biscuits,EUwest,0.211687000615424,0.18333087582148,1.13398970445902,1500.87930143213,1.5702761635135,1.07440364136402,99.057852975315,0.0013581018148282,0.0013783321629134,0.023200268805096,56.029898951429,0.0226794296500353,0.0103737044077135,1.53287969125237,0.209024095257977,0.180628303701416,1.08849965399243,1391.01837902858,1.52580735119065,1.05406334526674,96.0522509669902,0.214349905972871,0.186033447941544,1.1794797549256,1610.74022383568,1.61474497583634,1.09474393746131,102.06345498364,0.121209178472405,0.0897083038809317,0.376874255542031,72.5836074939071,0.69390222378243,0.682955248736613,22.6637185434955,0.151316124991183,0.120344721354265,0.498096735250949,23407.7873523605,1.46958850648022,0.965894564269076,301.645675725805,0.172520630513953,0.130939999819532,0.62635459014696,34.1515866594599,0.904704993059694,0.667747415185714,9.78606885587847,0.290233484198348,0.159859987707412,0.321419449564861,39.2455706734961,3.26057365865444,0.793439411538116,9.56184883056197,0.163390007161314,0.0992726793034765,0.649055944579099,617.371174001691,0.482566499462207,0.942435138266854,210.215515178574,0.214867027554481,0.214390371833192,0.599229584251612,460.349530871487,0.606732038037135,0.759875645300786,153.621523077005,0.309992412378185,0.281417348532014,3.88047307736126,31.7976461608559,3.48745312417165,2.27267247550142,4.69179553100669,0.147266346691104,0.162924745036785,0.514282568405552,4862.67827998727,2.42022386707635,1.34619542521328,70.6760807767682,0.189170531631154,0.135695377835706,0.237984768592573,5639.12916120953,2.2301740299764,0.718739418231147,141.838176674409
291120242096392,Land bread wheat mixed bread,"wheat flour (60%) , water, natursauer dough (rye flour, water), yeast, salt, rapeseed oil, malt malt flour, wheat glue, wheat source flour, glucose",Switzerland,Cereals and Cereal Products,Bread,Other bread,EUwest,0.185462007521402,0.0956005496563515,1.13301297841356,201.583833005801,1.60002388381853,0.829015625139142,3.98417995924529,0.0020005895395912,0.0003507547811277,0.0147531835018658,21.6421946024287,0.0443678548851697,0.0064023012489423,0.317599693481677,0.181539340940102,0.0949128053535186,1.10408559538707,159.148784819813,1.51302937635071,0.816462278910124,3.36144467087311,0.189384674102702,0.0962882939591845,1.16194036144006,244.01888119179,1.68701839128636,0.841568971368161,4.60691524761746,0.119266106648967,0.0736885388160619,0.249953556489376,0.5499593926198,0.227551811175476,0.387885422608374,0.176656518299298,0.337294488367244,0.113644189340031,0.655737607951098,14800.6855672806,0.964417980315347,1.29342510731317,233.227451449854,0.128437454290783,0.0762031802371415,0.396244719424608,0.548549567161721,0.385676027161924,0.491987323857665,0.176656518299298,0.129283565661458,0.0718709814825967,0.486089394129839,0.358353355907394,0.269315130413069,0.481309593385526,0.169647281533712,0.112786376761961,0.0783046329943539,0.673050831400956,15.5031364881575,0.268807609989744,0.672628347334761,3.84011834675147,0.143929140895814,0.0923313374775387,1.16705356674362,0.129636225485086,1.16479253031727,0.722996752123235,0.155995471681309,0.161147613624809,0.0943574256096752,1.92640264428201,0.128226400027007,1.39166226552489,0.835862669131491,0.155995471681309,0.182845236468711,0.101629358748161,2.73838646934077,0.131985934581885,1.48545923437191,0.81195887729442,0.155995471681309,0.209777720236739,0.10326109621352,3.29745188781033,0.128226400027007,1.82367715708298,1.63196983961834,0.155995471681309
291120242121456,Tu-Nah pizza,"wheat flour, tomatoes (23.6%), vegan fishing set with arable bean protein and sea algae (9.1%) (water, rapeseed oil, textured arable bean protein (1.1%), sea algae sl 1 (1.1%),1 at (sea spaghetti, winging), tomato paste,branding, le haferhalmfaser, capers, lemon juice made of lemon juice concentrate, ca dye (calcium carbonate), natural aroma, salt, modified (b strength, coloring food (beetroot powder), spices (thickener flour, xanthan)), vegan covering with rice preparation (8.6%)rice preparation (4.0%) (water, germinated rice, apple cider vinegar, salt), water, coconut fat, sunflower oil, ve sp oil gu oli wi tomato slices, red onions (4.0%), olive oil, salt, sugar, sugar,hefe, in ll cr st citric juice, oregano extract, thickener (rubber arabicum, xanthan, johannisbrotkernmehle)), water, malt preparation (5.1%) (barley malt extract, wheat malt flour)",Germany,Cereals and Cereal Products,"Pasta, rice and other miscellaneous cereals",Pizza,EUwest,0.213954353597304,0.240030261060319,1.05243276108989,408.456797349885,1.67977715883729,1.00230983393698,50.2856456333955,0.0054486455045907,0.0023326081852915,0.0429864365194388,19.7448416315663,0.0580716234289968,0.0095452680940255,2.47727494189188,0.203270892941714,0.235456587153387,0.968146877030717,369.741994093925,1.56591291430399,0.983593898748383,45.428315613947,0.224637814252894,0.244603934967252,1.13671864514906,447.171600605846,1.79364140337058,1.02102576912559,55.1429756528441,0.0798176957021504,0.0968458357056576,0.186215404029286,6.89457632824963,0.121872540396979,0.34628770579024,2.33702714014329,0.393461029025568,0.976057159080768,32.1277180037756,11997.2685415744,16.7773408899425,2.18494463505462,272.754854885833,0.099789708327136,0.12706437711899,0.26263238382336,66.6033245719594,0.227232559334458,0.690422023951776,0.89742714014329,0.0922435858528768,0.153338167192191,0.292236402760838,66.8337715429041,0.222008320698432,0.46752117548135,0.992624377510867,0.20623283584544,0.174027476475141,0.230858945694714,50.5520966287719,0.485270871183501,0.463128013863686,1.16434314014329,0.143144050499942,0.160598457066125,1.12967606058803,33.6277185836028,1.41533001766903,0.954949633815923,16.9734035614549,0.319562050499942,0.381975457066125,0.881310060588032,73.9349765836028,10.304936017669,1.28954063381592,114.894432561455,0.93936969570215,0.436108450753632,0.643561404029286,680.94035932825,6.70647854039698,1.09104370579024,413.616838140143,0.199975184330739,0.218149370723135,0.897872800447885,5224.02592592502,0.584507895165024,0.599953515117261,86.4124409225819
291120241913095,Small chocolate and guerande salt squares,"wheat flour , butter (22.5%)  , red cane sugar, dark chocolate chips (10.5%) (cane sugar, cocoa paste, cocoa butter), dark chocolate (4%) (cocoa paste,cane sugar, cocoa butter, vanilla extract), lean cocoa powder, egg -powder yolk, guerande sailor salt, cocoa extract",France,Cereals and Cereal Products,Biscuits,Biscuits,EUwest,0.789348250949953,0.195503095740008,1.19107068060945,334.762469274942,20.5623700404334,1.58520586855987,21.8473230032735,0.0034166132220141,0.0024076224708923,0.0072705939335326,6.01153854627923,0.552306916724621,0.0068860297778062,0.340490276218174,0.782649108401222,0.190782337173568,1.17681482488049,322.975313093717,19.4794313156317,1.57170404904483,21.179704883041,0.796047393498684,0.200223854306449,1.2053265363384,346.549625456166,21.645308765235,1.59870768807491,22.514941123506,0.486275779413387,0.121231860422978,0.426099709297166,165.544031936905,17.5633786436016,0.806738631506767,5.98530989568087,1.57796356448911,3.41100352060302,4.17465827336684,1093.89292058325,766.549227105863,3.52207831088777,63.6320851721943,0.627805556791303,0.145559339566071,1.04063140836624,84.2032360241142,13.6375625204338,1.3438102840655,3.3874896446787,0.62444622345797,0.164845672899404,1.04320007503291,168.946011690781,13.6114598537671,1.46979895073216,6.68529731134536,0.660666351766177,0.15605481393793,1.02121668977328,322.959994697816,11.2053223716901,1.3160213363268,23.4435552470238,0.629327643223464,0.25234622834329,1.29451963885201,352.987486024114,14.0099702199313,1.66185857284272,10.2667666446787,0.82753054237856,0.269924834170854,1.37107886867672,205.486923823786,18.5697758603015,1.83710878860972,7.26876629380234,1.16557506633166,0.157251547738693,1.51045104958124,259.393168487772,17.640585518593,1.70967246331658,24.0945727507538,1.44961953400335,0.249504871356784,1.04330315577889,156.21238281608,52.6242670472362,2.47580232864322,7.53226774438861
291120242044723,Complete semolina butterfly of durum wheat 500 gr,"complete organic wheat semolina , water, biological ingredients",France,Cereals and Cereal Products,"Pasta, rice and other miscellaneous cereals",Pasta,EUwest,0.31434928162963,0.0910155866666666,0.430187459259259,2.00757541809876,1.93445950545679,0.569132003555555,0.665817860691358,0.0026363156357611,0.0002760482397872,0.0042711182751584,0.0938784987593674,0.0728934082412119,0.0080238827283065,0.0375581619673368,0.309180111723707,0.0904743236121465,0.421812841382287,1.82350265229733,1.79153336751283,0.553399132815349,0.592175494834328,0.319518451535552,0.0915568497211868,0.438562077136231,2.1916481839002,2.07738564340075,0.584864874295762,0.739460226548388,0.238461185185185,0.0748454814814815,0.361172962962963,0.442110518518518,0.856371555555555,0.408168962962963,0.190594888888889,0.848538888888889,0.0948622962962963,0.0504771851851852,7.5184897037037,17.2518834814815,0.409909555555555,0.191465185185185,0.238461185185185,0.0748454814814815,0.361172962962963,0.442110518518518,0.856371555555555,0.408168962962963,0.190594888888889,0.238461185185185,0.0748454814814815,0.361172962962963,0.442110518518518,0.856371555555555,0.408168962962963,0.190594888888889,0.238461185185185,0.0748454814814815,0.361172962962963,0.442110518518518,0.856371555555555,0.408168962962963,0.190594888888889,0.321139333333333,0.0948622962962963,0.476052074074074,0.442110518518518,1.15401288888889,0.429056074074074,0.190594888888889,0.321139333333333,0.0948622962962963,0.476052074074074,0.442110518518518,1.15401288888889,0.429056074074074,0.190594888888889,0.236720592592593,0.128803851851852,1.31849888888889,22.966248962963,0.357691777777778,2.3498,9.56890777777778,0.848538888888889,0.0948622962962963,0.0504771851851852,7.5184897037037,17.2518834814815,0.409909555555555,0.191465185185185
291120242111880,Cornflakes unsweetened,"corn (99.9%) , separation agent lecithin from biological agriculture",Germany,Cereals and Cereal Products,Breakfast cereals,Other breakfast cereals (not high fibre),EUwest,0.183144672,0.10023966,0.605471589,192.84729633,0.547713405,0.757039869,14.223065697,0.0009172776498111,0.0002427897484548,0.0072510780298335,17.0873334021255,0.0100718638457073,0.005089224417026,0.435535067173178,0.181346114968945,0.0997636087092686,0.591253999183031,159.343216470748,0.527964944390218,0.747061145153687,13.3690879973397,0.184943229031055,0.100715711290731,0.619689178816969,226.351376189252,0.567461865609783,0.767018592846314,15.0770433966603,0.065934,0.086913,0.077922,111.520368,0.217782,0.477522,38.62134,0.252747,0.073926,0.213786,11009.790189,4.13586,0.76923,147.208644,0.076923,0.088911,0.286713,108.276615,0.252747,0.7992,37.497465,0.174825,0.096903,0.360639,0.0,0.630369,0.501498,0.0,0.128871,0.078921,0.500499,91.187721,0.210789,0.814185,22.160817,0.274725,0.088911,0.473526,0.0,0.447552,0.956043,0.0,0.180819,0.112887,0.690309,79.36056,0.296703,0.680319,11.551437,0.158841,0.116883,1.740258,0.0,1.329669,1.016982,0.0,0.192807,0.11988,1.840158,0.0,1.611387,1.100898,0.0
291120242076778,Tier,"full grain flour (47%) , coconut riper (16%) , pipe -rip sugar , margarine (palm fat , water, sunflower oil , lemon juice concentrate), full grain flakes (4.7%) , barley malt extract , apricot , rice flour), baking powder , from ecological farming",Belgium,Cereals and Cereal Products,Biscuits,Biscuits,EUwest,0.193105983683793,0.15536693960981,0.933590496852321,639.227221949323,5.26663861544147,0.991114123737828,32.3675863840957,0.0013490118547098,0.0005713923018724,0.0067276078198546,16.854670298175,0.0415977569634183,0.0042988022610023,0.367531148712482,0.190460901514,0.15424657911456,0.920399304034014,606.179337508725,5.18507559220844,0.982685224338356,31.6469477292841,0.195751065853586,0.156487300105059,0.946781689670628,672.275106389922,5.3482016386745,0.999543023137301,33.0882250389074,0.178997015545156,0.0700677109411185,0.624151190945693,78.7818542678967,9.35819170414329,0.923238128360651,21.3423657714232,0.307387971893211,0.122156867815208,0.897836397387421,12435.4794574071,4.54400083689439,1.50492283452746,226.540456725406,0.164663677979724,0.145924959072712,0.615801255604857,100.482074503214,6.52236883933273,0.759902522170465,26.6128307491089,0.141784195013935,0.168200194989885,0.79732832465318,66.3068135347971,5.93793732693773,1.05901814932402,12.1926145592888,0.175432268274807,0.163112853077667,1.09805470190883,52.8907687630309,3.48032449299216,0.920000990116547,10.1742951952481,0.126528904087774,0.187484734995033,0.802983565822201,584.983797684721,7.13186230062577,1.09725712294046,38.837423697625,0.155108049186389,0.16723640318886,1.49704225409816,532.023679381368,5.98634048670898,1.21778744368093,46.7489920439326,0.237304226893062,0.178795056649874,0.783264405241436,1135.53651857339,3.90729696691049,0.874739655002326,26.3328202140603,0.1455550499983,0.135600651113987,1.54038665494399,2112.10405583097,2.58973763019224,1.06735704387075,78.4796356532957
291120241885175,Food solutions - Pain de mie nature,"wheat flour, water, rapeseed oil, sugar, yeast, aroma (contains alcohol), salt, wheat gluten, preservative e282, bean flour, emulsifier e471, e472e, agent for processing flour e300",France,Cereals and Cereal Products,"Buns, cakes, pastries and fruit pies",Buns cakes and pastries,EUwest,0.212369927448532,0.116912352773312,0.567270325717004,97.7740830809332,1.45677555819389,0.84788269989229,7.14477820495177,0.001541218031799,0.0003495106550471,0.0028642900934003,10.0538186146816,0.0434420119407384,0.0034006732943472,0.196160078745255,0.209347975994627,0.116227047897309,0.561654153680622,78.0610047538707,1.37159640220411,0.841214811641519,6.76015628713628,0.215391878902437,0.117597657649315,0.572886497753386,117.487161407996,1.54195471418367,0.854550588143061,7.52940012276726,0.151467280957418,0.08611376672957,0.359536966621366,0.416527872596567,1.24294655887327,0.588796253758162,0.19224354124188,0.540030290067502,0.125803683743847,0.48574110215951,6385.93425816321,6.49244201016111,0.960771425644193,97.9113218364513,0.157274794250344,0.104548074141393,0.457567277216857,0.619297839081134,0.989198359360924,0.799822237546647,0.19224354124188,0.172545821990217,0.108290656484876,0.457355842144696,9.22472617894528,0.368755516957569,0.760319721438705,6.83785364207611,0.199258094556372,0.111585319976401,0.468602486726013,4.63158112340674,0.31278972186496,0.903621511405485,5.72352207954291,0.228998878505333,0.119327804227363,0.462922967191894,4.639915459193,0.501076699652616,0.828166034856886,5.72352207954291,0.222150707637615,0.113586973079171,0.673026611684549,47.4810406898829,1.08853668505364,,13.6691985798405,0.199273402648799,0.111703707659828,0.667521815890371,287.184651896637,0.72382097030357,0.855624940739443,20.8440275000135,0.404378392788124,0.147959744097544,0.567634293703203,0.928317825693535,10.6090656567707,,0.19224354124188
291120242248977,Falafel couscous with vegetables,"vegetables (39%) (peppers, tomatoes, carrots, onions, celery), durum wheat semolina (26%) , falafel (23%) (chickpeas, zucchini, carrots, peppers, potatoes, onions, water, wheat flour, oilsunflowers, fine herbs, raisins, spices (contains mustard), kitchen salt, thickening e461, lifting powder sodium bicarbonate, spices extracts), water, apricots, olive oil, raisins, saltcuisine, garlic, rice starch, spices, ginger spices, herbs, spice extracts",Switzerland,Cereals and Cereal Products,"Pasta, rice and other miscellaneous cereals",Other cereals,EUwest,0.163016477252669,0.1046643171193,0.738716352209718,793.243474406258,2.09847788466601,,12.232229082472,0.0007741979997584,0.0002322811907565,0.0062599378837256,9.64718190513761,0.0185475099591516,,0.125495010663707,0.161498464406524,0.104208870538973,0.726442145706308,774.327711170419,2.06211075585559,,11.9861640727794,0.164534490098813,0.105119763699627,0.750990558713127,812.159237642098,2.13484501347643,,12.4782940921646,0.10455894021133,0.0805213885025553,0.350926291714835,76.7661841817566,1.12002804556454,,2.25186275586809,0.226960596343513,0.120715411011113,0.670284820038315,6831.22374596945,2.22314927217976,,103.596620716948,0.128022541513992,0.0872551882055981,0.2688508385369,457.430299220543,1.324944890933,,17.916520260773,0.128596787449999,0.086710771870786,0.521268319124245,435.738559467872,1.46695889406484,,14.5409555849804,0.228862284093959,0.0918717517690462,1.13997546871659,51.4329502699829,2.8291291094066,,8.55980672370532,0.115587128734872,0.0864112879638869,0.839857744047256,854.49223790602,1.42325033266229,,12.3130836042132,0.140575555855813,0.0977146391986214,1.05921571041129,903.557526919488,1.79777278569616,,12.2592883755823,0.18339379554949,0.124942256317805,1.06012190715357,1017.20987122229,2.28877755142104,,11.9888076967951,0.135984334301626,0.0970156803397269,0.766531607178064,1713.58281393438,2.1018382453175,,19.5746032277574
291120242214318,Couscous Artisanal,"durum wheat semolina (98%), salt, (biological)",France,Cereals and Cereal Products,"Pasta, rice and other miscellaneous cereals",Other cereals,EUwest,0.15223516,0.09806664,0.469480433333333,44.41049046,0.423933626666667,0.692409029451138,1.97150291333333,0.001102323042044,0.0002034085347349,0.0033646271190527,9.73188255154138,0.0212558486554693,0.0029102372272763,0.169637556706131,0.15007377423183,0.0976678056335467,0.462883222812508,25.3286499811839,0.382256108351232,0.686702766327606,1.63888517168479,0.15439654576817,0.0984654743664533,0.476077643854159,63.4923309388161,0.465611144982101,0.698115292574669,2.30412065498187,0.13426,0.09408,0.26166,0.49784,0.2205,0.51842,0.21462,0.11564,0.09702,0.34398,10270.37256,0.22246,1.29654,124.63738,0.09702,0.09506,0.38906,22.96728,0.15876,0.78596,5.67616,0.14406,0.07938,0.35476,0.49784,0.23618,0.4361,0.21462,0.14406,0.10192,0.37632,0.49784,0.51744,0.72128,0.21462,0.14994,0.10976,0.35182,0.49784,0.53998,0.57036,0.21462,0.2009,0.098,0.36652,0.49784,0.32928,0.7693,0.21462,0.26852,0.08428,0.4067,0.49784,0.96432,0.45962,0.21462,0.1519,0.12054,0.9163,0.73304,0.2156,0.93982,0.392
291120242066631,Couscous lentils salad,"couscous (70%) (durum wheat product) , red lentils pre -cooked (15%) , onion semolina , tomato granulate , paprika agranulate (3%) , sea salt, paprika powder and lt, (1%) , parsley and lt, (1%) , lemon peel , garlic powder, pepper black,chili and lt, (1%) , crausedemi , cumin , from ecological cultivation",Germany,Cereals and Cereal Products,"Pasta, rice and other miscellaneous cereals",Other cereals,EUwest,0.37485216,0.118069406666667,0.618337283333333,388.748703763333,1.7070163,,6.65670391666667,0.0029693699691806,0.0004529428875356,0.0082450078096257,20.3826663906693,0.0566392313345137,,0.284067174096222,0.369029952038241,0.117181296490635,0.60217084041372,348.783282218241,1.59596062588515,,6.09971769404588,0.380674367961759,0.118957516842698,0.634503726252946,428.714125308426,1.81807197411485,,7.21369013928746,0.27999,0.09009,0.23039,18.74539,0.38176,,0.646,0.94086,0.16591,1.20657,16071.41638,10.73856,,253.40983,0.28074,0.11049,0.39816,34.14526,0.36435,,8.40795,0.30293,0.0997,0.33116,113.93105,0.48993,,1.4246,0.30209,0.09406,0.33251,264.32852,0.44436,,2.87096,0.29277,0.10843,0.89162,27.85054,0.4175,,0.82729,0.43138,0.15711,0.28321,246.41748,0.81032,,2.67766,0.72861,0.154,1.10533,270.94277,10.04266,,10.30361,0.87829,0.19291,0.99216,264.43562,10.42666,,2.87096
291120242166968,MIE NOODLES,"durum wheat flour, wheat flour, water, salt",France,Cereals and Cereal Products,"Pasta, rice and other miscellaneous cereals",Pasta,EUwest,0.126280147355401,0.0824446992079302,0.400294834179427,46.4820069210057,0.327624758002809,0.585840754417288,1.85941317400744,0.0008340501074442,0.0001806891483806,0.0029720441616585,8.82322885594131,0.0154034495020472,0.0026556859388084,0.152885835439097,0.124644779170746,0.0820904119991202,0.394467382780542,29.181814009153,0.297422362457559,0.580633604086631,1.55964145893908,0.127915515540056,0.0827989864167402,0.406122285578312,63.7821998328585,0.357827153548058,0.591047904747946,2.1591848890758,0.113283424015711,0.0793810854416659,0.220778643884633,0.420058243795482,0.186049419003905,0.437422856235847,0.1810881011638,0.0975725841887144,0.081861744361718,0.290237093646091,8665.74534123194,0.187703191617273,1.09397058374296,105.16422737038,0.081861744361718,0.0802079717483499,0.328273863753556,19.3789074834467,0.133955581682811,0.663162817960584,4.78932548831384,0.121552287082551,0.0669777908414056,0.299332843019615,0.420058243795482,0.199279599910849,0.367964406474389,0.1810881011638,0.121552287082551,0.0859961758951381,0.317524341766664,0.420058243795482,0.436595969929163,0.608588321719439,0.1810881011638,0.126513604922655,0.0926112663486102,0.296852184099563,0.420058243795482,0.455614354982895,0.4812478304901,0.1810881011638,0.169511692870224,0.082688630668402,0.309255478699823,0.420058243795482,0.277833799045831,0.649105750746956,0.1810881011638,0.226566848031421,0.0711122223748257,0.343157817273868,0.420058243795482,0.813656125777076,0.387809677834805,0.1810881011638,0.128167377536023,0.101707015722134,0.773138696749559,0.618510957399647,0.181914987470484,0.792983968109975,0.330754522673608
291120241891695,Butterflies,"higher quality durum wheat semolina, fresh eggs or 320 g per kilo of semolina (30%)",France,Cereals and Cereal Products,"Pasta, rice and other miscellaneous cereals",Pasta,EUwest,0.2431238,0.2132248,0.802803966666667,594.0431932,2.93849923333333,1.82682356091031,19.8488044666667,0.0012492271053096,0.0005100871103667,0.0026692622498375,9.81134790598853,0.0206133638701757,0.0039621956832597,0.19028669668045,0.240674371308369,0.21222464398509,0.797570196511944,574.805540604759,2.89808147047817,1.81905466464862,19.4756988139765,0.245573228691631,0.21422495601491,0.80803773682139,613.280845795241,2.97891699618849,1.83459245717199,20.2219101193569,0.2078,0.2064,0.6177,352.6624,2.7717,1.6795,13.8885,0.2173,0.2427,0.7788,7730.8176,3.3062,2.5494,105.196,0.2148,0.1959,0.6842,352.6624,2.7829,1.6207,13.8885,0.2015,0.2092,0.7108,353.4037,2.7612,1.8951,14.0362,0.2274,0.2036,0.7087,352.6624,2.8032,1.7159,13.8885,0.2113,0.2036,0.9719,352.6624,2.7563,1.7866,13.8885,0.2346,0.2533,0.7409,645.4345,3.734,1.7484,21.1914,0.3213,0.1899,0.9455,1023.8422,3.0148,2.2234,25.8087,0.3753,0.1412,0.8146,1685.1976,0.8307,1.5503,42.4863
291120242387402,Crunchy granola bars,"whole grain oats, sugar, canola oil, peanut butter (peanuts, salt), rice flour, brown sugar syrup, salt, baking soda, soy lecithin",France,Cereals and Cereal Products,Biscuits,Biscuits,EUwest,0.436644623666684,0.236035976066154,1.33665261153006,940.947313775569,3.56906234764749,1.35776054611394,56.9509736860302,0.0021149674430893,0.0010025524794764,0.0111830858589099,21.8240375510088,0.0577032133817174,0.0065490827453087,0.69445652111447,0.4324976900027,0.234070215959239,1.31472531644708,898.155716060892,3.45592046507405,1.34491939728516,55.5893143682982,0.440791557330667,0.23800173617307,1.35857990661305,983.738911490246,3.68220423022093,1.37060169494272,58.3126330037622,0.322309533264303,0.152987982679501,0.504016392853323,43.3637845069604,3.19872609937182,0.863164392211399,13.9507830198552,1.02049644236893,0.242654011245011,2.03214656450132,8601.49424791107,13.9590413799989,2.39675163344536,187.384373829787,0.367039738971297,0.183238336014684,0.669121933152241,337.125657131983,0.957399685821073,0.811919574161039,81.5031334710057,0.413205547556509,0.268148571571662,0.874272237409658,65.4410241352634,0.54325097800506,1.19027244126419,46.797140322841,0.318851422830483,0.256507064847125,1.07381740588011,423.575220271535,2.19335974858306,1.49321330222867,13.9978292664396,0.336734286382959,0.250671090851586,2.46397928093121,159.286192616982,3.99985690972695,1.48553278729659,8.04565673382147,0.309287798736261,0.190791991481959,1.50156796064961,1554.03311112404,3.49816933588842,1.02999403135199,28.763841379101,0.309906003698187,0.200893518589878,2.23159906640783,2257.18526280136,1.07478800074067,1.79796513666429,46.7809336285142,0.553112936194029,0.173751790435675,0.655265806843187,3410.44089473796,3.6578393584145,1.35616703204626,102.956328495081
291120241880349,Cherry cake Grandma's bakery,"plums (58%), wheat flour , sugar, margarine (vegetable fats (palm, coconut), water, rapeseed oil, emulsifiers mono and diglycerides of food feeding acids, lecithine, acidic citronic acid), ollei , water, modified strength, rapeseed oil, dextrose, bakery diphosphate, sodium carbonates,cinnamon, food salt, dye carotene",Germany,Cereals and Cereal Products,"Buns, cakes, pastries and fruit pies",Buns cakes and pastries,EUwest,0.101865736971786,0.0783198662282894,0.307245189386533,2023.42884810243,2.55932805622578,0.56836021412385,30.7847791325251,0.0004645064409345,0.000338881751265,0.0026817668037551,53.5136717155903,0.0294428910594627,0.001925338914657,0.549794215636709,0.100954953496919,0.0776554020319148,0.301986900861202,1918.50163163588,2.50159775096815,0.564585095605663,29.7067671997471,0.102776520446654,0.0789843304246639,0.312503477911864,2128.35606456898,2.6170583614834,0.572135332642036,31.8627910653031,0.0688673148055174,0.0547230903581505,0.19247789048803,78.4086619213982,1.09136762278069,0.531608474245496,15.5727516588827,0.107008598786293,0.104760220013286,0.569937936355044,10491.1202986197,3.44073688750381,0.756213475989117,142.373248137114,0.109928543135402,0.0759251979509721,0.303149743975475,28.1870196537968,1.02930615188035,0.799909225334499,3.16771165888267,0.0768668869456244,0.0570033555786718,0.212037863688254,364.179554708242,1.31656801402104,0.479777439785803,9.60041509498322,0.11179158154136,0.0681167200235592,0.242385176579225,344.221966445853,0.46113702974195,0.622058548985012,12.1414525347876,0.0977029016114925,0.0687392894676054,0.635056760244749,445.510086363477,0.551110305168036,0.776614177298557,33.8244546951153,0.119258055146896,0.0980506189236252,0.541789938780553,1289.58817451552,5.57966626274359,0.6886364549003,28.8908941549409,0.110045154687442,0.109866297325847,0.309190693011539,8435.27134278489,5.06019396353682,0.697848975594801,98.5506207791002,0.106499335485556,0.112890756737792,0.28635244062457,8572.03502357069,3.21091780818726,0.681023676464719,93.4572628063263
291120241889244,Rice cream,"rice flour, vitamin b1",France,Cereals and Cereal Products,"Pasta, rice and other miscellaneous cereals",Pasta,EUwest,0.32167047,0.44630652,3.50755449,4269.72875175,4.20645126,2.39727626772743,349.61534883,0.0035796543084049,0.0057807619812666,0.0994422259927379,201.196180991051,0.0761050799846442,0.0430689891107668,6.05066145919573,0.314651643773879,0.434971860196172,3.31257261643112,3875.232269668,4.05722781960156,2.3128285182357,337.751482189171,0.328689296226121,0.457641179803828,3.70253636356888,4664.225233832,4.35567470039844,2.48172401721916,361.479215470829,0.11187,0.14553,0.91773,115.18749,1.31868,0.99891,30.0861,0.15642,0.20889,0.47421,82407.34161,0.29007,1.7424,998.83476,0.099,0.4158,0.34155,452.25279,2.9106,1.10979,70.05042,0.099,0.4158,0.34155,452.25279,2.9106,1.10979,70.05042,0.21384,0.11187,0.74448,1880.28126,0.7029,0.84744,651.17052,0.27918,0.43857,0.82665,1645.77402,0.91575,1.02168,569.95686,0.31086,0.92367,13.70655,5.95485,7.80516,6.11028,0.76527,0.80091,1.42461,17.0379,4139.01081,13.54518,8.79813,641.10123,0.21384,0.26037,0.20691,19048.25241,3.80457,0.58014,268.47513
291120242208220,Spaghetti 100% Pasta corn from Oro,corn flour,Germany,Cereals and Cereal Products,"Pasta, rice and other miscellaneous cereals",Pasta,EUwest,0.183328,0.10034,0.606077666666667,193.040336666667,0.548261666666667,0.757797666666667,14.237303,0.0009181958456568,0.0002430327812361,0.0072583363661997,17.1044378399655,0.0100819457914989,0.0050943187357619,0.435971038211391,0.181527642611556,0.09986347218145,0.591845845028059,159.502719189938,0.528493437828046,0.747808954107794,13.3824704678076,0.185128357388444,0.10081652781855,0.620309488305274,226.577954143396,0.568029895505288,0.767786379225539,15.0921355321924,0.066,0.087,0.078,111.632,0.218,0.478,38.66,0.253,0.074,0.214,11020.811,4.14,0.77,147.356,0.077,0.089,0.287,108.385,0.253,0.8,37.535,0.175,0.097,0.361,0.0,0.631,0.502,0.0,0.129,0.079,0.501,91.279,0.211,0.815,22.183,0.275,0.089,0.474,0.0,0.448,0.957,0.0,0.181,0.113,0.691,79.44,0.297,0.681,11.563,0.159,0.117,1.742,0.0,1.331,1.018,0.0,0.193,0.12,1.842,0.0,1.613,1.102,0.0
291120242089168,BIO Hafermilch,"water, organic oats (10%), organic sunflower oil, dining salt",Switzerland,Cereals and Cereal Products,Biscuits,Biscuits,EUwest,0.190049743130066,0.0393154989306191,0.647429567071781,25.9041311631071,9.5368209064456,0.208159530945528,0.609588874183618,0.0022558463123037,0.0001431006525603,0.0076779377847285,3.54373923598138,0.328126391144655,0.0010997285847408,0.0564227628928094,0.185626580473907,0.0390349135649296,0.632375009719847,18.9557256062801,8.89344533963707,0.206003232273315,0.498957641717282,0.194472905786225,0.0395960842963087,0.662484124423715,32.8525367199342,10.1801964732541,0.210315829617741,0.720220106649954,0.0802082643784545,0.0338070223128418,0.136421003287868,4.94465843650874,0.691185713254806,0.151965875898774,0.105127249309702,0.161812301091696,0.0419871337892716,0.404239522444511,3607.25505413466,0.854322158492172,0.511809307755211,41.4950653124738,0.0991183638984412,0.034174175970999,0.271765903855661,0.0460755732948133,0.0947476672585344,0.163127559826105,0.0199151950837521,0.0963072691785876,0.0292192038401065,0.365449996131558,1.19673274400677,0.250829295623209,0.206072898211616,0.173811150633627,0.0912882205966827,0.0541685509819715,0.419011672322005,0.016376257978277,0.452058654897076,0.245549932480901,0.0199151950837521,0.165607269178588,0.0364192038401065,0.170149996131558,446.254132744007,1.75162929562321,0.289772898211616,12.9356111506336,0.167155091695324,0.0377623049601375,1.25312913737436,1.32529725053861,1.98019151073139,0.14946780264785,0.0420508997238808,0.160355091695324,0.0345623049601375,1.47292913737436,1.35799725053861,1.97089151073139,0.18386780264785,0.0610508997238808,0.160355091695324,0.0345623049601375,1.47292913737436,1.35799725053861,1.97089151073139,0.18386780264785,0.0610508997238808
291120242201786,Sante Tropical Muesli Whole Grain Oat 350G,"wholegrain flakes (82%) (barley flakes (32%) , oat flakes 21, (1%) , rice-fruit flakes 11, (49%) (rice, unrefined cane sugar, concentrated fruit juice (apple, dchery), natural flavours), w flakes 10, (5%) , com flakes (7%) (com grits, unrefined cane sugar, sea salt, cane molasses)), fruits (18%) (dried date (date, rice flour), candied fruits (cane sugar, pineapple, papaya))",France,Cereals and Cereal Products,Breakfast cereals,High fibre breakfast cereals,EUwest,0.152993852604233,0.119294927321693,0.972328481380953,757.426252391867,1.35587748088254,0.763667124619898,45.6943005469651,0.0008940064202079,0.0005220615165537,0.0092007573099124,17.6850984753922,0.0178680771171159,0.004157758463297,0.509989309193383,0.151240924760406,0.118271292426158,0.954288047544825,722.750101485572,1.32084255363118,0.755514777597017,44.6943362962263,0.154746780448059,0.120318562217228,0.990368915217081,792.102403298162,1.3909124081339,0.771819471642778,46.6942647977039,0.112433812698413,0.0990418761904762,0.465774495238095,65.841224831746,0.662818552380952,0.473522168253968,13.7075023238095,0.294708444444445,0.103396898412698,0.592746631746032,8202.01840397778,4.88510753968254,1.05390626666667,130.452581142857,0.12662553968254,0.101075215873016,0.463234838095238,237.166746634921,0.645285650793651,0.521115749206349,74.0330194476191,0.169309273015873,0.133294447619048,0.545863114285715,90.8747611746032,0.845278314285714,0.487395917460318,16.4268909714286,0.108560028571429,0.114159031746032,1.06821652063492,186.679424860317,0.605874758730159,0.567841171428572,56.5685761460318,0.184200993650794,0.173500219047619,1.61194745714286,57.2656263047619,1.21866101904762,0.885280482539683,11.4008769460317,0.11237380952381,0.100455920634921,0.52746686984127,1371.85686977778,0.661824009523809,0.495534092063492,34.5503279238095,0.293393765079365,0.0958270571428572,0.625442028571429,1754.27115556508,5.0008146,0.981981015873016,54.6020731428572,0.306287028571429,0.119328517460318,0.635980720634921,1877.02237927937,4.96771289206349,0.983282342857143,97.8990675555556
291120241972192,Cittled bio -rice black sandwashes,"complete black rice flour (99.5%), sea salt",France,Cereals and Cereal Products,"Pasta, rice and other miscellaneous cereals",Rice,EUwest,0.323295068333333,0.448560593333333,3.52526941166667,4291.293038375,4.22769596333333,2.40938372362504,351.381082915,0.0035977333705686,0.0058099577488488,0.0999444594573472,202.212323319289,0.0764894490754763,0.0432865092577908,6.08122035545422,0.316240793489908,0.43716868777292,3.32930278116057,3894.80414981784,4.07771886919551,2.324509470348,339.457297755784,0.330349343176758,0.459952498893747,3.72123604217276,4687.78192693216,4.37767305747116,2.49425797690209,363.304868074217,0.112435,0.146265,0.922365,115.769245,1.32534,1.003955,30.23805,0.15721,0.209945,0.476605,82823.540305,0.291535,1.7512,1003.87938,0.0995,0.4179,0.343275,454.536895,2.9253,1.115395,70.40421,0.0995,0.4179,0.343275,454.536895,2.9253,1.115395,70.40421,0.21492,0.112435,0.74824,1889.77763,0.70645,0.85172,654.45926,0.28059,0.440785,0.830825,1654.08601,0.920375,1.02684,572.83543,0.31243,0.928335,13.775775,5.984925,7.84458,6.14114,0.769135,0.804955,1.431805,17.12395,4159.914905,13.61359,8.842565,644.339115,0.21492,0.261685,0.207955,19144.455705,3.823785,0.58307,269.831065
291120241917437,Organic Carrefour Shadow Bread,"wheat flour (60%) , water, rapeseed oil and quot, cane brown sugar , wheat gluten apple cider vinegar, yeast, salt, roasted malted barley",France,Cereals and Cereal Products,Bread,"White bread (not high fibre, not multiseed bread)",EUwest,0.322041041926617,0.116139032312671,0.558613486986439,64.7495200325258,2.41534789967144,0.799339079970261,6.1338313260403,0.002068835771726,0.0003446820141224,0.0037121223230291,6.83811773734811,0.0581540933619161,0.006227957372516,0.150408229283445,0.317984561182643,0.115463195220046,0.551334923396019,51.3416443056683,2.3013219517785,0.787127579424316,5.83891759042053,0.326097522670591,0.116814869405296,0.565892050576859,78.1573957593834,2.52937384756438,0.811550580516206,6.42874506166006,0.230209652385549,0.0821259513039776,0.421801507154486,0.666503361697589,1.67886163536831,0.54420886563741,0.408108207128019,0.910396982365856,0.125253050527835,0.301207507293781,4743.0604833759,16.6969185741481,0.776390012181076,75.6678657733889,0.248613257400319,0.102422290202333,0.428056121463113,0.663241128365895,1.74067274100268,0.517225991220136,0.407315454876875,0.250273528680621,0.103267796184779,0.468843115594965,1.70194001419904,1.66363805042116,0.64667276297426,0.639606318989764,0.314581902763463,0.0895734937442405,0.44752396301184,5.17262981683722,1.50920057581428,0.847794997825283,5.5052224158008,0.292436927186693,0.112081134462152,0.643725119513892,5.3864792081567,1.7239974840372,0.665297126378894,1.22791234636164,0.30276067811135,0.118662742568315,0.648128517977844,117.028165989469,1.32627574165328,0.724800252082432,9.34923499748875,0.279190129767144,0.144096712231182,1.18885184366192,54.9668037440815,1.37318172754652,,18.1974574275605,0.7212410992802,0.101630732702623,0.245143178269266,6.15903766922123,13.6303112381347,0.86733273143832,0.408664598310424
291120242184861,Valencian Paella Crop's,"rice (56%) (water, rice, turmeric), chicken (6%) (chicken meat, tapioca starch, salt), molds (5.25%) , peas, alaska hoch (4.5%) , red peppers, mushrooms, onion, tomatoes, shrimp (2.5%), vegetable oil (rapeseed), calmar rings (1.75%) , herbs and aromatic plants (contains leri)",France,Cereals and Cereal Products,"Pasta, rice and other miscellaneous cereals",Rice,EUwest,0.153041106459465,0.177119885829376,1.10009053849977,1535.66522121034,2.02895841409843,1.11560618699899,75.5440911369993,0.0007985873196824,0.001067246736035,0.0189567128677246,38.8109565218595,0.0155698830796812,0.0086101405982253,1.1119463607024,0.151475272124548,0.175027276114791,1.06292106290973,1459.56643176666,1.99842968303054,1.09872380802192,73.3638363955811,0.154606940794383,0.179212495543961,1.13726001408981,1611.76401065402,2.05948714516632,1.13248856597607,77.7243458784176,0.105935088134209,0.104861512921929,0.435417827588438,115.058936394502,1.17056849585393,0.724822139430752,11.058954166617,0.162039080876663,0.132661823124754,0.740424424210387,16857.479827626,0.630622851893995,1.12482402245815,211.163958418855,0.128744375617939,0.198939797193112,0.430048090994823,395.770622164541,1.47651338731335,0.706818497196248,112.925641930705,0.127283193269729,0.125091233306574,0.375055484973635,826.679862799078,1.24033281259571,0.704730398515702,56.1432350138359,0.144059882390021,0.175106028909415,0.802468053264066,734.559800272039,1.43802517782265,,115.606942979182,0.1558494887411,0.181050648065192,0.38154377637936,1239.83689822406,1.2179986528627,0.654453958792316,121.794431117514,0.220605470385085,0.228597382388123,2.82352541228581,812.385187569069,3.33482940039886,1.92599130940027,12.163242516125,0.106494023636194,0.1304824161458,0.649966419349606,3986.74831333837,1.8673115037929,0.713777226550852,58.9787827853793,0.135232095016054,0.119509983259905,0.489652621892734,4437.14862138042,1.98798299178748,0.835822676141035,64.2927945494013
291120241992320,Crac'tines chestnut rice,"rice flour , chestnut flour , cane sugar , sea salt, rice flour and 23.3 g chestnut flour",France,Cereals and Cereal Products,"Pasta, rice and other miscellaneous cereals",Other cereals,EUwest,0.721922369287316,0.386443246830373,3.37916407291737,4893.7354248716,23.5329577236787,2.68023532256269,271.380871702066,0.0050796681721389,0.0039780338682859,0.0617705907038278,137.342332949293,0.225965807335587,0.0276339395535756,3.74996776661985,0.711962382898997,0.378643295763153,3.25804705862438,4624.44071498921,23.0898940649869,2.62605192859242,264.028102456818,0.731882355675635,0.394243197897594,3.50028108721035,5163.030134754,23.9760213823705,2.73441871653296,278.733640947314,0.216308848970005,0.0922220918254085,0.874464827824872,254.134242907944,3.28690606087807,1.41517369522516,54.0189270241092,0.423228539959888,0.276683895409075,0.579042066318734,61854.0158790776,14.1018080496886,1.79340935989274,757.796961477641,1.35280861314227,0.35472288684108,1.1580677565689,8.46689308172968,57.868669465745,1.08590883954659,4.77919042320512,1.07463241209401,0.379514698341128,0.67822366407808,1019.63640422902,43.2759844650975,1.13085157963274,356.014202608346,0.8012374395133,0.331348446651808,1.9226667538979,1649.55024728881,22.9315197539308,2.12188911077211,71.7785908250137,0.670963923205122,0.411103253896684,2.03819410852252,2465.96962705124,17.2609801539864,2.11475195741052,413.117000741679,0.884788869492351,0.572315614272549,10.0610603899733,1649.64590762169,24.3416014961135,5.86596188606524,71.7937269536331,0.568038248593247,0.265190974005733,1.7094373949093,13098.5774830151,18.8206068469287,1.73392696134658,225.257059440086,1.48199577640147,0.206441248535598,11.4452189888629,8403.5000693082,33.709242301151,5.71284989344084,272.539065628028
291120241885337,4 Paninis Jacquet,"wheat flour (74%), water, yeast, extra virgin olive oil, devitalized wheat sourdough, ascorbic acid",France,Cereals and Cereal Products,Bread,"White bread (not high fibre, not multiseed bread)",EUwest,0.135772283333333,0.0788593033333333,0.39138832,91.68610287,1.25446004333333,0.564009845482029,2.33241543333333,0.0007607191189476,0.0001677278041261,0.0026732055668167,8.20184778754986,0.0143704197979902,0.0023926335501682,0.13977762623113,0.134280699274435,0.0785304301492144,0.386146817965535,75.6042861932493,1.22628316627521,0.559318476521627,2.05834570919475,0.137263867392231,0.0791881765174523,0.396629822034465,107.767919546751,1.28263692039146,0.56870121444243,2.60648515747191,0.12399,0.07293,0.21467,0.50624,1.07221,0.40129,0.16527,0.10571,0.07861,0.2996,7779.57494,1.192,1.02483,94.43181,0.11977,0.07639,0.23744,24.77158,1.19052,0.43727,0.47993,0.13918,0.06519,0.30712,0.50629,1.27418,0.36995,0.17057,0.14647,0.07287,0.31503,3.20909,1.17592,0.49451,0.33404,0.10284,0.06921,0.46887,47.13703,0.96736,0.56228,4.36242,0.13019,0.07805,0.56441,3.20909,1.12782,0.73279,0.33404,0.11802,0.06212,0.27109,476.3894,0.6491,0.34069,6.29378,0.10544,0.07026,0.48865,476.3894,0.6084,0.61523,6.29378
291120241887673,Lustucru riz 5 min sachets 450g (5x90g),long stake grain rice,France,Cereals and Cereal Products,"Pasta, rice and other miscellaneous cereals",Rice,EUwest,0.324919666666667,0.450814666666667,3.54298433333333,4312.857325,4.24894066666667,2.42149117952266,353.146817,0.0036158124327323,0.0058391535164309,0.100446692921957,203.228465647527,0.0768738181663068,0.0435040294048151,6.11177925171282,0.317829943205938,0.439365515349668,3.34603294589002,3914.37602996768,4.09820991878946,2.3361904224603,341.163113322395,0.332009390127395,0.462263817983665,3.73993572077664,4711.33862003232,4.39967141454388,2.50679193658501,365.130520677605,0.113,0.147,0.927,116.351,1.332,1.009,30.39,0.158,0.211,0.479,83239.739,0.293,1.76,1008.924,0.1,0.42,0.345,456.821,2.94,1.121,70.758,0.1,0.42,0.345,456.821,2.94,1.121,70.758,0.216,0.113,0.752,1899.274,0.71,0.856,657.748,0.282,0.443,0.835,1662.398,0.925,1.032,575.714,0.314,0.933,13.845,6.015,7.884,6.172,0.773,0.809,1.439,17.21,4180.819,13.682,8.887,647.577,0.216,0.263,0.209,19240.659,3.843,0.586,271.187
291120241959920,The Crêpe de Broceliande,"wheat flour (37%), whole milk, eggs, sugar (1 (7%), sunflower oil, vanilla flavor, salt",France,Cereals and Cereal Products,"Buns, cakes, pastries and fruit pies",Buns cakes and pastries,EUwest,0.267034741875985,0.227510140387673,0.987784177174271,664.777632110608,2.95183501046084,1.75528969434294,25.0152710457108,0.0009053194000724,0.0004006409648159,0.0049381089373691,6.3690470035608,0.0179901480719907,0.0029489258119295,0.162641940552545,0.265259632046713,0.226724581484818,0.978101753808509,652.289489320107,2.91656073193539,1.74950757237125,24.6963699956465,0.268809851705257,0.228295699290527,0.997466600540033,677.265774901108,2.98710928898629,1.76107181631462,25.334172095775,0.205995888381422,0.188039761828815,0.693434233338167,254.249472592142,1.87956374496158,1.42373393755739,14.6143892554734,0.319975312575516,0.242944660794549,1.13060436421633,4678.54860838222,5.1657750503359,1.90803301358079,70.8138745103427,0.230148592358997,0.213847584746992,0.783304802957808,407.89854750191,2.7953425005558,1.74428923986274,17.2710250809531,0.259110616669083,0.213876734522256,0.73166612575516,421.113626332271,3.62855844130299,1.72510459170654,15.9077905457446,0.235576437122421,0.22633625308105,0.945680686747862,460.632738015225,3.09719169216085,1.77279958617273,17.1267946242328,0.323731614204244,0.226756102846649,1.08212062432942,418.486369379973,4.78769756749312,1.6788397707699,15.8532625712629,0.218890098327776,0.22919460835629,1.29179149678604,779.805167747597,3.3997960570538,2.04296426745928,25.2400167491422,0.311265170895559,0.172917219660722,0.95876882724373,1262.38782853434,1.3877600252042,1.63212134241941,33.7948233407279,0.346759846454981,0.17788861210188,0.791806876830507,1477.12670003794,0.786658745614036,1.4994331852013,42.329427713257
291120242346856,Mini Loempia’s,"cabbage, wheat flour, water, carrot, celery, leek, glass noodles (mung bean starch, potato starch, corn starch, water), palm oil, salt, sugar, yeast extract, aroma (contains soy), pepper, turmeric extract",Netherlands,Cereals and Cereal Products,Bread,"White bread (not high fibre, not multiseed bread)",EUwest,0.0847543390158857,0.0627852873787659,0.348505368451158,141.217902105211,1.02788212006078,,3.60178413921083,0.0006709299439529,0.0001816344122723,0.0030337925186013,8.52870368460749,0.0136644417059035,,0.136739364679308,0.0834388095594658,0.0624291467387521,0.342556843632945,124.495200989691,1.00108949330196,,3.33367170257112,0.0860698684723057,0.0631414280187797,0.35445389326937,157.940603220732,1.0546747468196,,3.86989657585054,0.0620352958071414,0.0493085018970446,0.220337951293576,26.0484023430752,0.545109312736999,,1.01817513731917,0.151462238885999,0.0740636194878317,0.357555331621873,6592.51927516565,0.960136053401319,,104.187640025233,0.0743737149132586,0.0492009842759778,0.280016328698934,32.3421709209201,0.51186422915864,,1.92833395490995,0.0657480112181751,0.0560452705212061,0.255417179287488,56.3320940735419,0.611586873712154,,1.08304821948848,0.102752403268384,0.0548462913839598,0.270071777888082,24.9632955822345,0.604078882953068,,0.839857190392623,0.0660950832437178,0.0658071679574113,0.306940458129083,63.7098013192974,0.545850808273092,,4.15662646570877,0.138913975904308,0.0653291310266227,0.308106669631794,58.6322649641994,2.70525249728008,,1.0772451245636,0.164525877019366,0.102056121309622,0.313519245578842,55.8401554838189,0.722057647689762,,0.824577304897929,0.106900486984396,0.0644931065999945,0.957108053022953,57.2836498268781,1.26826948092288,,1.22441777407978
291120241932925,Vanilla taste muffins,"flour (ble flour, flour treatment agent e300, malt de ble), sugar, eggs whole, rapeseed oil, chocolate chips (11%) (sugar, cocoa paste, cocoa butter, emulsifying  soya lecithin, natural aroma of vanilla), stabilizing glycerol, transformed starch of corn, lactoserum powder, lifting powders e450, e500, starch of wheat , aromas (contains alcohol), salt, stabilizing xanthane gum, wheat proteins, powder powderof milk skimmed, proteins of milk , conservative potassium sorbate",France,Cereals and Cereal Products,"Buns, cakes, pastries and fruit pies",Buns cakes and pastries,EUwest,0.533450707692626,0.206020180961955,1.05390763793549,392.024789844556,10.8501530425549,1.72441503970801,24.1119263061543,0.0019787982886488,0.0008217822801028,0.0050613214471852,8.16480353145929,0.112999477933463,0.0051095282531352,0.362250736137955,0.529570768422524,0.204408866985015,1.04398362498572,376.015607889981,10.6285887151295,1.71439650500705,23.4016412483857,0.537330646962729,0.207631494938895,1.06383165088527,408.033971799132,11.0717173699804,1.73443357440898,24.8222113639228,0.332802634720782,0.148635534511756,0.64303759737673,185.559086837164,10.1231595274007,1.30212084546525,7.16908305143056,0.674027944070686,0.210419166281824,1.61389968437177,4986.19932912905,10.8559163957974,1.95417850219676,142.131012389889,0.435688427539617,0.177394532847426,0.823419014005233,185.289796966661,8.41320858782048,1.61118518019858,7.41389140123656,0.45482982005468,0.175948024470459,0.893913275822033,199.047487923599,6.03578803892595,1.47753618649028,22.5558321783668,0.4788807706259,0.176492152284016,0.914001199704805,305.890663859887,9.33670232610663,1.75226169229147,10.3825400602092,0.506880157979867,0.204358587137984,1.08593468232244,314.678734273678,10.7762436858132,1.59642309982744,12.8521938638139,0.438722535005665,0.19097373163539,1.70949083515175,479.538624188995,6.44519563999759,1.99141687809785,83.5701376933115,0.920774218596308,0.255815324597668,0.903072767649781,196.472205717671,30.5634911588806,,10.1050046232125,0.633513087505203,0.278171519899197,1.23101362718073,772.344454718343,16.3901300171874,1.45103494099902,23.2205142524201
291120242346302,Whole -grain noodles,"wheat teeth whole -grain noodles whole -grain wheat flour (60%) , enriched wheat flour (39%) (wheat flour, vitamin (b1, b3), iron, calcium), salt, reinforcement agents (e5011, e5001)",Belgium,Cereals and Cereal Products,"Pasta, rice and other miscellaneous cereals",Pasta,EUwest,0.21004203,0.10814265,0.51037602,271.63957491,0.91407657,0.80102843866171,5.08128324,0.0017008889544406,0.0004431828153577,0.0084165934200949,28.0233649160887,0.0452856056747257,0.0062806849254082,0.378270549500213,0.206707002935203,0.107273676937407,0.49387313968196,216.692613088747,0.825282577789847,0.788713552285963,4.33958724796874,0.213377057064797,0.109011623062593,0.52687890031804,326.586536731253,1.00287056221015,0.813343325037457,5.82297923203126,0.14949,0.09405,0.10098,0.82269,0.20394,0.44946,0.24849,0.39105,0.2673,0.32373,20103.61221,5.50935,1.22265,313.51617,0.1386,0.09603,0.27621,0.68112,0.17127,,0.21681,0.12672,0.099,0.396,1.55133,0.2079,0.82863,0.4257,0.16335,0.09702,0.396,0.27027,0.23661,1.00485,0.21681,0.26928,0.10197,0.34551,0.25344,0.43857,0.70686,0.21681,0.26928,0.10197,0.34551,0.25344,0.43857,0.70686,0.21681,0.38313,0.12969,0.48609,8.55261,7.7913,1.79091,0.2178,0.19998,0.12177,2.59479,0.1782,1.75428,0.94248,0.21681
291120242249880,Tagliatelle mixed,"durum wheat semolina, whole egg (18%) (swiss open -air breeding), powder spinach (0.9%), powder tomatoes (0.8%), kitchen salt, selery -style beet juice, maltodextrine",Switzerland,Cereals and Cereal Products,"Pasta, rice and other miscellaneous cereals",Pasta,EUwest,0.274212517833333,0.187467169833333,1.40799517016667,583.395349364333,3.2968779725,,16.0616965573333,0.0026377749775134,0.0005217763410106,0.0182013892423031,26.0592071936201,0.0545384418439589,,0.38754314829715,0.269040486515307,0.186444094097261,1.37230669939289,532.299620245169,3.18994143255329,,15.3018192678881,0.279384549151359,0.188490245569405,1.44368364094044,634.491078483497,3.40381451244671,,16.8215738467785,0.1860985,0.1588995,0.341905,220.0493855,1.735523,,8.6097975,0.4224965,0.218737,0.8014665,18220.0375385,3.021361,,293.58214,0.1508695,0.1608565,0.665009,227.32723,1.7049715,,8.6752955,0.1624975,0.1550815,0.7233285,235.8458595,1.7288765,,12.582892,0.236618,0.1915705,0.771696,274.712305,4.252088,,10.2766155,0.2245665,0.2023475,1.4403665,262.489067,3.1471435,,10.7946315,0.2977905,0.188834,2.4203775,221.153995,3.574897,,8.5307445,0.2789735,0.1895235,3.5316575,230.43612,3.4087225,,8.6179315,0.3441055,0.15192,3.3957075,1011.417563,2.031385,,25.6430325
291120242217598,Carneval,"wheat flour , sugar, vegetable oil (rapeseed, palm), wheat starch , salt, colours (e150c, e171, e163, e120, e160a), raising agents (e500, e450), wheat protein , thickener (e414), flavourings",France,Cereals and Cereal Products,"Buns, cakes, pastries and fruit pies",Fruit pies,EUwest,0.210413582210116,0.119494584913673,0.585443366719236,127.597792013019,2.36807231731684,0.793844382805708,16.6708294310395,0.0022797433552652,0.000800546316503,0.0054987125277659,8.24001461259146,0.0363538858805842,0.0038638211863214,0.392602086981969,0.205943563299857,0.117924909465319,0.574661736881638,111.441139531051,2.2967912422027,0.78626837486217,15.9010328006585,0.214883601120375,0.121064260362027,0.596224996556834,143.754444494987,2.43935339243097,0.801420390749246,17.4406260614205,0.135927257500101,0.0687389317274401,0.302491595357632,0.66983315741187,2.79179771600453,0.512311704701397,0.337272378921833,0.157491563405476,0.0981059843626871,0.862155777936104,6580.39822921953,1.15602074978046,1.57010086833001,129.596359050801,0.141540082951532,0.0884136798965887,0.339071033514535,0.692048031573427,2.96569345102337,0.574928117049296,0.337272378921833,0.149914447747925,0.0916534674938296,0.340606403857388,0.692048031573427,3.00481269172452,0.627116439628372,0.337272378921833,0.17911375107737,0.096262774869686,0.321993903495663,12.8734140614192,0.367077544462552,0.568097566512991,16.2907647319333,0.187045141922331,0.0919897273883542,0.700069416981508,13.7748979972206,3.48436488507345,,3.54636161910549,0.156904886727649,0.119128916277508,0.623966608365183,354.270067203623,1.24746265282926,1.05894811214044,25.7146309028497,0.58670479349328,0.1561770172074,0.708830641598752,13.6633110567393,4.65006845311518,,16.3927007784713,0.225362418426326,0.113256418700111,1.05091968839937,827.994157407705,1.99808091133052,,59.9786453353103
291120242286908,BIO rice and quinoa mixture of goji curcuma geovita,"thai rice (86.4%) (thai jasmine jasmine jasmine stove, full red thai rice pre -cited, complete black thai rice pre -cited thailand), red lenses (6.1%) , goji bays (2.5%) , red quinoa (2.3%) ,black quinoa (1.2%) , paprika powder, sunflower oil, turmeric powder (0.25%)",Switzerland,Cereals and Cereal Products,"Pasta, rice and other miscellaneous cereals",Rice,EUwest,0.288884397021962,0.354981378345804,2.60624237872967,7804.24775973339,4.74099290303747,1.78248251179993,280.829896503128,0.0028407332795791,0.0046242336591386,0.0816530792480726,194.502854383459,0.0650123871948527,0.0362021273068768,4.45921127110133,0.283314414133583,0.3459143876014,2.44614066926452,7422.8752534004,4.61351951903093,1.71149899811642,272.086474283855,0.29445437991034,0.364048369090208,2.76634408819482,8185.62026606637,4.86846628704401,1.85346602548343,289.5733187224,0.105817469695389,0.133757521232207,0.806902024674625,100.536229135511,1.26212159028255,0.916318323971281,26.2637635441442,0.237811727237401,0.200492607224068,0.610177472561645,71919.4221232904,1.3396786586767,,871.740669178379,0.618108787876351,0.250284565818895,0.376338650626739,52.0118968952084,1.41408721633813,0.795569606743819,124.657743544144,0.613287060603382,0.328139505309473,0.349145448107041,0.0370368952083911,12.428800516072,0.826056408242353,0.0068035441441946,0.24810127272305,0.151880712316386,0.816171770719648,1986.76687089644,0.97012224389559,1.39697875468323,688.016063210811,0.292482757573465,0.812310408706248,12.080085237915,5.33189989520839,7.19500584505472,5.3665397790281,0.675831544144195,0.207039166664676,0.232883673037277,0.24513961080403,16624.0662831355,3.57823886608624,0.547421357680298,234.313527544144,0.242937499993497,0.233056122081875,0.216913381060116,16623.9771586809,8.25565527967034,0.534694503746543,234.312371544144,0.234017909087893,0.233748653929238,0.283592340577345,16623.9664128952,8.37826958423713,0.576134621727051,234.312371544144
291120242109513,Weissmehl,wheat (100%),Switzerland,Cereals and Cereal Products,"Pasta, rice and other miscellaneous cereals",Other cereals,EUwest,0.249958,0.125899666666667,1.41807,264.966680333333,2.29382566666667,1.06131515151515,5.19586,0.0032072928856828,0.0005456981419402,0.0225819137309859,29.7776175455087,0.073387928721335,0.0097644867691929,0.417123034984501,0.243669283414148,0.124829686132177,1.37379239253413,206.580058337716,2.14992989506085,1.04216938214315,4.37798379039107,0.256246716585852,0.126969647201156,1.46234760746587,323.353302328951,2.43772143827248,1.08046092088716,6.01373620960893,0.151,0.095,0.102,0.831,0.206,0.454,0.251,0.443,0.144,0.647,22923.389,1.29,1.809,361.202,0.177,0.127,0.095,0.18,0.263,0.688,0.219,0.165,0.092,0.397,0.508,0.27,0.581,0.219,0.109,0.145,0.563,6.072,0.496,1.842,0.219,0.244,0.171,0.981,22.775,0.377,0.71,10.178,0.193,0.117,2.717,0.18,1.688,0.807,0.219,0.239,0.134,3.947,0.18,2.09,1.006,0.219,0.287,0.138,4.765,0.18,2.516,2.32,0.219
291120242101708,Pitabrot,"wheat flour (71%), water, yeast, salt, biological agriculture",Germany,Cereals and Cereal Products,"Pasta, rice and other miscellaneous cereals",Other cereals,EUwest,0.14162583,0.0874618233333333,0.483107666666667,212.866085006667,0.357334716666667,0.614909707169303,4.97861892666667,0.0015823454490826,0.0003808544541002,0.0069931623236138,22.6525047068013,0.0147719354801727,0.0052786557212243,0.323201982974443,0.138523237743891,0.0867150609366132,0.469395786442575,168.450065909483,0.32837056559896,0.604559554885659,4.34489891937182,0.144728422256109,0.0882085857300534,0.496819546890759,257.282104103851,0.386298867734373,0.625259859452947,5.61233893396151,0.10721,0.06745,0.07242,0.59001,0.14626,0.32234,0.17821,0.31453,0.10224,0.45937,16275.60619,0.9159,1.28439,256.45342,0.11715,0.06958,0.284,0.19383,0.16969,0.72065,0.15549,0.11715,0.06958,0.284,0.19383,0.16969,0.72065,0.15549,0.11715,0.06958,0.284,0.19383,0.16969,0.72065,0.15549,0.09656,0.08804,0.35287,18.75394,0.14626,0.42955,7.81355,0.2485,0.12709,0.23359,0.30246,0.54102,0.47641,0.15549,0.17324,0.1349,0.83425,16.18729,0.26838,0.55664,7.23419,0.14342,0.08733,1.86091,0.1278,1.25812,0.67592,0.15549
291120242517746,Organic lupines pasta,"organic durum wheat wholemeal flour, organic lupine flour (8%)",France,Cereals and Cereal Products,"Pasta, rice and other miscellaneous cereals",Pasta,EUwest,0.361198,0.10458,0.4943,2.30677233333333,2.22275966666667,0.653952,0.765047333333333,0.003029216195657,0.0003171888022068,0.0049076599467732,0.107869583219972,0.0837570015538653,0.0092197137485861,0.0431556035883092,0.355258448231343,0.103958070368881,0.484677279654514,2.09526647425431,2.05853268034924,0.635874397225909,0.68042975404404,0.367137551768658,0.105201929631119,0.503922720345486,2.51827819241235,2.3869866529841,0.672029602774091,0.849664912622627,0.274,0.086,0.415,0.508,0.984,0.469,0.219,0.975,0.109,0.058,8.639,19.823,0.471,0.22,0.274,0.086,0.415,0.508,0.984,0.469,0.219,0.274,0.086,0.415,0.508,0.984,0.469,0.219,0.274,0.086,0.415,0.508,0.984,0.469,0.219,0.369,0.109,0.547,0.508,1.326,0.493,0.219,0.369,0.109,0.547,0.508,1.326,0.493,0.219,0.272,0.148,1.515,26.389,0.411,2.7,10.995,0.975,0.109,0.058,8.639,19.823,0.471,0.22
291120241566106,4 butter-winding vol-auction,"ble flour (gluten), butter hurter (39%) , water, salt, it skimmed, rapeseed oil, milk proteins and vegetable proteins, ait",France,Cereals and Cereal Products,Bread,"White bread (not high fibre, not multiseed bread)",EUwest,0.144290334273761,0.139859201949948,0.489013264724146,444.777419351651,0.498916807218704,0.939429203280265,11.9128620133587,0.0004563822066897,0.0001420038752731,0.0020167038938941,5.30933996061537,0.0092964066442279,0.0020931123037522,0.0924093378072644,0.143395480434403,0.139580767096158,0.485059001836931,434.367102782405,0.480688828441539,0.935325122196988,11.7316699127088,0.145185188113118,0.140137636803737,0.492967527611361,455.187735920897,0.51714478599587,0.943533284363541,12.0940541140085,0.139337918567143,0.104105752031571,0.386168719374888,60.2204379281745,0.197627668281244,0.685919500368369,2.32431430950905,0.131459596182115,0.140385921730678,0.435788839901831,4680.95951975873,0.305060748002486,1.11958016148515,63.5477374192727,0.146750111628141,0.13806668226506,0.400779118922442,263.323158060192,0.316816523701043,0.892006403347211,8.55707129734382,0.109718822081543,0.134325893624568,0.446489023774083,351.599549758734,0.315069312225784,0.921105621165785,11.5424074192727,0.125318822081543,0.134715893624568,0.461309023774083,361.077329758734,0.393459312225784,0.937875621165785,9.60371741927272,0.143303704404376,0.137621884956228,0.505895056082374,354.403190395989,0.412711765872499,1.04290105747045,11.8600216808961,0.140991241572109,0.14806135094013,0.421189021409014,564.702569758734,0.465170737497035,0.825194985230695,13.9233574192727,0.135784729094872,0.140283080648456,0.582639233387377,594.73230905586,0.288150620342454,0.974188715203001,14.2181855726845,0.120843177559247,0.125736597946728,1.20859872780197,508.556546414802,0.523320590946673,1.39030800539551,15.2865212973438
291120241958359,Cantonese rice omelet poor in salt,"rice cooked (38%) (water, rice), omelet (31%) (eufs , corn starch, lactoses and milk proteins, acidifying citric acid, thickening xanthane gum), peas (11%) , carrots (11%) , onions, oil, oilof rapeseed, chives, sugar, ginger, salt, pepper",France,Cereals and Cereal Products,"Pasta, rice and other miscellaneous cereals",Rice,EUwest,0.0670923419412864,0.0323031498019119,0.198724509841502,110.527387631911,0.284048369029565,,3.87987675326473,0.0003138118139602,5.74206945113004e-05,0.0009766811628114,3.06044321492114,0.004918392284749,,0.0474414404236739,0.0664770337578343,0.0321905618697164,0.196809477056352,104.526607319129,0.274404605195305,,3.78685569660325,0.0677076501247384,0.0324157377341074,0.200639542626652,116.528167944694,0.293692132863825,,3.97289780992621,0.045931071376112,0.0271345262459552,0.124527489858697,29.8287838489721,0.150422831726704,,3.77567766604035,0.193878700683904,0.0469174913620692,0.138662111835119,3449.8342031493,2.67748539338755,,47.913388387327,0.0546467411023595,0.0323592704818569,0.213831920505231,30.4858741249421,0.184942758487824,,3.40577038124821,0.065241684494259,0.0284079578383509,0.168517056762063,62.7851870385548,0.210187641103684,,4.49625305451892,0.0527021367196041,0.0325217252572744,0.168623456252137,105.716516467396,0.109477667225361,,4.18999225816627,0.0629618181293326,0.0310747523317738,0.180342827200605,116.662489943446,0.253661185340986,,3.22636874445174,0.0661728106720044,0.0319462989706523,0.204887713018072,126.004091693569,0.137033750401454,,4.27921644455856,0.0622438644838494,0.0341458913620692,0.294472374564717,120.759859529298,0.207015354259812,,3.48791720732695,0.0980263391332545,0.0366740753032265,0.257270826817475,101.904660980532,0.472861530159261,,3.40773588009423
291120242032554,Mini matching donuts,"ble flour, vegetable fats in variable proportion (palm, rapeseed, sunflower), sugar, water, butter, chocolate powder (4%) (sugar, cocoa powder (2.6%), egg, egg white, dextrose,ble gluten, lean cocoa in powder (1.3%) , lactoserum powder,skimmed milk powder, whole powdered milk, hazelnut paste (1%), yeast, emulsifying salt e471, e322 (soy),cocoa paste (0.2%) , ble, cocoa butter, malted blend, coloring e160a (iv),antioxidant e300, natural vanilla aroma",France,Cereals and Cereal Products,"Buns, cakes, pastries and fruit pies",Buns cakes and pastries,EUwest,0.18527912431861,0.226375100048696,0.671392673341353,150.546012145972,11.3324168847529,0.939360224046025,14.5713000095972,0.0006762130256458,0.000854002888942,0.0045478911986434,5.52036905286278,0.0926344666744066,0.0030797380262119,0.301054708982614,0.183953236031659,0.224700609341586,0.662475371482446,139.721919161595,11.1507833614793,0.933321611329371,13.9810053875877,0.186605012605561,0.228049590755806,0.680309975200261,161.37010513035,11.5140504080265,0.945398836762679,15.1615946316067,0.159382379249266,0.0683754305293734,0.358809346970993,43.2944264050539,4.59249835323238,0.765132019422278,1.90493665884563,0.241367140659135,0.329204572932709,0.760324051104411,4572.47179665919,17.834540495,,57.1424223117571,0.185223133731865,0.160706254661242,0.404784256125698,57.5373348239639,5.1329303883151,0.887465829991238,14.810620826281,0.186723993474651,0.166723094807531,0.4663289306898,55.6735580546371,3.89202387577307,,14.469212993573,0.152365202363149,0.235807089921579,0.579220962057551,48.8217667389755,16.5485199776958,0.808072366620233,1.95714981154427,0.174817484692693,0.231899668502627,0.661527054369998,78.8682321264816,14.2994834818738,0.845024916853111,16.9396891773646,0.238364768783615,0.208572841665187,0.749992107979145,185.878988009143,6.98370608866221,,30.7825411391208,0.276593328257943,0.331051722401285,0.759210823218808,49.8285040743302,17.897919816026,,2.05254469932582,0.192454556260283,0.177746009356809,0.917135512078494,740.072273077775,6.00281782482401,,50.6274515343237
291120242078950,Porridge oatmeal strawberry,"whole grain hair flakes (78.6%), sugar, whole milk powder, dried strawberries (2.1%), salt, aroma",Germany,Cereals and Cereal Products,Breakfast cereals,High fibre breakfast cereals,EUwest,0.191376575774544,0.135940236079276,0.733628662175364,431.885787797153,1.49258817182654,0.96595622015791,13.2980235205581,0.0017714116352215,0.0005610396875961,0.0087280248254603,30.2837521218278,0.0218124819925839,0.005873819331175,0.453110703612006,0.187903270988281,0.134840174527537,0.716515141072686,372.506759738784,1.44981923173451,0.954439097660257,12.409584298262,0.194849880560807,0.137040297631016,0.750742183278041,491.264815855522,1.53535711191857,0.977473342655562,14.1864627428542,0.149813560469815,0.0935341729368236,0.203152145480819,40.1761709912528,1.39296257009874,0.538544201273576,1.01225450838351,0.388506425351261,0.144732325452749,0.901490332967718,18572.9753555761,1.51483197723658,1.93620546848857,315.665755196325,0.105522695801975,0.101434709662401,0.457790329332608,184.743499435538,1.41788136367946,0.892597375471435,8.30886799154938,0.158133695801975,0.102577709662401,0.430013329332608,139.717294435538,1.46916336367946,1.06087637547143,3.90312199154939,0.134604695801975,0.121084709662401,0.523028329332608,187.107001435538,1.45246536367946,0.732253375471435,12.4157179915494,0.152171560469815,0.105324172936824,1.06225014548082,39.7375829912528,1.42676057009874,0.721682201273576,0.987102508383509,0.348598332405468,0.165133274507304,0.471110276702738,96.9162180143365,1.71145191071033,,17.6514156086442,0.239785934249184,0.127928719659245,1.58225233061233,42.9218798305447,1.86513264712621,1.03542970967245,9.0046896592767,0.208622140953915,0.144527565159083,2.68053785925728,166.739247444994,2.2592521851056,1.20369760771736,3.92848999154939
291120241916006,Pasta Box - Chinese noodles,"pasta made every day by us durum wheat semolina (52%), water, egg, salt,a sauce cooked in our workshops, with chicken meat and crunchy vegetables, raised with a hint of ginger (48) marinated chicken (29%) (chicken meat, water, sunflower oil, natural aroma, salt, dextrose, cassava starch), carrot (14%) , onion, gourmet pea (10%), water chestnut, water, chives, soy sauce (2%) (water, soybeans, wheat flour, salt), rapeseed oil, oilsesame, sunflower oil, cassava starch, garlic, ginger (1%), salt, sugar, preservatives e202, e262i, pepper",France,Cereals and Cereal Products,"Pasta, rice and other miscellaneous cereals",Pasta,EUwest,0.172186058682895,0.127582492426808,0.570583010693313,415.138819306462,1.67871150399599,,11.1314979471492,0.0006321506744179,0.0002161573850632,0.0021227241707899,6.67190240276747,0.0116372750320262,,0.109888354634993,0.17094656588549,0.12715866068426,0.566420867984231,402.056851181016,1.65589365507588,,10.9160337712799,0.173425551480299,0.128006324169356,0.574745153402395,428.220787431907,1.70152935291609,,11.3469621230185,0.150006634471658,0.116268531772364,0.460969980614183,135.848325793239,1.49590780825153,,5.92194292402795,0.18973533348164,0.120184890693184,0.508339793680951,6237.73884611755,1.03050984745633,,83.7524958325265,0.142579053213449,0.12878175367677,0.649555681543578,144.880035776973,1.56536262498074,,6.41552750249931,0.131447339860646,0.128882449996153,0.461151782860967,324.624361806915,1.58139951809532,,12.8540131697758,0.156237477267633,0.125398426574779,0.475184017440089,350.571622864262,1.66598161858255,,8.00679937022102,0.164760985606968,0.127961972062145,0.644092742294862,329.300126696887,1.6940891254545,,7.66696845212567,0.168194191765794,0.138040709346982,0.588912383144419,451.00051323071,1.8832765012629,,15.3085946268063,0.179252262633823,0.147086729800069,0.924072801842596,431.434944937175,2.17911102833712,,10.0012635154251,0.208312367739632,0.139519861874037,0.710203181192496,629.750109515168,2.32604643868564,,15.1231263774807
291120242258413,Granola 2x168g barre sable,"wheat flour (38.8%) , sugar, vegetable fats (palm, shea in variable proportions), cocoa paste, cocoa butter, powdered lactrum (milk), skimmed milk powder, pastry butter, sugar syrup, itswheat, lifting powder (sodium acid carbonate,- ammonium acid carbonate), salt, wheat germs, emulsifiers (soy lecithin, e 476), lactose (milk), acidic corrector (citric acid), aroma",France,Cereals and Cereal Products,Biscuits,Biscuits,EUwest,0.978606445953201,0.212160667943864,1.33124604252709,190.91449599658,29.5321976990822,1.55719056720246,14.1729024888826,0.0045611480931607,0.0031492507108944,0.0081510653029848,5.18554888352921,0.743042080965359,0.0085017432058615,0.247233903520963,0.969663150567853,0.205985757860967,1.31526379787707,180.746903440201,28.075273986436,1.54052072898905,13.6881372974659,0.98754974133855,0.218335578026762,1.34722828717711,201.082088552959,30.9891214117284,1.57386040541587,14.6576676802992,0.625878260094103,0.124597574755739,0.334559238228761,77.908037141802,21.7469031235925,0.628681493130522,12.8307621041768,2.01036285364633,4.52220292063474,5.04885466416422,812.207533219764,1031.90920948317,3.98168138209766,93.5407437740998,0.896070023750145,0.147961643735576,0.380111260885505,88.0711610624044,33.4593216989327,0.761158572624768,13.0325962481179,0.752647494742486,0.162070638299849,1.25132439818924,72.4474056380102,17.8922846008186,1.53245846282017,3.23317898897793,0.794089588565179,0.194827001113737,1.22577489937092,99.7550346824993,19.510848693305,1.39620739268449,13.5600724161366,1.03758646270116,0.182119527914309,1.45702390110707,87.1615987757589,23.6396685518588,1.55604119811566,3.60137845751343,1.03218650808885,0.23567494561515,1.75912939744911,73.1850147973681,26.4100431260672,1.88642195401233,3.22391313460651,1.0336146167577,0.222092541506591,2.41197308590525,275.602518566184,25.6891770590843,1.93126105665577,56.2305077711789,1.46392875092366,0.230300730777096,2.05715048824697,179.424720520286,26.9858387989549,2.02102174421167,7.33785243033236
291120242019024,Penne goat and spinach 300 g,"mini penne cooked (46%) (water, durum wheat semolina, sunflower oil), water, spinach (8%), goat cheese (4.3%) ( milk), light creme light (2.7%) (original milk ),corn starch, milk powder, salt, wheat flour, basil, natural aromas (contains milk), pepper, nutmeg, turmeric spice",France,Cereals and Cereal Products,"Pasta, rice and other miscellaneous cereals",Pasta,EUwest,0.236968061563924,0.117254154277185,0.963478260445589,361.149054051252,1.66420944801172,0.766370626542961,8.30867567938206,0.0016148045941792,0.0002745237937813,0.0122413897115277,6.30492615313297,0.0345010492440923,0.0019665817720528,0.0912364385260697,0.233801824866409,0.11671588028828,0.939475890454245,348.786636559299,1.5965613321882,0.762514640872756,8.12978334723672,0.240134298261438,0.11779242826609,0.987480630436932,373.511471543204,1.73185756383524,0.770226612213166,8.4875680115274,0.196751900425914,0.105631849912173,0.479465102446587,91.0341541250937,0.672626791000854,0.653178101106689,7.5327482678624,0.332866077347744,0.132181062645414,0.652515920920195,7650.82319255873,2.33353508608215,,120.737064423793,0.192826274662456,0.1189991013568,0.480901126757575,240.900900334424,0.708446700985898,0.699887678754787,6.21301558001272,0.166031695895445,0.106038453016102,0.617839772026339,285.951879508513,0.394837433835097,0.785304893259789,6.61227812834079,0.197279708358916,0.118547846115199,0.496145417051172,316.574675192098,0.688011085013081,0.716062074081409,6.810642620397,0.180211135718739,0.124623681927937,0.928913325979831,235.988309489308,1.20224840079283,,5.7555914899295,0.292599160644285,0.136752509736528,0.686512861132058,361.330097471569,3.318513196072,1.25144709967372,7.25798564613845,0.456820344292671,0.12839734126248,1.52153063524043,565.341576246927,6.1678753759638,0.651161112966373,10.2165865272316,0.342706279880472,0.119825999213637,2.62589897641629,343.789004715871,4.0535256921025,0.687050784241331,8.13960774203844
291120242116569,Luvedrink nature,"lupine seed extract (89%) (water, lupine protein (1%)), rice syrup, oligofructose, rapeseed oil, stabilizer gellan,tricalcium phosphate, riboflavin (b2), vitamin d2, vitamin b12",Germany,Cereals and Cereal Products,Breakfast cereals,High fibre breakfast cereals,EUwest,0.0203616847322288,0.018100013319442,0.115476043733053,203.809132443523,0.208832375991335,0.104125885979533,12.5624843787599,0.0001951326893643,0.0001839862879662,0.0030372310693358,8.35471250610049,0.0051289829025439,0.0013359088469343,0.205292197060537,0.0199790772736067,0.0177392612266514,0.109520776758198,187.427585456755,0.198775695483058,0.101506495601933,12.1599566113821,0.0207442921908509,0.0184607654122326,0.121431310707909,220.19067943029,0.218889056499611,0.106745276357133,12.9650121461377,0.0099476715855574,0.0090430202284898,0.039259794983704,3.94298822247413,0.0543077461607268,0.0656960002638455,1.03104597281001,0.0380940818847018,0.0125049361424282,0.0230457164773803,3297.30958516547,0.482048594119186,0.0858105126860171,40.2139492916207,0.0095073585856867,0.0182895932257744,0.0195473206818007,15.4747856890876,0.108771077221656,0.0694894661088853,2.39831944810079,0.0116724575110756,0.0183137842752201,0.0324895321352423,15.4766483998949,0.112266683866557,0.0577930937018965,2.39831944810079,0.0204396141682896,0.0071657008993036,0.0447627754639156,64.3998010031328,0.106829635042226,0.0848500507000343,22.2798787746413,0.0197022566212014,0.0211225970848315,0.0411341180470628,56.8860140439717,0.0522029453591561,0.0589569427645545,19.7024795185251,0.0352218089933254,0.0312642112962531,0.478137845868899,0.0123306142250471,0.432740110587741,0.259384136840193,0.0025764158043485,0.0157707416252723,0.013649316381046,0.0175294115892264,651.688922846569,0.147181700092968,0.0566062548576592,9.18689592895334,0.0145369981035424,0.0126332923043272,0.0745114285585379,651.696434167422,0.141000886959596,0.0545137290806074,9.19392342881732
291120242351613,Organic oat flakes roughly,oat flakes,Netherlands,Cereals and Cereal Products,Breakfast cereals,High fibre breakfast cereals,EUwest,0.351349,0.144126666666667,1.53021033333333,124.388017666667,0.591257,0.738681,3.576396,0.0025974195177662,0.0008318426502684,0.0178190216556409,13.9083209508162,0.0437391856881307,0.0042845386310785,0.382497043548563,0.346256095864332,0.142495626765411,1.495271591839,97.1172033811391,0.505495159004289,0.730280068088772,2.82641288728185,0.356441904135668,0.145757706567922,1.56514907482767,151.658831952194,0.677018840995711,0.747081931911228,4.32637911271815,0.333,0.141,0.34,0.0,0.208,0.501,0.0,0.721,0.426,1.112,10530.387,4.983,1.828,179.11,0.333,0.141,0.34,0.0,0.208,0.501,0.0,0.333,0.141,0.34,0.0,0.208,0.501,0.0,0.282,0.203,0.524,0.0,0.12,0.933,0.0,0.265,0.109,2.538,0.327,0.115,0.845,0.19,0.265,0.109,2.538,0.327,0.115,0.845,0.19,0.265,0.109,2.538,0.327,0.115,0.845,0.19,0.265,0.109,2.538,0.327,0.115,0.845,0.19
291120242085145,Farmers' black bread - full rye grain bread,"rye -rye grain grain (60%), water, sugar beet syrup, malt extract (barley), dining salt, yeast",Germany,Cereals and Cereal Products,Bread,Other bread,EUwest,0.175519981749553,0.0760002039302092,0.625026898924195,0.475079678532929,0.495633205354166,0.768842222644832,0.275013345122667,0.0006540689214959,8.96659159627985e-05,0.0112551233252092,0.0309999091012712,0.0061459696816536,0.0028337435983113,0.0006280238694531,0.174237512632603,0.0758243910085337,0.602958355995979,0.41429644186773,0.483582462609189,0.763285944811179,0.273781943980049,0.176802450866504,0.0761760168518846,0.647095441852411,0.535862915198127,0.507683948099143,0.774398500478485,0.276244746265285,0.196962592513875,0.0733268253329871,0.228340860505661,0.645053039195072,0.286576980135895,0.666857013841347,0.264984631974811,0.167164330566845,0.0936419170222821,2.09666927033584,0.405612341128624,1.34239785424152,1.19426615825326,0.271356338818069,0.196028370384753,0.0733268253329871,0.243101570145777,0.330407026107014,0.285082224729301,0.718052386517195,0.264984631974811,0.195999797708326,0.0731839619508512,0.245273093554242,0.340150308768678,0.285139370082156,0.718823848780728,0.271356338818069,0.197056014726787,0.0732334031200749,0.253097746927375,0.330407026107014,0.286576980135895,0.76560429288947,0.264984631974811,0.197896814642996,0.0737939363975477,0.253564857991936,0.330407026107014,0.287978313329577,0.740753984254843,0.264984631974811,0.0975643305668449,0.0780419170222821,0.95786927033584,0.405612341128624,0.751997854241518,0.549266158253263,0.271356338818069,0.154495481449314,0.0864728698426021,2.01685543745484,1.25058888440005,1.25375102171283,1.1838367409183,0.368029332816892,0.162866908772887,0.0881300064604663,2.0802269608633,1.26033216706171,1.32520816706569,1.18940820318183,0.37440103966015
291120242142641,Mcvitie's Digestives To Go,"flour (54%) (wheat flour, calcium, iron, niacin, thiamin), vegetable oil (palm), wholemeal wheat flour (1 (6%), sugar, partially inverted sugar syrup, raising agents (sodium bicarbonate, malic acid, ammonium bicarbonate), salt, dried skimmed milk, for",France,Cereals and Cereal Products,Biscuits,Biscuits,EUwest,0.177349697166667,0.2931727705,0.733242534166667,75.8847392306667,16.9851938741667,0.972246716707445,6.26358939783333,0.0005259387707483,0.0011035346951435,0.0036066602465722,8.04122935556327,0.156008529915187,0.0025842530234643,0.165953829408314,0.176318459924345,0.29100900897657,0.726170755903634,60.1178559987961,16.6792993192941,0.967179628845515,5.93819454407849,0.178380934408988,0.29533653202343,0.740314312429699,91.6516224625373,17.2910884290393,0.977313804569375,6.58898425158818,0.197138,0.06577,0.2930655,8.4138715,2.9983435,0.599211,5.202551,0.150999,0.338582,0.8863,6537.328827,24.541536,1.49134,94.251079,0.1876625,0.2009545,0.46973,4.1529645,9.2701965,0.883239,0.4985115,0.1906425,0.2229645,0.41208,7.9973745,6.2803565,0.792199,5.2097415,0.2668425,0.2121645,0.43068,7.9973745,6.5539565,0.631999,5.2097415,0.147938,0.33367,0.8192655,9.3876715,24.2359435,0.985911,5.202551,0.157445,0.3303425,0.984552,9.3472525,25.023228,0.9473095,0.56213,0.1614715,0.288171,0.9403,263.0841615,8.527781,1.2519675,21.74663,0.306569,0.342202,0.83786,9.117407,24.941236,0.81813,5.201649
291120242031768,Organic spelled couscous,full spelled flour,France,Cereals and Cereal Products,"Pasta, rice and other miscellaneous cereals",Other cereals,EUwest,0.361198,0.10458,0.4943,2.30677233333333,2.22275966666667,0.653952,0.765047333333333,0.003029216195657,0.0003171888022068,0.0049076599467732,0.107869583219972,0.0837570015538653,0.0092197137485861,0.0431556035883092,0.355258448231343,0.103958070368881,0.484677279654514,2.09526647425431,2.05853268034924,0.635874397225909,0.68042975404404,0.367137551768658,0.105201929631119,0.503922720345486,2.51827819241235,2.3869866529841,0.672029602774091,0.849664912622627,0.274,0.086,0.415,0.508,0.984,0.469,0.219,0.975,0.109,0.058,8.639,19.823,0.471,0.22,0.274,0.086,0.415,0.508,0.984,0.469,0.219,0.274,0.086,0.415,0.508,0.984,0.469,0.219,0.274,0.086,0.415,0.508,0.984,0.469,0.219,0.369,0.109,0.547,0.508,1.326,0.493,0.219,0.369,0.109,0.547,0.508,1.326,0.493,0.219,0.272,0.148,1.515,26.389,0.411,2.7,10.995,0.975,0.109,0.058,8.639,19.823,0.471,0.22
291120241884975,My pastry custard with eggs,"sugar, starch, efs whole powder (1.5%), dyes (beta-carotene, riboflavine), aroma",France,Cereals and Cereal Products,"Buns, cakes, pastries and fruit pies",Buns cakes and pastries,EUwest,0.240153948728494,0.165280086868411,0.830263218358278,331.898136016144,6.05293058949536,1.20473978409247,60.7812425008777,0.0016805713813243,0.0029338917138114,0.0186482934060001,14.5793519531985,0.108643224140729,0.0137388972746442,1.50557382592916,0.236858759453258,0.159527443084583,0.793698477868361,303.311594123344,5.83990780986581,1.17780116818119,57.8291806132308,0.24344913800373,0.171032730652239,0.866827958848194,360.484677908944,6.26595336912491,1.23167840000374,63.7333043885246,0.147660642755512,0.0537818977225698,0.387528359676284,1.46367642755512,10.2738070040359,0.757851643734273,0.777945086294033,0.140317275814048,0.235004362582356,12.7407195135259,138.35561403509,18.2392171665433,1.74452263744785,78.0953530477357,0.147810642755512,0.0539018977225698,0.389283359676284,1.46367642755512,10.2783520040359,0.760956643734273,0.777945086294033,0.148080642755512,0.0537218977225698,0.389478359676284,1.46367642755512,10.2744820040359,0.758631643734273,0.777945086294033,0.3229180824092,0.0754453276792808,0.241444375185406,50.3443472043615,0.003615,0.526287293754966,64.7958926844676,0.3226180824092,0.0756253276792808,0.246814375185406,50.3443472043615,0.00273,0.530397293754966,64.7958926844676,0.204049223948814,0.495597180327522,0.854275413973314,1.46367642755512,13.0233157864339,1.76836943434603,0.777945086294033,0.2609994760098,0.182302464859787,1.44898468106914,1417.96390436743,3.61752095546036,2.05963736551864,102.147070899293,0.255349450803701,0.107802137180506,2.49880767332969,3320.46245934484,3.53431391910425,2.90831947556573,239.797696871843
291120242117464,Beef Bolognese With Lentil Fusilli,"red lentil fusilli (36%) (water, red lentil flour), tomatoes, broccoli, water, beef (9%) , onions, vegetables in variable proportions by weight (celery, carrot, leek, celery, onion), tomato puree, salt, extra virgin olive oil, rice starch, garlic, herbs, balsamic vinegar (wine vinegar, concentrated grape juice)",France,Cereals and Cereal Products,"Pasta, rice and other miscellaneous cereals",Pasta,EUwest,0.457340836909819,0.532681692194033,1.60073644059042,976.967139706026,2.23397629699171,,27.9355284472257,0.0026103969090365,0.0016593977578873,0.0202759142576917,4.99900491586207,0.0667020091386879,,0.128183106931403,0.452222487285189,0.529428019213578,1.5609803338579,967.165314226516,2.10318997777135,,27.6841927384777,0.46245918653445,0.535935365174488,1.64049254732294,986.768965185536,2.36476261621208,,28.1868641559737,0.346708917523309,0.447003811111489,1.33861229608283,676.465128679058,2.08471434039412,,22.5478944458222,3.20019855983443,0.413197959963069,23.8442460129226,977.733648751129,86.7242305535641,,91.7581380593942,0.341867972537346,0.452454718223888,1.37039374428155,766.881085279817,2.17985733547157,,21.736595832919,0.340625670838508,0.49637387359994,1.4057438491433,695.791395932216,2.15967002656468,,21.5270570789306,0.397212724379311,0.498396003534443,1.45664626611065,721.476332106673,2.65457885314945,,22.2566843031187,0.48041650814974,0.600745194003818,1.4637689877932,821.959552389856,2.1276985874837,,22.6990307865843,0.434457091996554,0.541148483273349,1.54619347753287,1230.86828423133,1.93504088572771,,31.4425390961621,0.621531962866816,0.696957998150549,1.92712592797678,1001.03352992263,2.20449987467909,,31.1140699577573,0.60749645937437,0.741107496073679,1.96147045494015,956.34624240106,1.8502981132964,,31.6561101508233
291120242340706,Blue sirop hazelnut,"wheat syrup (39%), gluten wheat flour), palm oil, may malt syrup fapte with hull hazelnuts), beacon sound, soy flour, egg powder and quot, carmel, sea set, sea set, sea set, sea set, sea setsodium bicarbonate powder, and quot, from controlled biological lagulture",France,Cereals and Cereal Products,Biscuits,Biscuits,EUwest,0.258966939041314,0.171914409821316,0.761470783508257,642.418906808359,10.4422086327299,1.02136453364758,18.5167323724249,0.0011797936230549,0.0006001748810506,0.0033717274589446,14.0455076010779,0.0691654970534404,0.0026294573772456,0.234086845311704,0.256653652419344,0.170737613730843,0.754859650958221,614.879103068606,10.3065920164769,1.01620881110852,18.0577453453239,0.261280225663283,0.17309120591179,0.768081916058294,669.958710548111,10.5778252489829,1.02652025618664,18.9757193995258,0.160361155036405,0.112416886554274,0.409630660489338,107.578368960823,3.53863665337172,0.943757202644327,11.129688038306,0.185404659685258,0.189200465491829,0.483103068741975,7431.57318821383,10.8313127632709,1.19770942008302,93.825257022508,0.353860050284331,0.146584237814654,0.514015229875113,75.0513470401432,15.1300553224098,0.843909373941457,5.37646779154936,0.382061362357043,0.170725504954985,0.507333602954263,64.3435466374789,18.2127751984271,0.721064735380105,2.63847949240577,0.361186735282106,0.199987006839628,0.752794122881252,64.4602429954605,19.7562188568555,0.964002743172749,2.72648799571691,0.230557463974529,0.188157546175237,0.831301962100185,410.823526591364,11.8047116312106,1.00580756588601,16.4180129207215,0.292066344822842,0.190970452311593,0.847866853792058,409.589910978009,12.3726061256282,,16.2691789315956,0.1959506229108,0.110026924669512,0.687174242753348,1810.40942072248,7.73592668803272,,36.0807454497901,0.199505469608036,0.191145404791523,0.499086308939194,2799.14156217981,10.9776694455729,0.912164559802484,37.7045197646756
291120241952333,Chocolate pepite brioche,"t65 wheat flour, equitable chocolate chips (cocoa paste , cane sugar, cocoa butter, emulsifier sunflower lecithin, vanilla extract, red cane sugar), eggs, butter, (9.9%) , water, levain (t65 wheat flour, ea), rum, oat fiber, unrefined sea salt, yeast, orange blossom water, vanilla infusion",France,Cereals and Cereal Products,"Buns, cakes, pastries and fruit pies",Buns cakes and pastries,EUwest,0.671983943399669,0.179053158461978,1.02886282696633,390.341733458792,16.9684642688108,1.5664168974425,15.5074602407072,0.0029227764280446,0.0016790513400236,0.0049546162985061,5.07118197395941,0.396672525203475,0.0055090007258487,0.126716625403097,0.666253093971532,0.175760949615808,1.01914803670442,380.398386428693,16.1906865050354,1.55561509496579,15.2589999434164,0.677714792827805,0.182345367308149,1.03857761722825,400.285080488891,17.7462420325861,1.57721869991922,15.7559205379981,0.42561207712546,0.137475933738961,0.449105155693596,227.170978058204,13.5672313148241,1.0575316448368,11.9725054427847,1.30861569457179,2.86017531502164,2.90858669298035,302.832442508247,634.33149930471,2.76776895278111,10.2257041566444,0.607946558266552,0.144638838252289,0.483100622911237,232.37785197832,20.7944740499193,0.983605067217063,11.9906199486164,0.516247202243874,0.159581355765126,1.00310558585695,239.241406489443,10.7987982391438,1.56244750994597,10.8277642252094,0.556013085257435,0.166862732369723,0.94627335283905,312.06779956605,10.6191370946455,1.56504571110782,14.6803923657842,0.721813615881349,0.145884929849157,1.12008333947724,298.828080538431,11.3062105694555,1.56141211061557,14.7511494396658,0.911535425850624,0.208248669974615,0.724866381603212,236.759066157095,30.4035159904042,2.06681478738178,13.3989762540152,0.722876806738506,0.167334247268654,1.22105805511353,839.015987855142,13.8295640316827,1.59575824726842,26.7670174856478,0.772505631365437,0.149193206247178,1.33144061851993,1048.78008032845,13.3622803703809,1.64585170653678,35.5462977612124
291120242155353,Organic Just5 Apricot & Almond,"organic jumbo oats , rice syrup, organic fairtrade dried apricot (25%) , organic fairtrade almonds (5%) , rapeseed oil",Switzerland,Cereals and Cereal Products,Breakfast cereals,High fibre breakfast cereals,EUwest,0.30748992300601,0.200564063879332,1.69227786119366,4967.09620895331,3.1857674836694,1.33733248926742,125.051418000148,0.0015193695074661,0.0014817535329614,0.0258605474913705,63.2550955364358,0.0342729889429727,0.0117677639157122,1.37535641221925,0.304510811162407,0.197658707757827,1.64157165514239,4843.06844391341,3.1185665382944,1.31425878357453,122.354680599086,0.310469034849613,0.203469420000837,1.74298406724493,5091.12397399322,3.2529684290444,1.3604061949603,127.74815540121,0.240073719819539,0.124287411768333,0.513153543407591,316.32419699381,0.981669911845412,0.710344291067044,17.7730675433459,0.254179614557463,0.172163715174415,1.54889682820235,27594.5548782059,2.71724635611934,1.57196152945166,333.871911366872,0.309865922608669,0.149118647063055,1.397352862294,669.817928205879,4.11102860071458,0.877163524827095,11.9588113668723,0.311122075856659,0.28788727090049,0.612757205971522,1357.73194699381,3.43654537004443,,326.680567543346,0.300244269355541,0.226842343656974,0.786324069717972,3666.20849699381,2.07428003413276,1.17641401862161,189.734817543346,0.23523604954114,0.138914537155855,1.32240173535125,5097.54807820588,1.56729947995163,0.759141120783507,78.0576613668723,0.294973719819539,0.184537411768333,0.477103543407591,8060.77374699381,2.70001991184541,1.07569429106704,113.603067543346,0.334247275545614,0.172564396288012,0.483105518585636,9021.66226556968,3.99897043189378,1.03551787153286,108.363988397843,0.227629614557463,0.129963715174415,1.33364682820235,10350.0467282059,2.38394635611934,0.857111529451664,140.117161366872
291120242501682,Chocolate panettone,"wheat flour, chocolate chip nuggets (15%) (sugar, cocoa paste, cocoa butter, emulsifier sunflower lecithin, natural vanilla flavor), fresh eggs, sugar, butter, whole milk in rehydrated powder, fresh egg yolk, natural leaven (wheat flour, water), emulsifiers mono and diglycerides of fatty acids, glucose syrup, natural aromas, salt",France,Cereals and Cereal Products,Biscuits,Biscuits,EUwest,0.574268612079308,0.22386110081744,1.08791206934301,555.129509248456,13.9263423306886,1.87849736246274,27.5792181522175,0.0020763634780874,0.0015009027932134,0.0052564385174295,6.19718595637291,0.323096742354438,0.0048927676990736,0.304623154537577,0.570197371345044,0.220918197682036,1.07760547955988,542.978343920394,13.2928286744993,1.86890384217115,26.9819266816049,0.578339852813571,0.226804003952843,1.09821865912613,567.280674576519,14.559855986878,1.88809088275434,28.1765096228302,0.378635003262232,0.175083166934934,0.545881136366529,316.147206881347,12.3915857392572,1.39360374182705,12.0313727077042,1.01652369952588,2.11214071352264,2.78210474679069,1204.41302423098,449.588784327282,3.11735482084053,66.0161290768353,0.498714919691487,0.18383607491006,0.744836705483916,371.92036465725,14.0274201644069,1.42961536801538,25.2709316078305,0.45438452234562,0.199527225325104,0.981214771218553,367.510399464838,10.0319108314116,1.84956566669208,13.9883929573634,0.620111902507151,0.184842687763148,0.947845597183643,319.212492437594,19.0807257252081,1.44471731067278,24.2204450881445,0.478081934085165,0.294472904090339,1.24036359733105,362.398277464838,10.902072693392,2.13499557611,13.8276081573634,0.609902334085165,0.264772904090339,1.16311879733105,567.013097464838,10.210704293392,1.83276077611,17.9166681573634,0.736344573951918,0.186723224236646,0.764722772434229,1158.79237033203,21.2474249158443,1.58890320200727,30.0716661880182,0.738154682867376,0.176128737813394,1.19440637196269,1208.89887849554,11.7358241878662,1.99600822627741,31.412070703208
291120242509757,Mozzarella Sticks,"mozzarella (60%) , wheat flour, sunflower oil, but modified starch, salt, corn flour, water, spices, ppend of whole egg , proteins of milk , yeast, spices extract, lifting powder diphosphates,fine herbs,red chili sauce sugar, water, peppers, red peppers (2.5%) , modified cornstarch, alcohol vinegar, apple juice, salt, acidifying citric acid",France,Cereals and Cereal Products,"Pasta, rice and other miscellaneous cereals",Pizza,EUwest,0.540731168339362,0.563119212877315,2.16177800331805,2516.72147811669,2.15125214296704,3.92687280015177,72.7519493513254,0.0010334119268166,0.0006871891390736,0.0100429545340226,19.018338934371,0.0191183331255264,0.0105855406014625,0.368515991865364,0.538704900406926,0.561771803117576,2.14208622679492,2479.43116888868,2.11376576959683,3.90611714511079,72.0293796600632,0.542757436271798,0.564466622637054,2.18146977984117,2554.01178734471,2.18873851633726,3.94762845519275,73.4745190425876,0.319221261316808,0.400379716682843,1.44459149489681,323.617149451647,0.979827852939899,2.58172716376327,9.59651196890466,0.540760296583153,0.547767828557469,3.29049331381729,9431.93515257857,7.04415799513266,5.47897826927356,203.671582867656,0.455007497193306,0.525789508086127,1.85307223542325,1911.6437093472,1.80514244169643,3.58284258583805,59.0612963065597,0.510986691679016,0.522417918711305,1.94553964563607,1805.77307082206,2.21081894500112,3.62644601323833,59.2241968972872,0.571769786001215,0.595902135258313,1.84335744941372,1775.52554555469,1.33034521061543,4.2554157546728,58.3451924322097,0.551018029904524,0.582960643117251,2.04758215722517,1949.53753005852,1.22061002321525,4.25564690453466,63.9886131082906,0.528924557738172,0.573755812764091,1.89312319411527,3505.49735555468,1.49712661952982,3.64452967146779,92.7805824322097,0.554485593156594,0.565672603492929,2.1670323427256,3694.53786005852,1.36198982509364,3.69805882704679,93.4650931082906,0.659824731751699,0.574431873415424,2.40177302309929,3687.29190151471,3.77741358852164,3.69648289836868,92.9233134918425
291120242023183,Fresh egg shells (batch of 4 250 g packages),"higher quality durum wheat semolina, fresh eggs ,naturally contains gluten (13.5%)",France,Cereals and Cereal Products,"Pasta, rice and other miscellaneous cereals",Pasta,EUwest,0.240064927975285,0.217851923704598,0.799551127521836,654.117808179289,3.19354412619141,1.89694320087842,21.7555265997938,0.0012549716525404,0.0005594092224659,0.0023778088507568,9.66892845444886,0.0200400104930703,0.0041524241078511,0.192574590305789,0.237604235632114,0.216755059096035,0.794888826169661,635.159405281213,3.15425056902019,1.88880131322136,21.377934947508,0.242525620318455,0.218948788313161,0.804213428874011,673.076211077365,3.23283768336263,1.90508508853549,22.1331182520797,0.20433112808437,0.211053846958902,0.635730711468019,393.660859037153,3.04925712977498,1.76832963631606,15.4628797933019,0.218778106911403,0.251584439077406,0.798630195427283,6522.2809744419,3.64564636980235,2.57914915610031,91.8555461023226,0.210125997866602,0.202361542285553,0.690781974399227,393.660859037153,3.05852892142655,1.71965273014531,15.4628797933019,0.19911574528036,0.213371794871795,0.71280247957171,394.274535747091,3.04056482510163,1.94681162560882,15.585151545707,0.22055676347462,0.208735899046009,0.71106401863704,393.660859037153,3.07533404379503,1.79846295918367,15.4628797933019,0.207228562975486,0.208735899046009,0.928951122448979,393.660859037153,3.03650841625407,1.85699114398422,15.4628797933019,0.231021025439762,0.260186303586523,0.754696373425109,720.55415294288,4.05782574346898,1.83454858471199,23.6168980076882,0.281834999194944,0.167237262206658,0.910370693153,1302.23514255766,1.58493038179769,1.38748275510204,34.8143952302459,0.385693804089683,0.139063476230729,0.829306159280279,1881.49669029747,0.872948562975485,1.6135630678662,47.3936171841162
291120241987334,My good little cookie - County,"frove flour t65, comte (10%) , water, coconut oil not hydrogenated , sesame , small oatmeal , guerande salt",France,Cereals and Cereal Products,Biscuits,Biscuits,EUwest,0.156654622701252,0.140198135113311,0.503738832741251,45.1558617199846,5.3335032426099,0.626030291087922,1.74504979619767,0.0010574724172891,0.000370834161756,0.0024862269964406,6.31793865588063,0.047947605965254,0.0017965241877763,0.109179649135288,0.154581178034139,0.139471020058105,0.498863949933228,32.7679298940538,5.23948971917037,0.622507746730659,1.53097521840669,0.158728067368365,0.140925250168517,0.508613715549273,57.5437935459154,5.42751676604944,0.629552835445186,1.95912437398866,0.131036567728638,0.0576538882333027,0.413104771720732,0.638191585879291,0.961657593289188,0.415667864380894,0.202968894492033,0.136335890598692,0.154366926336461,0.462671373723901,6075.21034604066,7.56152122258682,,73.8169716325556,0.132164804450133,0.119229785605763,0.318874887938202,0.421770026772677,2.11512264085658,0.574733856612902,0.193988797379069,0.13211642204916,0.122928994859219,0.351260696266625,0.34876391371807,2.6762959688434,0.656109650045203,0.193285124000229,0.144276942185679,0.132312517352645,0.386935335334632,7.63237762186024,1.99612630056723,0.716356758909131,1.62915474636916,0.135304937330735,0.144989267738728,0.517334505324763,0.923707059343454,7.28053382216848,0.553607821415957,0.202968894492033,0.122585967174489,0.145567980198138,0.741626488333569,0.923707059343454,7.29463068343594,0.625630063485867,0.202968894492033,0.303555128899654,0.150837779605501,0.54617597373377,7.89409248167831,4.43644001574606,,1.67169680775738,0.313579839449785,0.185875997173201,0.584227235593838,1.24176175352761,9.25444631028321,,0.236530858767288
291120242343371,125g Grissini Sesame,"complete wheat flour , levain (wheat flour , water), sesame (7%) , extra virgin olive oil (3%) , sea salt",France,Cereals and Cereal Products,Bread,"White bread (not high fibre, not multiseed bread)",EUwest,0.207481285482034,0.0984899609730832,0.500989174180234,210.301147510743,3.42857279186257,0.682155454136781,3.91699878564492,0.0011981936825165,0.0002604592721956,0.0028516117995201,11.7363196552447,0.0185366888353461,0.0025509903715173,0.172208853006614,0.205131920845601,0.0979792640696891,0.495397861176016,187.289096318828,3.39222688062821,0.677153586196587,3.57933936109796,0.209830650118466,0.0990006578764772,0.506580487184451,233.313198702658,3.46491870309693,0.687157322076975,4.25465821019189,0.177124704147342,0.081802455631879,0.266392118458078,0.784073205709554,2.92415268212511,0.445675612557303,0.180055385987676,0.311399015183399,0.114984874138681,0.562647677965525,7760.1115589286,4.48827325758661,,94.2619154116721,0.19240950436529,0.0948921377277708,0.334350070913021,0.784073205709554,3.17935841547864,0.506758546780558,0.180055385987676,0.159149431415533,0.0880228696457043,0.239022586337062,153.777331201412,3.07490397725344,0.498050781098186,1.9647889103122,0.206637272466711,0.099119828527188,0.4205107299027,0.829025517106067,3.71074154429377,0.715287828480037,0.205800531933719,0.250609695988515,0.0970684509972501,0.410952654853812,0.784223205709554,3.63031696031722,0.734399683006561,0.195955385987676,0.221409390593716,0.111331848652451,0.735423168047977,0.784223205709554,4.1099653420462,0.887461419745766,0.195955385987676,0.336077478984273,0.109042564938098,0.836838497534975,233.234438326484,3.63359171648559,,11.4149794596834,0.156558686181807,0.0947415644790251,0.294952759461181,1428.43355320571,1.98858460982074,0.490702082359592,18.5655853859877
291120241848712,Pizza Crosti Chicken BBQ,"wheat flour, mozarella (11.6%) , mid-live tomato puree, water, chicken meat treated in salting and roasted (8.3%) (chicken meat , water, cassava starch, dextrose, salt), ketchup tomato (tomatoes, sugar, alcohol vinegar, starch, salt, natural spices), grilled yellow peppers (3.3%) , grilled red peppers (3.3%) , onions, emmental (2.2%) , olivesdistrient black confit (1.6%) (olives, water, salt), hard cheese, virgin olive oil, spices salt, sugar, yeast, garlic puree, potato starch, dehydrated tomato, basil, oregano, natural aromas, onion powder, alcohol vinegar, linen fiber",France,Cereals and Cereal Products,"Pasta, rice and other miscellaneous cereals",Pizza,EUwest,0.194905131479642,0.158061196420886,0.620728095686369,928.877459069347,3.08772965944197,,18.3486836736227,0.0005238497503651,0.000389837116537,0.0016384643367452,6.97478380123937,0.0088691913165587,,0.104890730032426,0.193877990295149,0.157296821221012,0.617515468022768,915.20161463076,3.07033934539098,,18.1430186167763,0.195932272664134,0.15882557162076,0.623940723349971,942.553303507935,3.10511997349296,,18.5543487304692,0.152049037017643,0.141839903025805,0.519068577614958,135.440744348588,2.00390780812438,,7.88112261690195,0.142041461058141,0.153166394078998,0.454910296393652,5169.53045681737,2.43140176985196,,69.4344083009777,0.171163173935788,0.134315373612127,0.711580911015471,389.9349943489,2.51203862731155,,14.0613989358284,0.186426556884665,0.141260322394931,0.618565810777601,558.25099232676,2.92115788041524,,14.5922913394712,0.188612645318033,0.123824365768389,0.490590351868023,921.750541449919,2.97827733421016,,15.8276872551395,0.189993824507595,0.165065914329974,0.769986224112271,857.625364732853,2.92917065440209,,14.3037946565466,0.21866140366818,0.149345596193622,0.681530438210495,1001.95244147551,2.97725848668147,,22.7509423362406,0.26453934833766,0.178741128601632,0.713154899854263,1022.30294852604,3.43156960903227,,16.8777757600435,0.162523240437564,0.137990002625984,0.564155692722769,1597.19350100606,2.39420663474188,,29.3631487104003
291120241923740,Box fusilli chevre epinards,"pasta cooked (43.3%) (water, complete durum wheat semolina), water, goat cheese (10.3%) (including milk) , beans (8.3%) , tomatoes (3.7%), spinach (3.3%), peppersred, light creme fraiche (including milk), wheat flour, sunflower oil, basil (0.4%), salt, nutmeg, pepper, pasta, goat cheese, beans, basil and spinach are not french",France,Cereals and Cereal Products,"Pasta, rice and other miscellaneous cereals",Pasta,EUwest,0.149901583836848,0.13677255446517,0.55667785782361,627.986308328241,0.64038948487462,0.892117006545648,16.0271723655754,0.0003782294231283,0.0001704033916266,0.0024041435432286,3.81766081005188,0.0058707986224929,0.0020409637751416,0.0720403410260241,0.149159968483569,0.136438435108628,0.551963920583092,620.50080958801,0.628878285247584,0.888115175967233,15.8859188837113,0.150643199190126,0.137106673821713,0.561391795064129,635.471807068472,0.651900684501656,0.896118837124062,16.1684258474396,0.111712835457389,0.108830452347443,0.408181486935675,88.6882290422457,0.237050048967077,0.636847251941499,2.89656697845396,0.124614228953126,0.12128493358656,0.806284958795442,2069.570985401,1.38273218938061,1.11461844563795,43.2918774669837,0.140530237191472,0.156584911859175,0.427809253488596,380.964829168037,0.611845292939817,1.00772692966722,12.3093505485624,0.121552670132667,0.12834589065004,0.450462260442017,525.007877345122,0.47677804700187,0.831632633062432,13.290526527973,0.148492507412917,0.151705880234847,0.474749166095356,467.807356001686,0.654565875095413,1.0132635690433,13.7832373809091,0.140432608882688,0.123529312156375,0.577082740700808,594.869689452953,0.604868200228055,0.831495229459385,14.6409854745063,0.140069161118085,0.136706586741354,0.463142112710589,847.192529950649,0.660231491494504,,20.1619738253502,0.171691281817147,0.136980154295014,0.604206395220834,839.214395675871,1.19355263353052,0.815809325932473,19.72184588823,0.159456335838152,0.137230914591336,0.765668969370048,871.851078688683,0.89983880209473,,20.7023303937483
291120242011157,Breton puck pure butter,"wheat flour (gluten), fresh butter (26%) , sugar of fresh eggs, salt, lifting powder (acid sodium pyrophosphate, sodium acid carbonate, corn starch)",France,Cereals and Cereal Products,Biscuits,Biscuits,EUwest,0.191999261111111,0.184159120277778,0.665033267333333,517.525061281722,1.53804464922222,1.40978840707071,16.4029043476667,0.0006335556425897,0.0002574780031238,0.0023655501137468,8.56832170606403,0.0093699721623688,0.0027080870020687,0.141923377208539,0.190757013514891,0.183654268913574,0.660395002364957,500.724678919895,1.51967242646405,1.40447851107653,16.1246273308854,0.193241508707332,0.184663971641981,0.669671532301709,534.32544364355,1.55641687198039,1.41509830306488,16.6811813644479,0.162136333333333,0.173339333333333,0.517387833333333,177.252514,1.5470455,1.18593966666667,7.02641183333333,0.171687833333333,0.198503333333333,0.596185833333333,6857.1481575,1.744585,1.75560216666667,93.7784363333333,0.17805,0.167609833333333,0.57528,329.815962333333,1.49319883333333,1.21050716666667,11.8943368333333,0.183847666666667,0.174432666666667,0.5860425,317.336553666667,1.467326,1.28728083333333,11.6670228333333,0.19593,0.182837833333333,0.5816285,329.2845675,1.88815933333333,1.22233533333333,10.970396,0.181967333333333,0.185477666666667,0.589484333333333,485.348176,1.594716,1.391813,14.8982168333333,0.161812833333333,0.182315666666667,0.661152333333333,651.9009305,1.568627,1.6477385,18.3391273333333,0.1931305,0.205051166666667,1.09873883333333,616.468354666667,1.75781366666667,1.37703883333333,18.1717666666667,0.373414833333333,0.200686166666667,0.758912333333333,625.7887435,6.0516055,2.357155,17.4558353333333
291120241976163,Complete little chick rice,full chick rice (100%),France,Cereals and Cereal Products,"Pasta, rice and other miscellaneous cereals",Rice,EUwest,0.324919666666667,0.450814666666667,3.54298433333333,4312.857325,4.24894066666667,2.42149117952266,353.146817,0.0036158124327323,0.0058391535164309,0.100446692921957,203.228465647527,0.0768738181663068,0.0435040294048151,6.11177925171282,0.317829943205938,0.439365515349668,3.34603294589002,3914.37602996768,4.09820991878946,2.3361904224603,341.163113322395,0.332009390127395,0.462263817983665,3.73993572077664,4711.33862003232,4.39967141454388,2.50679193658501,365.130520677605,0.113,0.147,0.927,116.351,1.332,1.009,30.39,0.158,0.211,0.479,83239.739,0.293,1.76,1008.924,0.1,0.42,0.345,456.821,2.94,1.121,70.758,0.1,0.42,0.345,456.821,2.94,1.121,70.758,0.216,0.113,0.752,1899.274,0.71,0.856,657.748,0.282,0.443,0.835,1662.398,0.925,1.032,575.714,0.314,0.933,13.845,6.015,7.884,6.172,0.773,0.809,1.439,17.21,4180.819,13.682,8.887,647.577,0.216,0.263,0.209,19240.659,3.843,0.586,271.187
291120241886725,Kub or Maggi Box of 1.425 kg for 95 L,"iodinal salt, salt, starchs, sugar, potassium chloride, aromas, hydrolyzed wheat proteins, yeast extract, onion, sunflower oil, garlic, coriander seeds",France,Cereals and Cereal Products,Biscuits,Biscuits,EUwest,0.0792829021589596,0.031402630967303,0.338769867136097,19.8209935369662,0.600843648580935,,1.05545213128322,0.0005513545099374,8.66597039505899e-05,0.0043011128773028,1.48516509028278,0.011862256126057,,0.0293381398171793,0.078201830870832,0.0312327124918211,0.330336437183423,16.9089481862962,0.577584666783993,,0.997927217581099,0.0803639734470872,0.0315725494427849,0.347203297088771,22.7330388876362,0.624102630377877,,1.11297704498535,0.051020030025974,0.0232910633766234,0.169602206922078,2.43048079219481,0.0708445776277056,,0.738257049484849,0.116219336467532,0.0382778445930736,0.20324143878355,2378.51298827356,0.635794340839827,,28.0463527184156,0.0511396814848485,0.0255722417792208,0.224149235497835,2.12672169299134,0.178958114865801,,0.540041152709957,0.0664062499047619,0.0280316865670996,0.164991639450216,5.11899188366667,0.293146129333333,,0.177614743445887,0.0601708701558441,0.0370624312597402,0.164424257943723,6.56092595633333,0.30180587221645,,0.618143053298701,0.0637039112813853,0.0240608908961039,0.296015097961039,4.8969803721948,0.0879009993679653,,0.761540104484849,0.0635358794545454,0.0317026861515151,0.210629359865801,125.626302794377,0.300274964164502,,9.4732816701645,0.114400904536797,0.0326241354978355,0.879646261294372,3.27223805518182,1.35397761533333,,0.752822851865801,0.111515551852814,0.0359026463679654,0.911924798238095,5.22510763518182,1.45734065463203,,0.103415906865801
291120242336946,Dough with egg,"durum wheat -breeze flour, free -range egg (19.36%)",Netherlands,Cereals and Cereal Products,"Pasta, rice and other miscellaneous cereals",Other cereals,EUwest,0.244556270933333,0.185107925866667,0.7931118416,667.9330998016,2.36972647093333,1.55720081403509,18.9750969792,0.0020024355713654,0.0005382536754646,0.0090461832012114,28.6745343008227,0.0315535971656649,0.0063475881552471,0.455869772705668,0.240629984735412,0.184052542109418,0.775374489769719,611.709354145527,2.30785758745069,1.54475474679556,18.0812478975024,0.248482557131254,0.186163309623916,0.810849193430281,724.156845457673,2.43159535441597,1.56964688127461,19.8689460608976,0.1939792,0.1664384,0.3602624,228.02544,1.8531488,1.210976,9.0661888,0.4395152,0.2289904,0.837696,18901.7118064,3.2010256,2.3241696,304.84988,0.2367184,0.157568,0.4796096,227.9101248,1.8910496,,9.040384,0.2052688,0.1640192,0.5981504,227.7649728,1.9047584,1.3133888,9.040384,0.1770448,0.1632128,0.7763648,246.447648,1.8587936,1.42064,13.5812224,0.2056592,0.2031856,0.6054528,416.700568,2.605096,1.3347168,13.7531888,0.2295072,0.1376896,0.90368,752.896648,1.0110864,1.0494528,20.2250432,0.1774352,0.1781872,0.716736,1380.5235568,2.3438224,,25.3895408,0.307728,0.1715584,3.4631936,752.6321488,2.5327632,1.3107264,20.2250432
291120241940925,Pasta with fresh eggs 250g spaghetti,"higher quality durum wheat semolina, fresh eggs (13.8%)",France,Cereals and Cereal Products,"Pasta, rice and other miscellaneous cereals",Pasta,EUwest,0.195721628,0.152120128,0.627983124666667,297.730955452,1.58530572733333,1.22187034404284,10.2167883946667,0.0010788734766276,0.0002866004658133,0.0030048134803243,9.09685188446752,0.0197302894499839,0.002975507788725,0.163139415892116,0.193606221091953,0.15155817461217,0.622091420651901,279.894254731507,1.54661945734482,1.21603610131876,9.89691191718415,0.197837034908047,0.15268208138783,0.633874828681433,315.567656172493,1.62399199732185,1.22770458676692,10.5366648721492,0.169568,0.146784,0.428322,162.499024,1.396482,1.05823,6.50697,0.163678,0.163482,0.547788,9192.862416,1.643432,1.887144,116.7952,0.178188,0.133854,0.510212,162.499024,1.410274,0.985822,6.50697,0.16181,0.150232,0.542968,163.411882,1.383552,1.323726,6.688852,0.193704,0.143336,0.540382,162.499024,1.435272,1.103054,6.50697,0.165258,0.148508,0.782604,182.736198,1.389586,1.297866,11.425542,0.172154,0.15368,1.106716,162.499024,1.37407,1.327174,6.50697,0.237602,0.11808,0.477036,775.465216,0.489132,0.982054,19.661958,0.251394,0.131872,0.55634,775.465216,0.770144,1.02774,19.661958
291120242334880,Organic whole grain rusk,"complete wheat flour (81%), glucose syrup, yeast, sugar , egg , salt, rapeseed oil , emulsifier (soy lecithin), organic farming",Netherlands,Cereals and Cereal Products,Bread,Wholemeal bread,EUwest,0.29072451,0.103675706666667,0.83451189,30.2277742633333,2.09789799333333,1.18971939035088,2.64603259333333,0.0028886781593125,0.0003273080762204,0.01746195332786,1.04518084967925,0.074633042991142,0.0130169648481101,0.0929202621301903,0.285060518933656,0.103033935615199,0.800273272128684,28.1784303527932,1.95156085729997,1.16419630728504,2.46383869509961,0.296388501066344,0.104317477718135,0.868750507871316,32.2771181738734,2.24423512936669,1.21524247341672,2.82822649156706,0.17516,0.0755,0.23352,12.31946,0.41564,,0.6448,0.26539,0.12604,3.88857,407.05942,2.65219,1.96299,5.63816,0.17757,0.07853,0.23749,14.7093,0.43895,,0.73772,0.17663,0.07828,0.24781,22.07853,0.43193,,0.88823,0.23511,0.1187,0.21926,11.99417,0.52674,0.73206,0.64992,0.31173,0.10204,0.47499,12.17312,1.31203,0.49185,0.6448,0.80666,0.09776,0.08242,38.17357,16.25631,0.47755,1.17702,0.24932,0.11554,2.27559,11.90915,2.28197,1.66784,0.6448,0.23125,0.12267,3.43183,21.66651,2.17161,1.98007,0.88823
291120242175690,Almond cake,"sugar, egg, vegetable oil (rapeseed), wheat flour, water, almond (4%), starch (wheat, potato), lifting powder (e450, e500), modified starch (e1414 (potato)), aroma (milk), salt, emulsifier (e471), preservative (e202, e282), coloring (e160a), thickening (e415), egg white, acidifying (e330), stabilizing (e412, e415)",Belgium,Cereals and Cereal Products,"Buns, cakes, pastries and fruit pies",Buns cakes and pastries,EUwest,0.26946228534708,0.212047965784552,0.955856662473722,2307.35359014373,6.50215324979826,1.88382412940486,62.8052699409882,0.0015711786553161,0.0013058555100329,0.0099243679771346,20.4426971091183,0.0459882026638926,0.0063284370150049,0.717138302059914,0.266381588441247,0.209487502647141,0.936397405172804,2267.27046304813,6.41198163680434,1.87141561286543,61.3991372006184,0.272542982252913,0.214608428921963,0.97531591977464,2347.43671723934,6.59232486279218,1.89623264594428,64.2114026813581,0.191901476804027,0.139058431251671,0.520494985555582,431.301733547644,6.00283816270504,1.41966673948703,13.746545065864,0.988985437221667,0.25266330979535,1.51797260708809,4511.08597661847,15.1244932567634,,77.2340887405579,0.199280031721076,0.167522128050144,0.620335048566268,666.071844767413,6.52402611049879,1.44912708355971,19.9261138752995,0.295988545937612,0.147513947549913,0.729056518224143,776.31197290461,3.48946970110889,,42.1071956015488,0.296742650807388,0.201988807695747,1.11956718793866,1018.42588155616,4.10011689379232,,53.6091374836408,0.251711662696134,0.171877613008523,0.683045250533678,2828.54695644052,7.06706877948197,1.8056272298075,44.186746257864,0.258665760661406,0.342729255335267,0.866365245351099,2815.10886675046,8.15972700209628,2.17473989281122,43.842538257864,0.264681660286691,0.18398483751356,1.0663423826664,4009.7538662778,5.83521506102874,1.98381790673527,94.014194947057,0.247280826598251,0.155946499532,2.17560893097488,3983.87045132102,5.44551448240269,,189.475342467918
291120241755772,chocolate bread,"flour (wheat flour, wheat gluten, malted wheat flour, flour treatment agent ascorbic acid), water, margarine (palm oil, rapeseed oil, water, salt, mono and diglycerides of fatty acids, curator potassium sorbate, aroma, betacarotenes coloring, acidity corrector citric acid), chocolate chips (4.9%) (sugar, cocoa paste, cocoa butter, emulsifier soy lecithin, e476, vanilline),sugar, sorbitol, salt, yeast, emulsifiers mono and diglycerides of fatty acids, sunflower oil, calcium preservativerop,redmi note 6 pro o m dual camera factory reunion age e ndund",France,Cereals and Cereal Products,Biscuits,Biscuits,EUwest,0.264469383400731,0.146177500540582,0.609526069484698,50.8636143586937,9.04276296073191,0.750026230106958,3.82486868675842,0.0009153584666301,0.0004021629345183,0.0023325694738552,5.30485950904115,0.0679057476570225,0.0020854415006738,0.108817825963022,0.262674589418306,0.145388957427538,0.604952471481421,40.4620828587043,8.90961640480879,0.74593718959162,3.61150355567707,0.266264177383156,0.146966043653626,0.614099667487976,61.265145858683,9.17590951665503,0.754115270622296,4.03823381783977,0.223583282575758,0.0671535183070562,0.369056960313098,2.80082767733641,5.48390380734669,0.555871080502946,0.614662066807961,0.265135686250012,0.154270787330121,0.751316703769293,4499.23904692261,10.7395392658219,1.18855139820457,67.810153726339,0.219257300344938,0.122415379876456,0.490790461145409,2.73566262982034,4.5760174562313,0.702302535244591,0.661760743431154,0.262255904708977,0.110664989681569,0.492976661867843,0.864271353512942,5.99268191466391,0.745771755026616,0.267823033800265,0.221015942139424,0.150109409098976,0.58377778537524,5.17929316090586,9.59057197650843,0.624340150054287,3.26139863983062,0.250393238881175,0.157711813392586,0.591426329977706,14.184031046905,10.413834765628,0.751094814619894,5.45293722044084,0.326407351993529,0.151948835227641,0.562322765061999,1.60519226495032,11.6172214752778,0.961180084849234,0.267823033800265,0.341944595237475,0.171165089827584,0.647002881687279,5.38190953399941,13.2768250653345,1.35828004513421,0.271859292892511,0.273387493730328,0.189778138071211,1.00088839163036,1.72888524737622,11.2622540236214,0.91063674259884,0.348088145849697
291120242148279,Furniss Cornish Clotted Cream Shortbread,"wheat flour, butter (30%) (milk), sugar, cornish clotted cream (5%) (milk), salt, wheat flour contains wheat flour, calcium sulphate, calcium carbonate, iron, nicotinamide, thiamine",France,Cereals and Cereal Products,Biscuits,Biscuits,EUwest,0.163484023333333,0.153291185,0.580457796666667,383.921069046667,1.470197305,1.03823957520891,20.81033974,0.0004964856319546,0.0005627373183753,0.0042866618440308,6.34557484282159,0.0207763022839657,0.003237286692948,0.290213089745771,0.162510536489569,0.15218779480968,0.572052701654349,371.478949420189,1.4294600597833,1.03189204810592,20.241302880578,0.164457510177097,0.15439457519032,0.588862891678985,396.363188673145,1.5109345502167,1.0445871023119,21.379376599422,0.11827,0.115605,0.36791,25.99217,2.180265,0.71893,1.221385,0.14312,0.137685,0.814515,5173.834755,0.924405,1.55932,104.106915,0.15008,0.138185,0.439885,197.33747,2.23092,1.01034,7.407635,0.13041,0.12321,0.53647,240.179825,2.208575,0.91651,9.90672,0.17672,0.13678,0.416385,240.375745,0.467715,0.81938,19.54196,0.138605,0.133245,0.570645,424.241425,2.129855,0.964205,14.088325,0.13398,0.122785,1.043285,417.41747,2.41782,1.33689,13.446885,0.189725,0.1577,0.638385,674.974595,0.95529,1.193425,30.36081,0.192175,0.1458,0.82371,828.546195,0.90839,1.4281,52.018985
291120241913463,Pizza flavor sticks,"garnish (52%) (mozzarella (40%) , water, cassava starch, pizza aroma), panel (48%) (ble flour, blown rice (10.2%), sunflower oil, sugar, malt orge , white of eef in powder, salt, gluten of wheat , conservative (potassium sorbate))",France,Cereals and Cereal Products,"Pasta, rice and other miscellaneous cereals",Pizza,EUwest,0.286182861347068,0.256227100676159,1.19821200382202,1039.37686328799,1.6436050048046,1.75109216548407,44.0927833501926,0.0006855012972557,0.0003841744380759,0.006938062034624,12.6584986172643,0.0138858671245979,0.0045897530615823,0.338935365293422,0.284838761032151,0.255473828603199,1.18460816178266,1014.55664479104,1.61637821697827,1.74209278275474,43.4282140298267,0.287526961661984,0.256980372749119,1.21181584586139,1064.19708178495,1.67083179263093,1.76009154821341,44.7573526705585,0.190661204706257,0.190840971260584,0.863184494865595,76.8878777707132,0.889742931204724,1.3290963025629,4.23622858914692,0.281625250241899,0.259153295526437,0.839391895178591,7460.09430524924,1.60823746728,1.86563382953977,103.654582873491,0.278538245037133,0.268398813564262,0.796869759229867,551.607572808933,0.963498949653894,1.73683681639901,24.3657931651197,0.249636744920339,0.260885681656311,0.833663732951588,656.310395978702,1.37296882291206,1.53155821105647,47.8703623491469,0.248093542580428,0.247244509521507,0.929767313733045,762.656783026327,1.15894077537679,,84.4060322214672,0.279905054168826,0.279893693432651,1.75107959305803,585.556335048933,1.00231923953125,2.03078328756384,22.7050395651197,0.361050759830463,0.254780124523002,1.23440297378873,1114.2973544105,2.75471138190812,1.6420596300946,38.4305176978376,0.294836523007134,0.319797695837232,1.66660876790285,1315.0946570987,1.99960787337821,1.99336178998374,62.5201841091469,0.248113981561129,0.260351180078129,1.0225717847396,2294.01446899054,1.06983182121685,,72.3434011477829
291120242178166,Quinoa Real Bio 500g,quinoa,France,Cereals and Cereal Products,"Pasta, rice and other miscellaneous cereals",Other cereals,EUwest,0.409708599839841,0.144801987309106,0.714444773259226,26.9395903568962,3.89244020203729,0.661930560595845,1.43105584227927,0.0132737963372995,0.0019613484679582,0.0138761475088109,5.94284485349493,0.141778225956088,0.002669718818444,0.117807210484368,0.383681933065433,0.140956262867742,0.687237043221247,15.2871256991941,3.6144477913464,0.656695895221798,1.2000647276813,0.435735266614249,0.148647711750471,0.741652503297204,38.5920550145983,4.17043261272818,0.667165225969892,1.66204695687723,0.115518181773025,0.0676910828249677,0.0484483240368944,0.164994347919168,0.530645436644276,0.494037827750882,0.145977451738895,2.58196363535432,0.464464968306702,2.76468016842794,5.12570353370867,26.4719140574296,,0.76854795367555,0.0872999999658736,0.101015923600336,0.310225558752372,14.1641301752148,0.407414979793236,0.751837453237585,3.86073698845515,0.1296272726766,0.0843535032126521,0.282875698408964,0.30702244960783,0.606092655124505,0.417166666696665,0.145977451738895,0.1296272726766,0.108305732519948,0.300067039196249,0.30702244960783,1.32787104525203,0.689965543120777,0.145977451738895,0.134918181765441,0.116636942713791,0.280531424665243,0.30702244960783,1.38571391275354,0.545597752848223,0.145977451738895,0.136681818128388,0.128092356730324,0.730631983459617,0.452072425800505,0.553279602188345,0.899017603060903,0.266625482628118,0.10405454541387,0.104140127423027,0.274280028015321,5758.27675425824,0.570883953167065,1.24025056188694,77.0800939003758,2.58196363535432,0.464464968306702,2.76468016842794,5.12570353370867,26.4719140574296,,0.76854795367555
291120242045846,Giant Ricotta ravioli and fresh spinach,"paste hard -beless semolina (50%), wheat flour, tender eggs whole water, salt,farce (500.6) ricotta on total product (32%), spinach on total product of the stuffing (20%)), parmesan aop, salt muscade flour, without conservative dyes in a factory that also uses crustaceans, sulfites molluscs andcomz fruits",France,Cereals and Cereal Products,"Pasta, rice and other miscellaneous cereals",Pasta,EUwest,0.237687749199541,0.259748365530295,1.08605549948825,730.060249142353,1.77882382028945,1.7643330653271,24.2396669012396,0.0007372458474023,0.0007987828929327,0.0094083170517527,12.9676341851211,0.0119398922946568,0.0050207984831015,0.300087939161549,0.236242190482685,0.258182147724086,1.06760809178425,704.633891436369,1.75541261296196,1.7544885079947,23.6512678782992,0.239133307916397,0.261314583336503,1.10450290719224,755.486606848338,1.80223502761693,1.7741776226595,24.8280659241799,0.212908960796721,0.22620643455013,0.670131555504113,262.575913964747,1.49158203654717,1.35745267833742,9.18350857919885,0.205738216920828,0.397137723750901,2.99271189873192,10563.8222106905,1.53760907158825,3.07573560761843,171.605012874608,0.215396641028339,0.246645167652419,0.608862046635038,434.660333372679,1.46594804447605,1.47346400517194,14.5668081595406,0.224859985859329,0.257409992783447,0.689212485636594,400.024176671311,1.81588427383521,1.47391432985819,13.6932725024295,0.280772126560217,0.225558865450036,0.828870877271607,433.813419801665,1.71564270614048,1.82548659158274,15.0585921204031,0.223139867999094,0.246699920571257,0.957541691372136,577.92278886577,1.81525879557177,1.67277582351615,25.4706200676971,0.218225333556405,0.241398341631603,1.63158322258196,579.730803610386,2.07241897088895,,18.2239105351031,0.284243827534876,0.380097951661163,1.99072902702176,549.999370074815,3.05947283860277,2.02850646447421,37.4866440659184,0.280134619323023,0.261332568557895,2.35442299113575,1303.45823058356,0.654788779716329,2.17000770448487,40.2690716206519
291120242006689,6 vegetable ravioli,"water, ravioli (27%) (durum wheat semolina (13%) , water, breadcrumbs (wheat flour, water), broccoli (1%) , spinach (1%) , carrots (0.8%) , sunflower oil, onions (0.3%), starch ofcassava, salt, basil, natural pepper aroma), tomato puree half-lived (14%) , carrots (8.9%) , onions (2.6%) , red peppers (1.6%) , green olives, eggplant (1.6%) , plantsaromatics, sunflower oil, salt, sugar, modified corn starch, natural pepper aroma, natural garlic aroma",France,Cereals and Cereal Products,"Pasta, rice and other miscellaneous cereals",Pasta,EUwest,0.160044397742207,0.0593485506382551,0.342412461255267,307.625362006167,1.04168473939729,,4.54921888218149,0.001783254731248,0.0003308633012839,0.0020060489329965,2.16918878759533,0.0074926360088254,,0.0262916394346021,0.156547871542414,0.0586998086603328,0.338479090139308,303.372113552529,1.02699351348812,,4.49766741030947,0.163540923941999,0.0599972926161773,0.346345832371227,311.878610459805,1.05637596530646,,4.60077035405351,0.0429350749703544,0.0336494371993772,0.126017861870908,21.3208404801187,0.517737880193838,,2.4607041034504,0.282585118682669,0.0646418852245298,0.387744696836834,845.624794484318,1.50738350808159,,10.9547867777006,0.0778752251448512,0.0390891103598542,0.263434680863048,133.531641258951,0.779354179197549,,2.22670274631742,0.0765334552249101,0.0424546716207408,0.236912814798086,211.74273185593,0.750570604019809,,3.39835841611654,0.0382829339162772,0.033682660399388,0.213680108196541,447.537227298624,0.327240914939381,,8.44121057048119,0.0743725842518913,0.0405200121432933,0.24676774766457,489.808223204671,0.490899587097098,,6.27885516314299,0.283926112267592,0.0629314077177296,0.592011756681122,228.313759459545,1.76473605951611,,4.60828975543716,0.0899679554958953,0.0427480440957529,0.247048078962236,902.658394853096,0.740343744183418,,11.8914222122162,0.263529335703681,0.0892637652514745,0.405170065755491,429.056477299644,1.27219727931833,,5.71570798233582
291120241914714,Little nature 5 cereals,"complete wheat flour, small flour, spelled, red cane sugar, rapeseed oil, barley flour, oatmeal, rice flour, lifting powder ammonium carbonates, sodium carbonate, acidifying acidcitric, antioxidant rosemary extracts",France,Cereals and Cereal Products,Biscuits,Biscuits,EUwest,0.217755409992528,0.138659089025054,0.739164818364177,311.763963547297,1.84814476162285,0.925399973184926,26.1252104837763,0.0012044298065698,0.0005213701053744,0.0056456477068835,12.4803477098486,0.0361822365443344,0.0036293110387023,0.363443461367003,0.215393817842687,0.137636809817666,0.728095084592546,287.293055389679,1.7772002488578,0.91828378226074,25.4125867836706,0.220117002142369,0.139681368232441,0.750234552135808,336.234871704914,1.9190892743879,0.932516164109112,26.8378341838821,0.155231859335292,0.0998657495144405,0.379068869541268,21.6283634356675,1.83858376971069,0.596422936870998,3.58786720180056,0.191583188825149,0.127267144203772,0.541727858174754,7285.96645637796,0.204630902517005,1.04118665428381,97.3684159693428,0.241256378300009,0.110935726585316,0.393148303123575,8.03957857765898,0.837341822673194,0.682489182152299,9.32909489898311,0.211809575009689,0.130739919343705,0.461382359772457,20.9546374384146,1.95680069752933,0.823626291289841,3.42414568139683,0.256450951822174,0.118036032882487,0.426185846009173,82.2147449867004,1.0165802947255,0.987412480349552,34.861641921295,0.209669644284971,0.174370533242794,0.654820698363305,103.167995413004,2.07312824353101,0.899392491332111,35.7977117864785,0.228185171715527,0.230225338825095,1.09369398726951,19.5604318145922,2.68406781841269,1.03282131599868,3.20597837504441,0.272986986479319,0.107742779672531,0.685624907484154,809.166668500381,2.2709740516967,,33.392287096812,0.275875772959556,0.167096600435627,0.867477618606199,833.055530669952,1.67770312529725,1.15184993117877,67.9465859856766
291120242224909,Authentic crisp toast,"complete rye flour (77 g), rye flour (28 g), yeast, salt",Switzerland,Cereals and Cereal Products,Biscuits,Biscuits,EUwest,0.184996129242938,0.103996773322034,2.32628776128814,0.178772141762712,1.53165749959322,1.1434216940678,0.215354949152542,0.0008088488317569,0.0001574006888586,0.0135999121273233,0.0002299426509843,0.0069878197367012,0.0079450842218254,0.0,0.183410174593637,0.103688149084108,2.29962166124376,0.178321280486682,1.51795609487484,1.12784332791832,0.215354949152542,0.186582083892238,0.10430539755996,2.35295386133251,0.179223003038742,1.54535890431161,1.15900006021728,0.215354949152542,0.300906915254237,0.0904687457627119,0.334341016949153,0.268456169491526,0.435626677966102,1.00007298305085,0.215354949152542,0.245838983050848,0.116036,3.35226037288136,0.17700406779661,2.09061471186441,1.75234027118644,0.215354949152542,0.131769694915254,0.0904687457627119,1.48585081355932,0.17700406779661,1.12299247457627,0.695232644067797,0.215354949152542,0.131769694915254,0.0904687457627119,1.48585081355932,0.17700406779661,1.12299247457627,0.695232644067797,0.215354949152542,0.167170508474576,0.100302305084746,1.89296016949153,0.17700406779661,1.41701589830509,0.744400440677966,0.215354949152542,0.150453457627119,0.100302305084746,1.9421279661017,0.17700406779661,1.2773793559322,0.888953762711864,0.215354949152542,0.232072,0.11308593220339,3.25195806779661,0.17700406779661,1.9735953559322,1.74447342372881,0.215354949152542,0.245838983050848,0.116036,3.35226037288136,0.17700406779661,2.09061471186441,1.75234027118644,0.215354949152542,0.245838983050848,0.116036,3.35226037288136,0.17700406779661,2.09061471186441,1.75234027118644,0.215354949152542
291120241739387,2 small baguettes,"water ,corn starch,corn flour,cassava starch,potato starch,sunflower oil,rice flour,psyllium fiber,humectant glycerol,yeast,bamboo fiber,thickening e464, gum guar sugar,salt, dextrose,curator e282.traces of milk and eggs",France,Cereals and Cereal Products,Bread,"White bread (not high fibre, not multiseed bread)",EUwest,0.0727380474119505,0.0370397624059632,0.334560296079505,144.078200032377,0.67690538567514,0.242772829828778,10.8108945912222,0.000415872660537,0.0001606124768567,0.0040730746281493,5.37022730427062,0.0088615721619853,0.0012226894298823,0.160411738650411,0.0719226228806904,0.0367248406376355,0.326573993336841,133.548498280186,0.659530010922006,0.2403754350254,10.4963664214004,0.0735534719432106,0.0373546841742908,0.342546598822169,154.607901784567,0.694280760428275,0.245170224632156,11.125422761044,0.0480491620382495,0.0259774268496437,0.165258415645019,14.4922091881892,0.318183900264358,0.185791688249542,1.31790768894129,0.0924207859304614,0.0339095038443734,0.675044404049641,2182.13214356438,1.18794961289368,0.219761237888953,27.6567371510901,0.0542791838554669,0.0387633027225164,0.125480391240575,37.9360129492674,0.379071766820146,0.196537865654732,3.74470976263136,0.0492276647297581,0.0391467635232789,0.189742765975614,28.153054975379,0.270235524250106,0.208737515749193,5.79893060880083,0.0596316077873331,0.0320619416391617,0.15625652712961,77.6031704025971,0.305696173219269,0.215779477201062,22.1464302710854,0.0651419752758447,0.0421812056056269,0.278615216202583,89.171968859013,0.396949171570597,,33.6675796244474,0.125496017466598,0.0455808783559669,0.416335377615732,94.6774353396844,1.74834867541267,,33.7267465202801,0.0894839565572844,0.0319733667003794,0.67268611030986,218.90654965238,1.13378155672884,,6.29697841910421,0.134962597223585,0.0654981118602911,0.839400678446644,127.227988458993,1.93172035337133,0.398186338869149,18.2899943241871
291120241859345,WOK pasta curry (pre -cooked),"wheat flour (65.6%), water, wheat gluten, sunflower oil, kitchen salt, powdered curry (0.43%) (coriander, turmeric, cumin, pepper, ginger, fenugreek, kitchen salt, fennel, starreish), acidity corrector lactic acid,thickness gum guar",France,Cereals and Cereal Products,"Pasta, rice and other miscellaneous cereals",Pasta,EUwest,0.181353891426686,0.093724122293974,0.649027017229199,62.9073835343468,0.868056127402055,,2.11984509281173,0.0009555941677803,0.0001880398341864,0.0056941343974835,9.10637380892996,0.018172677077105,,0.159613826256016,0.17948020507921,0.0933554221888704,0.637862212921063,45.0520126498154,0.832423954158921,,1.80688143396154,0.183227577774163,0.0940928223990777,0.660191821537334,80.7627544188782,0.903688300645189,,2.43280875166193,0.142671649866297,0.0894043853017028,0.286991938511704,10.4467864202988,0.715606702676314,,0.317636090392998,0.197665224323645,0.0948913412602229,1.24502119609628,8028.08226789898,1.7457504418215,,97.4162539459261,0.125477748135902,0.0829857932659309,0.47787232874885,14.8068862709924,0.180167415274324,,0.327602849045814,0.137940595870991,0.0898056485140677,0.396527048071202,34.7443402915562,0.329225837003678,,5.06351353779262,0.165482370405281,0.10560502297937,0.371880923187742,0.474968503184472,0.587435918220792,,0.200582514120724,0.160702915167909,0.0935214799782844,0.58677193651611,6.52752309663147,0.475908946008742,,0.249446798962073,0.15528113941944,0.0935490562309071,1.09904996584349,14.8099159016928,0.221291901997927,,0.327627218500199,0.219837559950565,0.098714172750039,1.27025184632131,15.8337752891143,1.97588324239865,,0.345344123549694,0.204546248739438,0.0903039596953953,1.52714633296662,15.8322816585424,1.71134352415674,,0.345333316851638
291120242278088,Penne Rigate n.19,durum wheat semolina,France,Cereals and Cereal Products,"Pasta, rice and other miscellaneous cereals",Pasta,EUwest,0.151220333333333,0.100256666666667,0.480713666666667,62.7145133333333,0.369506333333333,0.711720976915356,2.53565733333333,0.000751976637215,0.0002138492618611,0.003410153996042,12.1482558838668,0.0106792393525377,0.0029145245393298,0.213842359502896,0.149745891141996,0.0998373605889643,0.474027189079618,38.8947559899743,0.348566957967778,0.706006307421911,2.11636478946662,0.152694775524671,0.100675972744369,0.487400144253715,86.5342706766924,0.390445708698888,0.717435646408802,2.95494987720005,0.137,0.096,0.267,0.508,0.225,0.529,0.219,0.118,0.099,0.351,10479.972,0.227,1.323,127.181,0.099,0.097,0.397,23.436,0.162,0.802,5.792,0.147,0.081,0.362,0.508,0.241,0.445,0.219,0.147,0.104,0.384,0.508,0.528,0.736,0.219,0.153,0.112,0.359,0.508,0.551,0.582,0.219,0.205,0.1,0.374,0.508,0.336,0.785,0.219,0.274,0.086,0.415,0.508,0.984,0.469,0.219,0.155,0.123,0.935,0.748,0.22,0.959,0.4
291120242183809,Lotus Biscoff Cream,"wheat flour, sugar, vegetable oils (palm , rapeseed), candy sugar syrup, raising agent (sodium hydrogen carbonate), soya flour, salt, cinnamon, emulsifier (lecithins (soya))",Germany,Cereals and Cereal Products,Biscuits,Biscuits,EUwest,0.19838165661256,0.181128354537469,0.763638417133135,232.803582726361,6.14980066235414,1.00403775270825,15.3484891190297,0.0016048432538195,0.0009912465633513,0.0101544963636592,17.4738002707888,0.048965755708828,0.0052251862248558,0.405470057307955,0.195234951666142,0.179184762565734,0.743727934374239,198.541735898681,6.05379079638915,0.993792441024022,14.5534615473846,0.201528361558977,0.183071946509204,0.783548899892031,267.065429554041,6.24581052831914,1.01428306439247,16.1435166906748,0.144752088173342,0.0847601975872751,0.391651980075959,14.8699314484643,3.79987103918548,0.627938457251142,6.19348464387952,0.305402362542047,0.19022380850295,4.2220125846658,12338.9007393113,7.91191094270873,1.65593264582562,216.889863212078,0.144360488434725,0.127423067685435,0.443987197699889,15.7906360232841,4.56826409886092,0.657060670577208,6.68635135732453,0.1576472494917,0.139220813759938,0.468093720354306,1.05749905050309,8.83725068119106,0.94694318939258,0.400529093424247,0.279546678053136,0.117298871748412,0.472855992159665,5.20170512771192,9.09643774246666,1.36881286642466,0.467548731639883,0.203699645543423,0.152800163159418,0.895766977421079,15.4478152164931,5.81812930002826,0.682195783978286,19.2472120786467,0.191881191718389,0.2751205173329,0.699517527039035,3.00118102487792,11.1382931542393,0.943771303648894,0.400529093424247,0.289557503766454,0.221374136467508,0.783934946871199,418.152805475786,7.16009195750472,1.12242965845713,30.2432817958123,0.348251316884211,0.207272959997465,0.441387508995818,2034.91182220972,14.9796548815171,1.06568010962407,71.145817467202
291120242273583,Macaroni,hard wheat,Netherlands,Cereals and Cereal Products,"Pasta, rice and other miscellaneous cereals",Pasta,EUwest,0.199715,0.115810333333333,0.624676666666667,334.829911333333,0.836599333333333,0.851651754989677,8.21575133333333,0.0025828742181849,0.000560418820311,0.0113065539639346,33.1356104025985,0.0403252083933371,0.0074460431842854,0.528607327119873,0.194650615637856,0.114711489150426,0.60250728084,269.859086981323,0.757531466478035,0.837051886209056,7.17928170491214,0.204779384362144,0.116909177516241,0.646846052493333,399.800735685343,0.915667200188632,0.866251623770297,9.25222096175453,0.151,0.095,0.102,0.831,0.206,0.454,0.251,0.443,0.144,0.647,22923.389,1.29,1.809,361.202,0.147,0.081,0.362,0.508,0.241,0.445,0.219,0.099,0.097,0.397,23.436,0.162,0.802,5.792,0.165,0.098,0.4,0.273,0.239,1.015,0.219,0.136,0.123,0.488,26.393,0.206,0.599,10.996,0.35,0.179,0.329,0.426,0.762,0.671,0.219,0.975,0.109,0.058,8.639,19.823,0.471,0.22,0.234,0.127,3.153,0.18,2.048,1.007,0.219
291120241992265,Nonettes with Périgord nuts,"sugar, whites of eggs , wheat flour, noix of the perigord aop (16%) , bereur fresh, salt",France,Cereals and Cereal Products,"Buns, cakes, pastries and fruit pies",Buns cakes and pastries,EUwest,0.214183115480413,0.18095836277805,0.736625191992922,520.673165936916,4.34183552763034,1.50930889394394,37.8209831160444,0.0009191056922182,0.0012557327021113,0.0077954879264557,7.80229035273424,0.0458448442036474,0.0061652858745419,0.630136092195124,0.212380974105484,0.178496178202885,0.721340147575323,505.374783625809,4.2519450054999,1.49722027687101,36.5854404214495,0.215985256855342,0.183420547353215,0.751910236410521,535.971548248024,4.43172604976078,1.52139751101687,39.0565258106392,0.15861589699012,0.13111258765076,0.492454718368281,235.815709947041,6.04207269047194,1.2756684462759,9.5255566871835,0.614198933514603,0.179982612819425,1.87967516328631,3336.7807477577,7.85296237185383,3.08018363441229,142.424442842845,0.163430895801936,0.130424730677643,0.514810069994567,235.815709947041,6.0498110814195,1.28461058692641,9.5255566871835,0.160163575179632,0.135411693732738,0.529083102186734,237.954945133434,6.04465215412113,1.34875324966953,9.95134015354261,0.230021570695663,0.139500908603706,0.498183262110833,256.084393721664,1.7766655555031,1.22952500765757,36.0710094223257,0.240432790654943,0.163154620805702,0.530890911481974,455.460431248436,2.27123657546313,1.23320752629856,41.9131925275526,0.194029128844698,0.339416002289782,0.744784260484397,431.207679885522,7.72217963021889,1.75117594998369,14.3994091385056,0.190557697725999,0.152521376996678,2.01631095728444,778.797775002332,3.52580301267951,2.13979669399202,149.968927413585,0.205958981649761,0.156357152142597,1.38314005753603,1612.0598512453,3.30345946541695,2.17701030294475,108.636630406918
291120242364439,Backerbsen,"wheat flour, palm fat, pea flour, whole powder, salt, yeast, lean milk powder",Netherlands,Cereals and Cereal Products,Bread,"White bread (not high fibre, not multiseed bread)",EUwest,0.223228834421417,0.251924823029391,0.695456116150463,213.812678562718,13.2248440689159,0.838179735784745,4.90350414224713,0.0012239874070884,0.0010494180050374,0.0049176242740817,17.110189061183,0.144857809297616,0.0032353006348888,0.249747200775755,0.220828894602328,0.249867171093944,0.685813858197204,180.263784348395,12.9408133488072,0.831836102855658,4.41381098986943,0.225628774240506,0.253982474964838,0.705098374103722,247.361572777042,13.5088747890246,0.844523368713832,5.39319729462483,0.182751244771884,0.0519891137798547,0.358805226868781,5.94280361518238,2.9274680974957,0.562317141286366,0.418186991267862,0.389577475452274,0.290109016110759,0.747057748266929,10468.9696839136,12.4020668435266,1.25441750271742,127.180443536288,0.194811784894111,0.197457951073667,0.351958570904087,23.1660509778275,5.92089554526807,0.674450740571463,4.11494652327824,0.192718238177835,0.198288943745341,0.441748497620823,7.08491528422722,6.03716662551252,0.705760785275699,0.897768703815282,0.166655757416499,0.204645048177606,0.612223621313426,8.84351347334958,7.68253759719948,0.896500107369376,0.875959930085727,0.260862613956199,0.261820083901391,0.670139646037497,5.02451673085573,8.06456293392091,,0.447584463966594,0.185506764377686,0.313463330141831,0.867349236356592,10.1303569079627,23.5149059998111,1.1318859574697,0.785184530303121,0.21088429607017,0.344967238163386,1.11173042908146,19.2921597183516,23.5407872892872,0.829006574942615,4.69438737927902,0.139620225356877,0.228774565213436,0.54808729899283,1637.79197790681,5.95172459179355,1.16541925312938,17.4337966807038
291120242220892,Sugar -free choco cookies,"wheat meat, sweetener (maltit, enythritan, isomalt), palm fat, cocoa mass, hazelnuts, full egg, inulin, fat -arm cocoa powder, soy flour, salt, natural vanilla aromas, baking agent (sodium hydrogen carbonate), emulgator (soyalecithine)",Germany,Cereals and Cereal Products,Biscuits,Biscuits,EUwest,0.989538000496786,0.268051170106548,1.53832734829832,836.13308737107,34.5271022896425,1.79553935151928,24.6211183980214,0.0044832312083607,0.0027495311818797,0.0072737265917962,17.0156334882001,0.601466905315288,0.00759206055393,0.37365200683772,0.980747481057765,0.262660012216356,1.52406535019301,802.769593499433,33.3477728557196,1.78065317840443,23.8884782380826,0.998328519935806,0.273442327996739,1.55258934640363,869.496581242706,35.7064317235654,1.81042552463413,25.3537585579602,0.575611391408796,0.140829587398205,0.421815798839153,314.826305936304,22.5573538475067,0.991050379812349,16.5505472326826,2.17488646164858,4.16699032842555,4.02705554168526,81.4059919633342,889.166480478419,3.26558377934142,3.49491058273845,0.794291323717878,0.191560347276663,1.10626052256648,451.519602946578,32.2069514405197,1.14378567430565,17.9857824110859,0.780910507200768,0.18280606495993,1.43207099033469,562.927061397993,21.6330605900995,1.75210842348085,20.5570310196791,1.10709345410718,0.233052901143912,1.29421494983765,58.53393378213,33.1571582709945,1.49709617164263,2.78347340255057,1.07401481196089,0.154473460087002,0.473852137678465,1805.09451876748,44.1557969252244,,32.5084323694044,1.45512461309323,0.297783714939173,1.26282890307037,211.110249597236,58.6925987166605,,15.1196986085535,1.76538141405786,0.350144047039213,1.34882980455582,453.171398176805,66.3978390130194,2.84931560857873,19.7571812611851,1.15068966296104,0.146635151571485,2.22932529329021,2704.48223352841,30.0226440664659,2.06280118527538,100.706452736807
291120241914359,Chocolate chocolate cookies🍫noir and linen,"wheat flour, unrefined red cane sugar, rapeseed oil, chocolate chips (10.3%) (cane sugar, cocoa paste, cocoa butter), complete wheat flour (10.3%) , oatmeal 5, (1%) , flour and flax seeds (5%) , whole eggs, lifting powders ammonium carbonates, sodium carbonates, citric acid,sea salt, natural vanilla flavor, skimmed milk powder, antioxidant rosemary extracts",France,Cereals and Cereal Products,Biscuits,Biscuits,EUwest,0.607485065139652,0.181783122362861,1.09853707535655,207.948064996608,12.7601664875815,1.40991200379945,18.7920975896411,0.0024983893570365,0.001471782430521,0.0059971332161005,12.1097748923846,0.304514207099129,0.0055676598732994,0.411814078680366,0.602586334918396,0.178897317133504,1.0867781645031,184.203759461986,12.1630886362383,1.39899518508735,17.984630944345,0.612383795360907,0.184668927592218,1.11029598621,231.692370531231,13.3572443389247,1.42082882251154,19.5995642349373,0.392567943644184,0.113325305588676,0.488177484736298,25.4754166741758,11.1058239867688,,1.14860081020444,1.09655671892642,0.204269055343841,1.08527847445897,7209.54894241915,26.8633296134192,2.11534245674239,146.353000792532,0.473643205079601,0.130040800918577,0.914168874684579,51.2675523095495,6.28094104970849,1.14942682972951,19.765456014986,0.458710259431213,0.145519929236996,1.05456075966533,38.577595667501,8.73958020457845,1.29886565130892,1.48313094678583,0.520953213621186,0.171768795222991,1.02767701694892,33.3693650173423,6.36492323616261,1.17736660889841,17.4805150201462,0.606342229351101,0.161113835867412,1.18060865047178,51.1833542797037,8.69220978732204,,18.856310206281,0.725287974338294,0.257787871523097,0.949921013773167,20.9244355427786,18.7431867916965,,1.20871094678583,0.509064050457069,0.152073112326493,1.38977624218342,903.228760825855,12.6246215253866,1.62250242549942,62.490978114502,0.608420152841271,0.150351054681023,1.72031689161701,874.39609920199,17.2671432602743,1.59255883056656,61.8191057906429
291120242505181,Whole grain bread,"rye fully grain grain, water, salt, yeast,without preservatives",France,Cereals and Cereal Products,Bread,Other bread,EUwest,0.258677394536804,0.0803121016863089,0.517113709311209,24.5937416433191,0.863270715210981,0.418657138560264,1.16201616151717,0.0085260234268044,0.0010676947604348,0.0101414714885294,5.09005586784877,0.0328657248963161,0.001800560863978,0.0897738494842064,0.241959948751028,0.0782186135054987,0.497228765145506,14.6133875253824,0.798829070300991,0.415126679268666,0.98599160861548,0.27539484032258,0.0824055898671191,0.536998653476913,34.5740957612558,0.927712360120971,0.422187597851862,1.33804071441887,0.0779788861093129,0.0386918137183614,0.0369060377005909,0.162505617617118,0.125599579916527,0.313701320455022,0.130361649297248,0.0702405233656407,0.0589306085864273,0.208935794079151,6238.2942215022,0.13512371867797,0.787527223836802,75.7055932386911,0.0589306085864273,0.057740091241247,0.2363176930183,13.9504822508233,0.0964319049596084,0.47739745541732,3.44773823164229,0.0875030248707557,0.0482159524798042,0.215483639477643,0.302391405675809,0.143457340094232,0.264890109302628,0.130361649297248,0.0875030248707557,0.0619069019493782,0.228579330274627,0.302391405675809,0.314296579127612,0.438110383026369,0.130361649297248,0.0910745769062968,0.0666689713300996,0.213697863459873,0.302391405675809,0.327987528597186,0.346440547447482,0.130361649297248,0.0833362141626245,0.0619069019493782,0.627402640910044,0.302391405675809,0.118456475845445,0.500612543648337,0.130361649297248,0.322630200543875,0.0875030248707557,1.08039449075117,1.47683676669622,1.16015915287825,,0.549423754800732,1.74291739334403,0.265485367975218,2.10602518362404,5.04838880223727,6.26569278768418,,0.686333249496472
291120242551794,Ducales,"wheat flour (wheat flour, niacin, iron, thiamine, riboflavin, folic acid), palm vegetable oil, palm vegetable fat, invert sugar, malt extract, salt, water, sugar, eggs, milk, emulsifier (lecithinsoy), flavor higher (sodium monoglutamate), mass conditioner (sodium metabisulfite)",France,Cereals and Cereal Products,Biscuits,Biscuits,EUwest,0.189562423819622,0.392835679825548,0.860466239517566,86.9958849944551,25.5174985441174,1.12919961460523,8.62840906783535,0.0004514853642146,0.0016652520442565,0.0046430184505103,4.53509173663771,0.235363024365941,0.0028275044944161,0.17908127731933,0.188677171490195,0.389570528021954,0.851362416393559,78.1036797487587,25.0560092421476,1.12365557012773,8.2772745007614,0.190447676149049,0.396100831629141,0.869570062641572,95.8880902401516,25.9789878460872,1.13474365908273,8.97954363490931,0.197025426498725,0.0306328691007653,0.282065094467475,22.6458779296875,5.33425680604273,0.617745505022322,1.21824618582589,0.167462985491072,0.469963351004465,1.04075425701531,3946.94831963528,37.0198295149076,1.4751666800861,57.8097234494579,0.198444905931123,0.278247674984056,0.447588819355868,18.2544452064732,10.2988167610013,0.810402906170281,1.11860011439732,0.217171497130102,0.280367248883929,0.432019951769771,24.5189658246971,9.19028147720027,0.783050867745536,8.05933562181123,0.218922022879464,0.32893098174426,0.489688800223215,18.2544452064732,10.619698486926,0.99314546875,1.11860011439732,0.187082013313138,0.427102279575893,1.04149865792411,28.7127585993304,13.9106926949139,1.32896856385523,1.41496127511161,0.167750844626913,0.502558661910077,0.946754657605231,21.2449869475446,38.0385400601882,1.15571307079082,1.11661618582589,0.162683425940689,0.468473486527424,1.10039866669324,180.304141628269,36.9926521576053,1.27569524673151,12.2121050159439,0.166207334980867,0.461622786192603,1.33522741191008,190.725495076929,36.8571995966199,1.30956330516582,38.3019106126435
291120241565327,Oreos,"unbleached enriched flour (wheat flour, niacin, reduced iron, thiamine mononitrate (vitamin b1), riboflavin (vitamin b2), folic acid), sugar, palm oil, canola oil, cocoa, high fructose corn syrup, leavening (baking soda, calcium phosphate), salt, soy lecithin, chocolate, artificial flavor",France,Cereals and Cereal Products,Biscuits,Biscuits,EUwest,0.893011835854977,0.281973526223717,1.32069167708407,143.605026351182,28.5313161754173,1.63809626401203,15.8751397734559,0.0032552096160129,0.0011930801472131,0.0063859631603772,9.40997099810977,0.230980021074407,0.0067749164478517,0.347640760059878,0.886629166285252,0.27963418797883,1.30817036584911,125.15437566307,28.0784208704655,1.62481231054974,15.1935013039959,0.899394505424703,0.284312864468603,1.33321298831903,162.055677039293,28.9842114803691,1.65138021747433,16.5567782429159,0.582889004239486,0.176000931197927,0.519169260437219,9.3038753541802,20.2213685378114,0.871163164573661,1.32707413999906,1.72723366066655,0.401072849732314,1.22162310223831,5585.18848318691,67.734670783521,2.48649049932605,84.7034151202957,0.782771841956842,0.247810796407317,0.617587307120276,13.4642309864072,24.5956637880305,1.12303141140318,14.3343826989515,0.740072781353611,0.222654013203615,1.15131859533823,22.1821003051501,14.460743736888,1.40187624810235,16.3829606590645,0.72701260350605,0.286871752746418,1.33107948892533,25.4662263038292,24.9399956283922,1.49638086038686,16.9474291804358,0.868589256431391,0.303628412907865,1.39258235332619,4.89872489074344,31.2319291851834,1.5276570595202,0.753210513394943,1.05693483296053,0.229418309020165,1.53751535151135,114.249944703053,22.8457562887063,,32.6146682194388,1.14407637253011,0.375810971560851,1.5554139378265,15.5418786234659,40.8135099574966,2.04572353142924,1.62513641566405,1.1759678270978,0.277536401206952,1.88891725303751,372.949860744653,31.9148155104264,1.9261173913023,25.1899426193615
291120242047823,Pain blanc 2kg long tranche,"white wheat flour t65 (47.07%), water (32.13%), wheat sourdough (20%), salt (0.8%)",France,Cereals and Cereal Products,Bread,"White bread (not high fibre, not multiseed bread)",EUwest,0.102427739033333,0.0668721435,0.3246851993,37.7022594157333,0.2657414005,0.475184303829358,1.50819817153333,0.0006765106672356,0.0001465597033585,0.0024106700076073,7.15665448302217,0.0124939710544402,0.0021540670643122,0.12400801537059,0.101101267144052,0.0665847757820585,0.319958465259735,23.669811070433,0.241243780297009,0.470960705375083,1.26504879577135,0.103754210922615,0.0671595112179415,0.329411933340265,51.7347077610336,0.290239020702991,0.479407902283634,1.75134754729531,0.0918859,0.0643872,0.1790769,0.3407156,0.1509075,0.3548003,0.1468833,0.0791426,0.0663993,0.2354157,7028.9172204,0.1522489,0.8873361,85.3002967,0.0663993,0.0650579,0.2662679,15.7185252,0.1086534,0.5379014,3.8846944,0.0985929,0.0543267,0.2427934,0.3407156,0.1616387,0.2984615,0.1468833,0.0985929,0.0697528,0.2575488,0.3407156,0.3541296,0.4936352,0.1468833,0.1026171,0.0751184,0.2407813,0.3407156,0.3695557,0.3903474,0.1468833,0.1374935,0.06707,0.2508418,0.3407156,0.2253552,0.5264995,0.1468833,0.1837718,0.0576802,0.2783405,0.3407156,0.6599688,0.3145583,0.1468833,0.1039585,0.0824961,0.6271045,0.5016836,0.147554,0.6432013,0.26828
291120242076072,Filinchen snack with milk cream,"wheat flour, unadorned vegetable fats (palm, shea), sugar, whole milk powder (9%), wheat thickness, dextrose, full grain flour, rye flour, rapeseed oil, baking agent sodium hydrogen carbonate, emulsifier soyalecithine, egg yellow powder, salt",Germany,Cereals and Cereal Products,Biscuits,Biscuits,EUwest,0.17447126963299,0.204382985917367,0.703919912490041,270.93058622465,8.33640134622222,0.981144593519793,12.4156540636349,0.0012773342553503,0.0007630445277132,0.006847254254009,14.2014525072358,0.0752076499759448,0.0039662189587471,0.277936744003901,0.171966729697409,0.202886842300863,0.690494122289542,243.085012680646,8.18893754648695,0.973367808599296,11.8706881144266,0.176975809568571,0.205879129533871,0.717345702690541,298.776159768654,8.48386514595748,0.988921378440289,12.9606200128431,0.134571401892903,0.0889746779719845,0.488236461588089,26.8503913570948,2.39222945614021,0.878498765049502,3.15060418986425,0.264941552624262,0.247100889277166,2.79456457542685,10034.037811296,15.2981351597122,1.42693694462537,171.704658079788,0.121722916888982,0.147221694667617,0.40206560883384,193.087459195604,4.80115879196768,0.83650645873115,7.17600472930871,0.179870449355079,0.145717500862972,0.396053082126434,182.040020004064,4.20486782912614,0.971136112996443,15.6725290603697,0.161505484643465,0.180447275918969,0.495080715153489,174.781697861954,4.10129469116166,1.19408539984561,4.73191705426731,0.149044694346117,0.22917939153598,0.545946099706518,184.936918216578,6.48287074832958,1.01204116318289,9.24320964005859,0.240516865405974,0.260183599627429,0.463259249480822,177.464903603514,5.55729434283255,0.961333102997557,4.60583725426731,0.136267236009636,0.210280291660067,1.18893102566472,402.044438218471,11.9260531201359,1.28316807432253,63.4525557434018,0.14144991469264,0.219116146305529,0.586664736471579,1692.29788370092,11.7163420106034,1.25175512173209,29.4825528725726
291120242076746,Oats Mandel Nature,"water, oat (9%) , almonds (3%) , sunflower oil cold -pressed, sea salt, from ecological farming",Germany,Cereals and Cereal Products,Breakfast cereals,High fibre breakfast cereals,EUwest,0.230041432765998,0.0550364911604207,1.09818599752644,1349.49980401574,3.14229536365795,0.427500717990829,21.0198686458005,0.0015134668975429,0.0002694130299004,0.011064702526763,14.7332633077515,0.0702029221118956,0.0025296387172781,0.194556327905449,0.2270738944962,0.0545082381289802,1.07649082319166,1320.61147961581,3.00464461070329,0.422540715420258,20.6383912909748,0.233008971035797,0.0555647441918612,1.11988117186121,1378.38812841567,3.27994611661261,0.4324607205614,21.4013460006261,0.113457428616623,0.0515030617265105,0.222244503902568,155.904687438407,1.14350045542189,0.298580333149709,3.41916608632276,0.254029121009491,0.0529035621601292,0.313110274024911,7583.50591398941,3.18838974552886,0.774602937013561,93.4866607145173,0.127213633188978,0.0549131107608239,0.583337122902148,148.854238037209,0.835978412930023,0.333482911391894,3.29726087575883,0.115843633188978,0.0433931107608239,0.791537122902148,388.145728037209,1.43198841293002,0.382832911391894,5.51555087575883,0.148003633188978,0.0458231107608239,0.606317122902148,1189.83617803721,0.813538412930023,0.372482911391894,20.2658608757588,0.135711169964713,0.0285492933386429,0.80356508403741,1938.49896617249,1.68143455798212,0.455189675522665,27.3663808757588,0.343459714466494,0.0735125832874273,1.09948472928862,1938.95287817399,5.0604643696583,0.539525183524148,25.879603486086,0.264274422783235,0.070391528340634,1.93477824462346,1938.55162340111,3.73513494356154,0.542626564761841,25.8898284345291,0.260404422783235,0.068051528340634,2.10199824462346,1938.58105340111,3.70597494356154,0.575746564761841,25.9069284345291
291120242284253,Cooked wheat for pastiera,"water, wheat (20%), salt",France,Cereals and Cereal Products,"Pasta, rice and other miscellaneous cereals",Other cereals,EUwest,0.0305435333333333,0.019941,0.0968198,11.2426597333333,0.079243,0.141698018139066,0.449738533333333,0.0002017327172314,4.3703504803514e-05,0.0007188519479968,2.13408512987093,0.0037256511270136,0.0006423339986021,0.0369786835755449,0.030147984834964,0.0198553081204886,0.0954103072192441,7.05824096330194,0.0719379097352048,0.140438558334601,0.377232382815374,0.0309390818317026,0.0200266918795114,0.0982292927807559,15.4270785033647,0.0865480902647952,0.142957477943532,0.522244683851293,0.0274,0.0192,0.0534,0.1016,0.045,0.1058,0.0438,0.0236,0.0198,0.0702,2095.9944,0.0454,0.2646,25.4362,0.0198,0.0194,0.0794,4.6872,0.0324,0.1604,1.1584,0.0294,0.0162,0.0724,0.1016,0.0482,0.089,0.0438,0.0294,0.0208,0.0768,0.1016,0.1056,0.1472,0.0438,0.0306,0.0224,0.0718,0.1016,0.1102,0.1164,0.0438,0.041,0.02,0.0748,0.1016,0.0672,0.157,0.0438,0.0548,0.0172,0.083,0.1016,0.1968,0.0938,0.0438,0.031,0.0246,0.187,0.1496,0.044,0.1918,0.08
291120242218712,BenneFit cu semințe de in,"wheat flour, flax seeds (minimum 1 (19%), olive oil (minimum (15%), whoat bran, sesame, yeas , iodized sait, rosemary extract, no syniheuc additives",France,Cereals and Cereal Products,Bread,"White bread (not high fibre, not multiseed bread)",EUwest,0.999500005,0.255676935,1.58231076333333,2051.233018695,39.1473608716667,1.9608744461178,28.0753746633333,0.0064857819563915,0.0019934026037061,0.0117698180289058,91.1242996306944,0.17346697296256,0.0137148851189055,1.17996140361593,0.986782973529799,0.251768360241465,1.55923303002708,1872.56056348526,38.8072345817239,1.93398291216862,25.7617590647364,1.0122170364702,0.259585509758535,1.60538849663959,2229.90547390474,39.4874871616095,1.98776598006699,30.3889902619302,0.984205,0.124545,0.825645,5.53196,36.793755,0.662615,0.239505,0.41672,0.13179,0.312505,20994.22244,19.14728,,269.20816,1.018205,0.126545,0.879145,5.53196,36.849255,0.790615,0.239505,1.069485,0.239995,1.059125,114.997385,39.66786,2.905585,7.07469,0.67209,0.187675,1.708725,1259.104565,33.59793,1.74176,15.90855,1.2907,0.257125,1.88072,16.127485,44.47902,2.003325,3.028655,1.003875,0.170735,0.266735,2055.118405,36.212605,1.048335,24.05927,1.54096,0.485755,2.674715,5.533985,53.12696,2.84645,0.454155,0.45672,0.13429,0.328505,19278.79994,19.20078,0.751795,248.44416
291120242077179,PiCK UP ! Choco x12,"wheat flour, sugar, cocoa butter, cocoa paste, palm oil, whole powder milk, glucose syrup, skimmed milk powder, pastry butter, hazelnut powder, salt, emulsifier lecithins (soy),lactose and milk proteins, lifting powders sodium carbonates, diphosphates,aroma (milk), starch (wheat), acidifying citric acid,powdered egg yolk",France,Cereals and Cereal Products,Biscuits,Biscuits,EUwest,1.46372324539134,0.289587242536449,1.86980372463388,340.176648277004,47.2118165714881,2.08879598177036,19.2620659270413,0.0070664020637424,0.0048656532329577,0.011964615771256,4.06186298806767,1.15478889930653,0.0127936112678896,0.254369536604172,1.44986775995721,0.280046887078519,1.84634404061814,332.212328817267,44.9475580946135,2.063710840425,18.7633095051009,1.47757873082547,0.29912759799438,1.89326340864962,348.140967736741,49.4760750483626,2.11388112311572,19.7608223489817,0.856205436876175,0.143707460108739,0.391168209301251,224.156069830314,35.7959309825778,0.871066592569438,7.82837963424306,3.10952333665965,7.00941568485779,7.11053811997456,806.366347943908,1606.84422559942,5.57671591278098,49.2581330891422,1.22182314883737,0.199012501830099,0.549767989123368,315.262106271029,47.782732925381,0.885343549738842,34.367419490728,1.19141246369354,0.201705437273105,1.38508697807697,253.978234397918,53.0497018790386,,8.06920304268744,1.16106544348153,0.267707538368813,1.84117162669524,201.784001619979,32.1241857148929,2.01670063186912,18.8345856645091,1.15818707982996,0.236425533282865,2.14142445003888,835.917715114763,26.956342698277,2.38467902706719,49.7476388418275,1.59098239274546,0.223829632239683,2.377988986418,461.158258374642,36.5596412711233,2.32268334355901,15.9991837614699,1.56131272407257,0.37369678671008,2.29807945021906,736.406110140846,43.7434490073454,2.43566523487333,13.5607129195155,2.22695372000137,0.249898057332315,2.94062212567733,445.432524380152,45.55655759561,2.62347811482034,26.5002487878827
291120241566104,4 wind flight,"wheat flour (gluten), margarine (vegetable fat (palm), water, salt, emulsifier e471, acidifying e330, coloring e160a, aroma), water, salt, skim milk, rapeseed oil, milk proteins andsmall pea proteins, whole milk",France,Cereals and Cereal Products,Biscuits,Biscuits,EUwest,0.115687373548565,0.0782770347840188,0.329305238291531,1300.39376383913,0.728411730969103,0.568454962650966,14.58392651319,0.0004539645094188,0.0001081413813005,0.0015951680502104,11.0597936006167,0.0090890711148315,0.0016005561451996,0.130270783645521,0.114797260221992,0.0780649959954074,0.326177504052055,1278.70821470741,0.710590286434061,0.565316663675579,14.32849738122,0.116577486875139,0.0784890735726301,0.332432972531007,1322.07931297085,0.746233175504144,0.571593261626352,14.83935564516,0.094481645202619,0.0698433824965579,0.227084653770259,17.0413205025576,0.208831078890381,0.385377449857464,2.3601897775588,0.0945216558543957,0.0790496561164377,0.277298039776564,6410.42000952791,0.542248015238542,0.870168394415615,75.2067373442213,0.10685856946412,0.0794608081173246,0.266234617244232,27.7454913352659,0.361651058496615,0.427878178509892,2.59619296383525,0.112076874296174,0.0756287374144788,0.222811385507816,665.596307356384,0.891873175383229,0.456381940174328,7.59570383085349,0.218352793243105,0.0818542312893782,0.385457719524896,665.056339983271,1.37785753730785,0.440150912342003,7.69955373316712,0.111454178252692,0.0856610136860967,0.264311935833523,1554.32889800004,0.717232085855407,0.526989717313354,16.279318204889,0.137348244775081,0.0800955721656087,0.277327863284027,1554.17903656365,0.632855882146918,0.621659589601793,16.0003481196084,0.132527670698795,0.0741274922849185,0.423614703458413,1553.1953820464,1.69153683669765,0.609051824733035,15.9738254022843,0.123089752409859,0.0889465809424348,0.539570707695741,1552.24513184971,0.648134723140214,0.740579046557742,16.0228806262953
291120242007054,Nustikao biscuits,"flour of wheat (39%) , sugar, vegetable fats (sunflower, palm, palm, coconut in variable proportion), paste of noistes (5%) , it skimmed powder, lactoserum powder, lean cocoa powder (2%) , milk whole inpowder, glucose syrup, emulsifier lecithins (sunflower), salt, orge malt extract, aroma, lifting powders e500, e503",France,Cereals and Cereal Products,Biscuits,Biscuits,EUwest,0.233218700628221,0.123070286595641,0.615795950988697,199.167169780972,6.6207348519379,0.801930003889576,19.9595257977493,0.0007372081572805,0.000769376917393,0.0048836446417868,5.92657014472172,0.0509375617070146,0.0038602626145375,0.38674344797977,0.231773215812472,0.121561726712389,0.606220318780205,187.546615845065,6.52085875687352,0.794360973434592,19.2012165249551,0.23466418544397,0.124578846478894,0.625371583197189,210.787723716879,6.72061094700228,0.80949903434456,20.7178350705434,0.149544027735485,0.0826506230639369,0.34350707754584,33.5375958223062,5.82810875339049,0.606282266487412,5.29046054538606,0.218010965647269,0.123951859028748,0.654581149305068,4201.80328631826,5.89999051700191,1.2085119893286,74.9778801072368,0.191203848870142,0.0830504879273392,0.354031166471069,131.814440714246,7.04246208773349,0.618820372181629,4.5561254328394,0.207910162704432,0.0855171510388397,0.602028895970818,23.6671652172552,6.21643867528907,0.69475562497482,2.94377326101789,0.246703484065217,0.107059691672955,0.484922649459102,35.2472400244484,5.58313399426365,0.64259990662511,19.0067095434218,0.2278516555154,0.101309162851828,0.605598368952912,155.032435880965,4.96567301244412,0.642005121943839,20.867569519129,0.199650832033875,0.212056182044072,0.61192548243259,142.766215909535,8.34849291918515,0.978604063209487,4.80159142475726,0.195788737136967,0.097819252758302,1.26301714322746,470.148767778213,5.33696265958225,0.974201541682846,89.7522374060042,0.198616184999103,0.0962429095018644,1.03129460709708,975.500242884457,3.58211829391395,1.25500144415148,64.786513332464
291120242487979,Blank pie,"water, wheat tail, sugar, milk powder, tray eggs, malagacine (vegetable oily manetes (palm, rapeseed), emulsifier mono and diglycerides of fatty acids, acidity corrector citric acid), butter, preparation for flan (2%) (starch and modified starch of corn, aromas, colors curcumin, caroteno ideso, transformed starch, lupine flour, egg whites, salt, developed in a workshop using shell fruits and soy",France,Cereals and Cereal Products,"Buns, cakes, pastries and fruit pies",Buns cakes and pastries,EUwest,0.120293975977539,0.0997435423559631,0.4102914802037,429.253328424999,1.68127994397954,0.746485866452272,17.7687603676163,0.000408622842585,0.0005272596273277,0.00368745682646,4.33709325468979,0.0194327752462205,0.0025717209317967,0.262625756983184,0.119492766565391,0.098709715237078,0.403061279616879,420.749349755976,1.64317702654859,0.741443350955739,17.2538155176512,0.121095185389686,0.100777369474848,0.417521680790522,437.757307094021,1.71938286141049,0.751528381948804,18.2837052175814,0.0986627698892724,0.0733292803697043,0.2888496708713,98.0057841277927,2.2818661757921,0.581610412596191,4.1886600693072,0.112214125156478,0.101905289141432,0.470439312096924,3531.02139372723,1.18101745756798,1.07032992601277,59.6132383182095,0.102984366737273,0.0822030577171957,0.289504187706733,240.780940115213,2.49142354153859,0.618085731671827,5.67401665955068,0.0973533792111544,0.109442981972983,0.37965917533421,208.265818580685,1.52662744010441,0.894915963093042,5.07441024371952,0.105327984518537,0.0774242577724545,0.300457862464461,405.238979946951,2.35185181816488,0.625768425299795,7.35054914863182,0.171362155305204,0.158670196099904,0.422279659911672,100.060506418228,3.0592418709442,0.776768876755315,4.24978311035778,0.110126724309055,0.156507281907396,0.472664535449887,364.416489587933,2.88172562580705,0.892515916009391,7.8995583637889,0.12016431002406,0.101328425607034,0.496225764402893,717.861588002113,1.33006704483529,0.859700702651685,26.6003629088914,0.216825227971027,0.0890398552607477,0.566307601627413,758.713378127258,1.5469388928922,0.85487486554398,25.330920356019
291120241871799,Coconus spray biscuits,"wheat flour, palm fat, whole milk chocolate (19%) (sugar, cocoa butter, whole milk powder, cocoa mass, emulsifier lecithine), sugar, coconut flake (13%) , wheat thickness, fabric, caramel sugar syrup, dining salt, natural aroma",Germany,Cereals and Cereal Products,Biscuits,Biscuits,EUwest,0.549311470230105,0.267179605161979,1.26362984236293,319.745483878163,21.8825750566408,1.42475922218888,21.9513797789304,0.0023798117471574,0.0012232008171367,0.0082521013854704,9.82237354218147,0.196350515447673,0.0050969320024908,0.298490253960589,0.544645241688159,0.264781207653321,1.24744949067675,300.486212708109,21.497579739048,1.41476538565337,21.3661134257462,0.553977698772051,0.269578002670636,1.27981019404911,339.004755048216,22.2675703742335,1.43475305872439,22.5366461321145,0.439230095050731,0.083648735910312,0.52037414717683,120.866542837389,17.2659022422301,0.695380113192412,12.9085836424715,0.508720304940292,0.250052520229004,4.05546932745698,6591.20783959947,16.5059195165948,1.75980314633844,129.701187121977,0.56956373687944,0.177838135481973,0.798159796161851,46.7691655630538,24.4580442581412,0.862292871047778,8.31003568003777,0.473168857470267,0.199231858077052,1.11216043511189,125.675743143474,10.7130932866443,1.04676974035218,25.5002627813268,0.4469880789759,0.288840750099407,1.05910566829395,113.710707655348,15.3672543544269,1.54529287138226,10.0349332111929,0.436401264528272,0.230972925910395,1.41202135137775,492.929372169759,13.5227032651921,1.6986064644989,15.7364732111929,0.745160366700508,0.18597456133513,1.78300545475275,90.6810864855261,17.3906750211762,1.27715556406732,10.2727071621106,1.21291289656304,0.232170629179854,0.608449705715338,265.158214182958,23.9807484123332,1.01439865648915,32.5123930881856,0.684592450593139,0.293596195275492,1.48074960194728,1197.48780685071,27.9312736566943,2.04860457913023,27.0447958773964
291120241871378,Hansamdas,"wheat flour, sugar, palm vegetable fat, pig butter, glucose and fructose syrup, vegetable oils (sunflower, soybeans) in variable proportion, egg light, yeast, egg, salt, salt, emulguents monoglycerides and diglyceride of fatty acidsand monoglycerid and diglycerides of fatty acidic and dialacer, aroma, aroma, wheat gluten and flour treatment agent ascorbic acid",France,Cereals and Cereal Products,"Pasta, rice and other miscellaneous cereals",Other cereals,EUwest,0.172464998994743,0.199318537523891,0.637741050467483,242.864820665536,8.14304470602899,1.01392212433499,18.4635140702649,0.0005309803746863,0.000769725234009,0.0047329614734657,5.03362630618004,0.0631642798028968,0.0032329792165046,0.327220150224246,0.171423876400683,0.197809294676981,0.628460871082791,232.995111110802,8.01919500842169,1.00758304313935,17.8219154201615,0.173506121588803,0.200827780370801,0.647021229852175,252.73453022027,8.2668944036363,1.02026120553064,19.1051127203682,0.147798427023186,0.0836143876975314,0.342152729697077,110.459330906661,3.75600897073623,0.742945944382261,4.2420341563136,0.137676868767088,0.155985642644083,1.21408721169642,3816.6631801336,3.95657841270717,1.50608939583272,119.786073114493,0.153057533333333,0.152257494007679,0.412548746535983,158.775338462217,5.09504327291661,0.802122950701292,5.29087784520249,0.179536061512343,0.151605060665463,0.480134315418555,124.102420629696,2.75574617933139,0.829912432795397,19.9798816733647,0.201051212566995,0.152817458865101,0.415360848080701,211.360981185321,2.91248697490155,0.888106231877449,19.6627533855083,0.179989748900931,0.201081861265583,0.471152438743301,216.177172963098,9.73175782137538,0.804889182878802,20.1091919188416,0.181954979878199,0.269871014614117,0.641037733208967,158.199342128884,6.44163686946987,1.18501638593073,5.24033391186916,0.177461854328665,0.222832296072568,0.783293645378184,482.341221771223,10.5031041030569,1.19218551523891,27.5850374733824,0.168974826087471,0.147930493989913,0.937837453548902,935.788970092455,4.2129518462922,1.3474071712258,58.4335842299467
291120242110427,Chocolate nugget cookies - Crous Bordeaux,"sugar, blefish flour, rapeseed oil, dark chocolate pieces (8%) (cocoa mass, sugar, emulsifier soy lecithin, natural vanilla flavor), pieces of milk chocolate (8%) (sugar, whole milk powder, whole milk powder,cocoa butter, cocoa mass, emulsifier soy lecithin, natural vanilla flavor), pieces of white chocolate (8%) (sugar, cocoa butter, whole powder milk, small milk powder, lactose (milk), emulsifyingsoy lecithin, natural vanilla aroma), eggs, butter (milk), cocoa powder (2%), baking powder (e450, e500ii), starch of ble), salt salt",France,Cereals and Cereal Products,Biscuits,Biscuits,EUwest,0.796889400142704,0.222858154044926,1.3301658852653,307.985624558224,19.3993340505258,1.80298299213941,29.8456664213409,0.0032603279061898,0.0022966244541988,0.0097230530693228,9.42872045045569,0.467372028712442,0.0079588724950534,0.611356451540658,0.790496694858289,0.218355035430138,1.31110135724071,289.498210781694,18.4829318591801,1.78737759055986,28.646946007052,0.80328210542712,0.227361272659713,1.34923041328989,326.473038334755,20.3157362418715,1.81858839371897,31.0443868356297,0.490938825635615,0.12343028751175,0.553391500266263,101.596207825133,17.3949709447569,0.990631306965425,3.76263662945353,1.41571067236091,2.90211748143839,4.0113503097303,1531.86525865912,643.788294140566,3.74945153265361,106.345760896851,0.613671545943605,0.168874681844842,1.06706011828108,93.9016451574322,14.0069980274055,1.41038015240653,4.06848544552461,0.739041937965492,0.166385778536663,0.69044094865295,147.190949833661,20.3625027738929,1.09523870096122,30.968405512285,0.605325072808455,0.169489209767883,1.1309985615468,384.109595416019,14.2814726077072,1.59086464296939,25.0158669338404,0.86459284010283,0.186404338742961,1.24275359599748,148.041881134826,13.473072641831,1.57349696806671,31.025138605985,0.794350974678478,0.367492259642009,1.5964958315203,103.876555885155,18.8542899309054,2.18816250231983,4.27956313475397,0.649698520468045,0.151061929847944,1.68579080369199,1494.92734423686,19.6626306571869,1.95612765341461,102.816168201449,1.3955623146936,0.411914451615178,1.2372623726722,109.211116980552,48.6087730570802,3.11700220731303,6.55298338887498
291120242183820,Speculoos Sinterklaas 37g 9cm 3 pieces,"wheat flour, sugar, vegetable oils (certnice guy palm oil ha of candi sugar coz, lifting powder (sodium acid carbonate), soy-set flour, girlfriend",France,Cereals and Cereal Products,"Pasta, rice and other miscellaneous cereals",Other cereals,EUwest,0.174060531562206,0.114981295452963,0.55939920577608,112.570366185466,1.64701871676717,0.819030315981285,14.8132324356959,0.0008281412309055,0.0006571045906323,0.0048400294244169,9.0988429269346,0.0270081276522877,0.0037619496079646,0.355648241825869,0.172436749238654,0.113692874131606,0.549909092337044,94.7297615178652,1.59406238681117,0.811654053276886,14.1158932537698,0.175684313885757,0.116269716774319,0.568889319215116,130.410970853067,1.69997504672316,0.826406578685684,15.510571617622,0.140279427023186,0.087575593253087,0.295038379697077,0.718208901105978,2.40916270962512,0.582419349937816,0.341563817424713,0.149729735098161,0.115533883761215,0.590259959180954,8583.71462119166,0.983035993737229,1.4926335092609,122.56268838978,0.17819083778982,0.0924518945989162,0.263365055409967,11.3051546630985,0.198723432486453,0.532495766212135,14.2049774688416,0.162471929732611,0.0845402000088834,0.398387035133695,0.719795651105978,2.45851894612241,0.623600212112463,0.341563817424713,0.186133695900329,0.0986874310873235,0.355894370302923,11.3035679130985,0.425813158234876,0.696625054099671,14.2049774688416,0.170261729679311,0.0900731621657635,0.622553402816026,11.3051546630985,0.164628267611264,0.683148320311806,14.2049774688416,0.231270891800657,0.110702875677356,0.533746043039886,106.180785866083,2.46225407617482,,31.1422113734343,0.147201002709425,0.108339144598916,1.14370288151817,283.561608079705,0.665459787709869,0.960589179288442,73.6882959860308,0.185774508083859,0.096190533778982,0.855013267033845,719.464561231344,0.983842059984897,1.08942586832637,52.1025143355023
291120241856212,Gnocchi classic.pasta,"water, potato flakes (14%) (potatoes, turmeric), potato thickness (14%), durum wheat semolina (9%), (4.5%) (potatoes, turmeric), potato thickness (14%), durum wheat semolina (9%), full egg (4.5%), iodized dining salt (dining salt, potassiumiodate),rapeseed oil",Germany,Cereals and Cereal Products,"Pasta, rice and other miscellaneous cereals",Pasta,EUwest,0.0655752792968806,0.0528190142375197,0.23962514740534,136.649833473232,0.549760505175438,0.439443354696437,3.90687079520606,0.0003833134819822,0.000108111724544,0.0016034837721251,4.33618766118087,0.0045684159276525,0.0011769658805597,0.0600424331577403,0.0648236953481608,0.0526070335985515,0.236481108069886,128.147630451499,0.540802959344951,0.437135612585607,3.78914227501399,0.0663268632456004,0.0530309948764879,0.242769186740794,145.152036494965,0.558718051005925,0.441751096807268,4.02459931539812,0.0524903882174944,0.0485049101305548,0.1077991386551,52.9604353189191,0.447877981004313,0.361416076241725,2.09531225037926,0.0941303882174944,0.0559524101305548,0.2607391386551,3147.73747781892,0.600600481004313,0.576253576241724,50.9674422503793,0.0531930241886115,0.0481076371380663,0.163504984680203,52.8843030459266,0.44767979764788,0.426256209003731,2.09099225037926,0.0490453650207898,0.0519078418240852,0.169263641747516,56.4117385463351,0.442165797297795,0.375976870038672,3.54588725037926,0.0513470013419916,0.0500806372547613,0.253637274451175,52.8843030459266,0.448492274742912,0.389397234184249,2.09099225037926,0.0825330241886114,0.0563876371380663,0.190324984680203,63.6385830459266,0.56517479764788,0.494701209003731,2.50913225037926,0.162182001341992,0.0499456372547613,0.100142274451175,54.0137130459266,3.09098227474291,0.360237234184249,2.09112725037926,0.0704900299066628,0.0493190693567239,0.145622319677635,369.904866801262,0.754196217158023,0.4301472330173,6.09703012015146,0.0871550299066628,0.0569015693567239,0.375512319677635,373.662239301262,0.783798717158023,0.6895347330173,7.69553512015146
291120242237851,Sweet Tarts Funds,"frove flour, vegetable fat (palm, rapeseed), sugar, eggs (ground breeding), glucose syrup, water, kitchen salt, lemon aroma",Switzerland,Cereals and Cereal Products,Biscuits,Biscuits,EUwest,0.227879246919988,0.240459493846891,1.04217345497777,372.754212259869,9.16987346221354,1.4704001773257,13.1832865805272,0.0012332227537679,0.0009087610977292,0.0081445096027584,10.2527622384634,0.0604335222932107,0.0039411067269997,0.19975379424167,0.225461198845772,0.238677635690632,1.02620406445185,352.651054164254,9.05137811191882,1.46267263134718,12.7916182659364,0.230297294994203,0.242241352003151,1.0581428455037,392.857370355483,9.28836881250827,1.47812772330422,13.574954895118,0.166891772792576,0.114637760893273,0.571632419631053,168.121111574134,4.87344601387726,1.15559725542054,6.82027339569803,0.326973286404213,0.208041257108934,1.01939481777605,7275.75000185817,12.823731064041,1.58555293600611,122.35096940202,0.176245349888993,0.20185221015337,0.631461996738935,167.739235643296,6.63281687975461,1.33389723386172,6.83229527227008,0.193061185890876,0.203881361641539,0.722930975665167,175.999236612576,6.48414264039498,1.24509574646511,10.4827189074906,0.183032464665346,0.209430547735917,0.919562894638522,271.74577182242,7.11349192847078,1.33818725493184,33.6842419115641,0.199482796653741,0.188513488537941,1.52277886276357,167.843117173995,6.86614648958766,1.41438573567585,6.82189573022913,0.192889139115834,0.292430106860378,1.46705597479502,167.696222040895,7.57870147008476,1.46991687379859,6.83229527227008,0.218961601226691,0.296651688020768,1.70296820638823,306.48261470607,8.39497695406206,1.58972701021295,10.2816131715682,0.945775336320205,0.266831215189087,0.536042166991491,170.080258659194,9.6098373451718,1.47331540973214,6.81801336862686
291120242012150,"Royal pizza, cooked on stone (ham, mushrooms, cheeses, olives)","garnish (55%) tomato puree (43%) , cooked ham choice (16.5%) (pork, salt, corn dextrose, spices, spices, preservatives sodium nitrite, antioxidant sodium ascorbate),mushrooms (12.5%) , edam (10%) , olives (6%) , emmental (5%) , rapeseed vegetable oil, potatoes and wheat starchs, onions, salt, leek, sugar, wheat flour, spices, aromatic herbs, (% ages expressed on the garnish),paste (45%) wheat flour, water, yeast, rapeseed vegetable oil, dextrose, salt, sugar",France,Cereals and Cereal Products,"Pasta, rice and other miscellaneous cereals",Pizza,EUwest,0.68661517754131,0.432090238228675,1.60119208456445,3743.46691042507,6.93594189906923,3.16580651460508,88.4747400985853,0.015893897476276,0.0009191429176995,0.0068019980788493,13.0091767361103,0.158065015361289,0.0064124694002053,0.244206815000359,0.655451133521798,0.430288023863685,1.58785503065013,3717.95909794126,6.62601507941932,3.15323323111939,87.9959102870872,0.717779221560822,0.433892452593664,1.61452913847878,3768.97472290888,7.24586871871915,3.17837979809078,88.9535699100835,0.321358561071107,0.355027886643687,1.5068015704196,965.65063679751,5.02079087455506,2.69106083911282,30.1107580826485,4.63261342028534,0.527947532712038,2.74875289836127,3950.60993112381,45.4298960145558,,147.907890148431,0.432092544142394,0.457611610016977,1.5363100043585,2446.39577111548,4.24997660325991,3.09022477703041,75.0394739622928,0.440490844142485,0.377503235003955,1.40160605563525,3093.29943997691,4.81491027469354,3.02467544229228,78.5850318709185,0.485173244142091,0.398783429837754,1.45529525080433,3636.4182397097,5.06790137468667,3.12330981978253,89.9765016806385,0.480892701285144,0.48738445867302,1.50682736150137,3710.38571684857,4.4488738175486,3.383971725689,85.417811943699,0.492178729856228,0.400795199051876,1.54482725301274,4378.45364493827,4.87404090325272,3.17617034714001,99.3361645377814,0.465776801285336,0.476698128783467,1.54673890836127,4793.50180730002,3.95697221755583,,103.338177481288,0.726397721785481,0.662126182621337,2.92940096838302,5852.10680228484,9.03855657155957,3.51932857384202,125.092205852419
291120241946839,Grilled bread with wheat,"ble flour (92%) (wheat) , sugar, sunflower vegetable oil, yeast, salt, gluten of wheat , flour treatment agent ascorbic acid",Netherlands,Cereals and Cereal Products,Bread,"White bread (not high fibre, not multiseed bread)",EUwest,0.189669969433539,0.115585468917499,0.603676284218963,477.084744149763,1.20168378515287,0.850582166874624,10.3390737668948,0.0022840954678371,0.0005220378352408,0.0097418930550994,32.4148945152794,0.0396583309272719,0.006706970477076,0.510559452574803,0.185191417095404,0.114561880455224,0.584574815592048,413.527067307449,1.12392350183641,0.837431438835944,9.33799160448818,0.194148521771673,0.116609057379774,0.622777752845879,540.642420992076,1.27944406846932,0.863732894913304,11.3401559293014,0.147832767830064,0.091659732095549,0.111863875181942,56.5833663595838,0.594319113600748,0.457893444872646,0.862757841369205,0.421658500222967,0.138739234199632,0.689011196607929,21429.0724408882,1.3212567810446,1.78457307543535,344.009355324003,0.128508526800604,0.105777509378473,0.323079863304164,60.1793276583264,0.781594662725366,0.505322468877031,2.77213745337603,0.0988349130197305,0.0937715168891015,0.386381731710977,153.294875292879,0.525299930640287,0.78591450028046,6.73036915720675,0.16021491301973,0.0947015168891015,0.389171731710977,131.753285292879,0.596909930640287,0.98400450028046,1.54747915720675,0.104620671990271,0.105099294172026,0.481347719833199,242.574526591621,0.903225479764905,0.734763524284845,39.4711087692136,0.331414717028626,0.175542046461074,0.339106523099491,131.973226526733,0.902271162015896,0.706436856133618,1.54747915720675,0.121644200792168,0.0846586170256487,0.611529904352396,1184.67681192935,1.32998355411879,1.20820675818595,87.7550423385147,0.0883106035143284,0.0988305076463782,0.371851869243053,3246.96882635958,0.645142640946851,,39.4540378413692
291120241914551,Soy -style spaghetti in soybean,"pasta cooked (34.9%) (water, semolina from wheat dur), peeled tomatoes crushed with juice (33%) (tomato , tomato juice), water, onions , carrots , double concentrate of tomatoes 2, (5%) , proteins of  soya textured (2.5%) , extra virgin olive oil, broth (maltodextrin of corn , salt, onions , yeast extract (salt), sunflower oil , leeks ,carrot juice concentrated (corn starch), paprika , fennel, tomatoes , liveche , celeri , garlic), garlic pulp , sunflower oil , basil (0.8%) , starchcorn , salt, pepper , biological ingredients",France,Cereals and Cereal Products,"Pasta, rice and other miscellaneous cereals",Pasta,EUwest,0.045517628661551,0.0677744662284422,0.189676281876221,166.697951821049,0.942223423390223,,2.93220318578813,0.0001820998203792,0.0006541608178786,0.0010595390365296,2.33383965589688,0.0041837281629652,,0.0289819886168342,0.0451605754701159,0.0664918169251709,0.18759878507444,162.121863301577,0.934020156140579,,2.87537659744652,0.045874681852986,0.0690571155317135,0.191753778678002,171.274040340521,0.950426690639866,,2.98902977412973,0.0400448901741446,0.0372114141606036,0.118160343008332,5.3869964142036,1.20529503440926,,7.71197104151686,0.0361883937148158,0.15152874146019,0.109621736562864,777.738763590521,0.601052911604563,,9.09503645980214,0.0390344590400123,0.0433235053713583,0.185204707731479,52.1686075436221,0.919685780863262,,1.14591136777804,0.0380108083871014,0.0432977679161432,0.159464337972178,90.3421152664603,0.905654360683016,,1.67279254334926,0.0477795928972656,0.048791858646405,0.143027740269641,148.134088510213,1.01680845982442,,2.64848912024424,0.0442952015311297,0.0405087853037086,0.109974174052602,271.787878594492,0.962133173892553,,4.03201719600631,0.0454129340912739,0.115579934414277,0.242138400852611,78.6241840013713,0.938954309979462,,2.41398193212087,0.0403268378676713,0.114496503391187,0.340799478625024,117.168521361648,0.81484487757469,,2.63048796846661,0.0362878783222893,0.0421382400528568,0.140546042959143,578.080170367187,0.462284308830504,,7.79172804971639
291120242161883,Sun-dried tomato & mozzarella,"potatoes, sunflower oil, small powder milk, sugar, powdered wooden, salt, powdered tomato, powdered mozzarella (milk), yeast extract, dried powdered tomato, powder cheese (milk), natural aromas, dried red pepper, powdered garlic, powdered onion, coloring (paprika extract)",France,Cereals and Cereal Products,"Pasta, rice and other miscellaneous cereals",Pizza,EUwest,0.394590816754692,0.190770343824478,1.72243948415969,464.061271136183,3.23361100031088,,15.576621234506,0.0030038970176954,0.0004567259287459,0.0232511308077543,8.37141066627662,0.0650366551511508,,0.135803057494941,0.3887009096989,0.18987481603027,1.67684970575085,447.646983143029,3.10609003277994,,15.3103446671584,0.400480723810483,0.191665871618686,1.76802926256853,480.475559129337,3.36113196784182,,15.8428978018535,0.260856180212597,0.176114723593161,0.69341000102165,291.683414931228,3.22864816535379,,9.66159852492888,0.58984775645825,0.220825092018311,0.980744502429508,13609.4333518332,3.5404442344626,,172.83588564798,0.254459356744365,0.148234376714561,1.01809487575719,412.459904529272,0.983080478978908,,10.2006104147364,0.354783759898879,0.179039956500411,0.738359168593839,334.48374801605,1.18129944239931,,14.0637481303762,0.309387271032063,0.202581746182555,0.778541478199076,427.628964962973,1.56621901223397,,11.5460294365305,0.320846910626256,0.207443946751146,0.872811615318451,580.224431890588,0.992701900649941,,18.1168207149413,0.303284905709062,0.170538814751071,1.68865749841358,675.951860040266,1.14635717781984,,16.3123339537939,0.58359623012831,0.220470139069403,4.81041249439233,270.92207884953,8.11973612457214,,10.1694240331174,0.582466549078203,0.191248499114578,4.75492973849919,510.635061886293,7.40351954364811,,16.3802023953652
291120241972509,Crown of kings with chocolate chips,"flour (wheat, wheat gluten), eggs (22%) , butter (17%) (lactose) , sugar, inverted sugar, yeast, candied variety (sulfites), salt, natural aromas,surgras information is dismissed for",France,Cereals and Cereal Products,Biscuits,Biscuits,EUwest,0.229934161933333,0.2155109433,0.799393437833334,644.9512542351,3.33801991816667,1.73676077145848,29.9218809667667,0.0007987933674657,0.0006795032261914,0.0042767510507517,7.98817880678804,0.0232956984039117,0.003911781099379,0.311981565484353,0.228367923589129,0.214178603734828,0.791007775461655,629.288390148927,3.2923427536066,1.7290907258603,29.3101614527492,0.231500400277538,0.216843282865172,0.807779100205012,660.614118321273,3.38369708272674,1.74443081705665,30.5336004807841,0.1834361,0.1849744,0.6018783,271.2260396,4.1071687,1.4959534,10.7851303,0.3265366,0.1492863,0.6858887,5584.8888664,0.6306699,1.6973151,98.9972997,0.2197769,0.1913152,0.5678479,372.0498696,2.0935525,1.4981673,25.9261803,0.2233736,0.19697,0.62004,364.1131679,2.059597,1.6632869,25.981371,0.2808538,0.1914582,0.6259455,363.6962396,2.3643208,1.5184053,25.8983003,0.2280985,0.21476,0.6876238,585.6888896,4.6463732,1.6685545,19.3212903,0.1883902,0.2038677,1.363756,622.9245576,2.322798,2.0055298,79.0022715000001,0.2921805,0.2672704,0.9338789,964.8845896,4.725839,2.2031497,24.6737003,0.3096739,0.2280848,0.8074908,1339.9970096,3.2280236,1.6927632,34.7894803
291120242300857,Spaghetti Pasta with complete wheat integral 500g,complete semolina of hard ble,Belgium,Cereals and Cereal Products,"Pasta, rice and other miscellaneous cereals",Pasta,EUwest,0.219867666666667,0.108336333333333,0.506053333333333,257.441754333333,0.956586333333333,0.794650337837838,5.51866566666667,0.0027900642732463,0.0004170165661665,0.008023335986897,31.5351793355922,0.0471575583756501,0.0058057669749837,0.481791314956448,0.214397033301974,0.107518665883026,0.490321534619253,195.608983708977,0.864121899907542,0.783266649359572,4.57399078311889,0.225338300031359,0.109154000783641,0.521785132047413,319.274524957689,1.04905076675912,0.806034026316104,6.46334055021445,0.151,0.095,0.102,0.831,0.206,0.454,0.251,0.443,0.144,0.647,22923.389,1.29,1.809,361.202,0.14,0.097,0.279,0.688,0.173,,0.219,0.128,0.1,0.4,1.567,0.21,0.837,0.43,0.165,0.098,0.4,0.273,0.239,1.015,0.219,0.272,0.103,0.349,0.256,0.443,0.714,0.219,0.272,0.103,0.349,0.256,0.443,0.714,0.219,0.35,0.179,0.329,0.426,0.762,0.671,0.219,0.34,0.236,0.708,18.813,19.428,1.546,15.876
291120241913827,Golden Lin Bread Bread & Chia,"wheat flour (53%), water, corn flour (10.4%) , corn semolina (4.3%) , rapeseed oil, black chia seeds (2.6%) , gilded flax seeds (2.6%) , aroma (contains alcohol), salt, yeast, vinegar, wheat gluten, acerola extract",France,Cereals and Cereal Products,Bread,Other bread,EUwest,0.15093216056771,0.0854875207115899,0.421211379501523,51.0681943641017,0.593926904116894,0.586933051416867,2.84269620063971,0.0008718587804215,0.0001599392351233,0.0020496168044799,6.10892962148475,0.0130860721847998,0.0017320933446981,0.105767453352341,0.149222658826402,0.0851739190055721,0.417192582449806,39.0900781141246,0.568268318473043,0.58353684017789,2.6353121038803,0.152641662309017,0.0858011224176077,0.42523017655324,63.0463106140788,0.619585489760745,0.590329262655844,3.05008029739911,0.102813745451803,0.0765961210211171,0.203071634082593,16.7088211673796,0.266293123463184,0.429719083148108,5.81258882749042,0.138642163626648,0.0860194713402162,0.367703851977453,5668.9780406147,0.487826823284474,,69.5301823916605,0.125043072724817,0.0838416751609575,0.279070298885939,11.9751931673796,0.231165415207289,0.490568462174139,1.82932982749042,0.135770599998225,0.0798258280272175,0.317872729055123,1.01948676911117,0.314836578949248,0.465759547568354,0.322736323399668,0.138008745451803,0.0812061210211171,0.342176634082593,10.7212181673796,0.418673123463184,0.703172083148108,1.06039682749042,0.119219945452197,0.0804449363068983,0.492630312849919,11.9692117060918,0.226786562705502,0.605566967043046,1.82932982749042,0.139052745451803,0.0833121210211171,0.553994634082593,12.1204811673796,0.404360123463184,0.736166083148108,1.82948582749042,0.259429109038425,0.109629178351949,0.434188368758253,0.549488583752851,1.82333453098634,,0.161942493591129,0.272287109038425,0.108860178351949,0.479200368758253,31.1125235837528,1.89083153098634,,3.04638549359113
291120241978198,Hazelnut shortbreads without butter yeast,"t65 wheat flour,unrefined red cane sugar ,butter (14%),whole eggs ,hazelnuts (3%),unrefined sea salt",France,Cereals and Cereal Products,Biscuits,Biscuits,EUwest,0.240932781538569,0.172177429140594,0.76794008732599,556.467373293136,4.24218926013134,1.32801859857033,27.8533126020957,0.0007863753133917,0.0006925597460739,0.0049378115657109,8.33554766457098,0.03226304437609,0.0036534250562618,0.34906390408022,0.239390891959944,0.170819488934612,0.758258247033288,540.123403871339,4.17892932425716,1.32085512595794,27.1688836954279,0.242474671117193,0.173535369346576,0.777621927618691,572.811342714932,4.30544919600551,1.33518207118271,28.5377415087636,0.156898281069557,0.134905432442036,0.589177121648752,195.703470751106,3.28203503798525,1.23676415945634,10.2559248674247,0.251886983761215,0.206401370169672,0.855886451221462,6050.7259081439,6.10931290217642,1.76666351338723,93.0925885681088,0.276885345900329,0.138419932433153,0.473552232459803,276.601239763099,4.76563270546327,0.951384008083859,22.6350185188416,0.216832026969885,0.150827705409967,0.611516110846584,332.520658438874,2.36493995139025,1.26178556762903,29.0496440688283,0.273659772941281,0.15243603784312,0.599185562192414,320.228709763099,2.4582232325131,1.25267168384117,26.0618985188416,0.205918091871724,0.243041370169672,0.745845880962956,318.566152100009,5.20774901838855,1.54978365921649,12.5750842485565,0.335820797334992,0.24814636746913,0.824654170187439,309.643350751106,5.80744868352136,1.36466154021498,12.1984848674247,0.304643132379852,0.124656597299458,0.651240481176157,1257.07201114665,4.82891290574754,1.37983987044506,78.4197982354446,0.262114994598916,0.120897354055255,1.54325398566225,1102.43551242971,1.51373839708626,1.60849389963578,122.354065036031
291120241561650,Frozen sesame ball,"water, sugar, sesame (20%) , gluing rice flour (19%) , palm stearine, modified tapioca starch, sesame oil (sesame oil, refined soy oil), thickening (agar agar e406)",France,Cereals and Cereal Products,Biscuits,Biscuits,EUwest,0.212096984694071,0.190096091709708,1.07106511021852,986.26186817373,5.88914108413427,0.942730655765099,81.1924633409441,0.0027536311986554,0.0013255082325638,0.0197028646254262,43.3250286557748,0.0490961047778269,0.0087964783021013,1.1977842811796,0.206697787674178,0.187497094392058,1.03243261360063,901.312087782196,5.79287563553889,0.92548291414398,78.8439014403607,0.217496181713964,0.192695089027358,1.10969760683641,1071.21164856526,5.98540653272966,0.959978397386219,83.5410252415275,0.103356423765959,0.076546743758712,0.341392998583703,22.6649562900855,3.13016449816856,0.510551289943547,6.00159183393373,0.610269150848199,0.255382953974215,0.846723920518817,15817.2408625069,8.65695731639007,,192.088505934321,0.2208352151949,0.136414674694875,0.232912977913995,10.7072537215664,3.14012844935326,0.510227035448835,13.6817272811148,0.107956371808457,0.1757047436739,0.446907466300119,109.894036076533,6.17627050684204,0.760277959220302,26.0049268339337,0.202211859493755,0.193677712332764,0.387350435776112,131.203798983794,10.8841700381337,0.697446088670488,19.9900318339337,0.107365215193383,0.175083114185183,0.484660100828597,719.635503721567,4.21695183741891,0.913082559792649,52.2621172811148,0.284169132193106,0.239330005329913,3.08045448612809,1.00345531965127,9.94562506919977,,0.326094003818832,0.707984760454822,0.48496104414584,3.38691599481559,81.9902299383866,11.3052020238155,,12.8354413815021,0.199498644507808,0.216382036671049,0.569386516652095,3656.38084241239,5.90384553790813,,51.8469040038188
291120241950806,Pain Multi-cereales,cereal bread ingredients and,France,Cereals and Cereal Products,Breakfast cereals,High fibre breakfast cereals,EUwest,0.151220333333333,0.100256666666667,0.480713666666667,62.7145133333333,0.369506333333333,0.711720976915356,2.53565733333333,0.000751976637215,0.0002138492618611,0.003410153996042,12.1482558838668,0.0106792393525377,0.0029145245393298,0.213842359502896,0.149745891141996,0.0998373605889643,0.474027189079618,38.8947559899743,0.348566957967778,0.706006307421911,2.11636478946662,0.152694775524671,0.100675972744369,0.487400144253715,86.5342706766924,0.390445708698888,0.717435646408802,2.95494987720005,0.137,0.096,0.267,0.508,0.225,0.529,0.219,0.118,0.099,0.351,10479.972,0.227,1.323,127.181,0.099,0.097,0.397,23.436,0.162,0.802,5.792,0.147,0.081,0.362,0.508,0.241,0.445,0.219,0.147,0.104,0.384,0.508,0.528,0.736,0.219,0.153,0.112,0.359,0.508,0.551,0.582,0.219,0.205,0.1,0.374,0.508,0.336,0.785,0.219,0.274,0.086,0.415,0.508,0.984,0.469,0.219,0.155,0.123,0.935,0.748,0.22,0.959,0.4
291120242300418,Bake n ° 13,"duration semolina, water",Switzerland,Cereals and Cereal Products,"Pasta, rice and other miscellaneous cereals",Pasta,EUwest,0.211774663888889,0.109819056481481,1.26662027098765,237.367453012037,1.84912976635802,0.935951770969958,4.79294893858025,0.0026226422224036,0.0004713454290233,0.0203085228318505,24.6139842547262,0.0581366292375484,0.0086955616332468,0.348093451005553,0.206632304200938,0.108894863424341,1.2268002268199,189.105452457747,1.73513806133983,0.918901902244091,4.11042285294057,0.216917023576839,0.110743249538622,1.30644031515541,285.629453566327,1.96312147137621,0.953001639695824,5.47547502421992,0.118496296296296,0.0949712962962963,0.0871296296296296,3.39457037037037,0.389469444444444,0.548916666666666,0.190813888888889,0.385984259259259,0.125466666666667,0.563728703703704,19973.0639342593,1.12397222222222,1.576175,314.713964814815,0.154219444444444,0.11065462962963,0.0827731481481481,0.156833333333333,0.229150925925926,0.599451851851852,0.190813888888889,0.143763888888889,0.0801592592592592,0.34590462962963,0.442618518518518,0.23525,0.506223148148148,0.190813888888889,0.238735185185185,0.0749314814814814,0.361587962962963,0.442618518518518,0.857355555555555,0.408637962962963,0.190813888888889,0.159447222222222,0.107169444444444,1.25031018518518,0.156833333333333,1.39843055555556,0.798978703703703,0.190813888888889,0.168160185185185,0.101941666666667,2.36731203703704,0.156833333333333,1.47074814814815,0.703136111111111,0.190813888888889,0.208239814814815,0.116753703703704,3.43900648148148,0.156833333333333,1.82100925925926,0.876524074074074,0.190813888888889,0.250062037037037,0.120238888888889,4.15172685185185,0.156833333333333,2.19218148148148,2.02140740740741,0.190813888888889
291120242178969,Speculoos Traditional Artisanal,"frove flour (44%) , cane sugar , vegetable oil and fat (palm , sunflower), honey , soy flour , lifting powder (sodium acid carbonate), cinnamon (0.22%)",France,Cereals and Cereal Products,Biscuits,Biscuits,EUwest,0.157933336016196,0.148897041786859,0.54513053917361,102.747934787551,6.09953870566096,0.734034059915384,14.9099084448978,0.0005662664172867,0.0007321317533335,0.0044993877604265,6.1541626559808,0.0490465015331409,0.0033762241007603,0.352210222514699,0.156823026126413,0.147461510557151,0.536308340689186,90.6811276245817,6.00337051689144,0.727414110550989,14.2193103776236,0.159043645905978,0.150332573016566,0.553952737658033,114.81474195052,6.19570689443047,0.740654009279779,15.600506512172,0.13137917288177,0.0752528499732086,0.254207478951659,0.836585981605146,3.25754196071997,0.492437394637162,0.323660890202688,0.149210384800233,0.127892622305185,0.592868277630758,4932.91401587272,3.24966958110665,1.19814106668028,79.2429352298519,0.139155816624342,0.109892810279557,0.354442825700638,1.11703744065814,4.0804083701038,0.655217315249858,0.417154376916724,0.123945761509609,0.135373627664532,0.370854857407107,1.1017382158253,9.04212466752848,0.561543614646482,0.323660890202688,0.130003540186371,0.107281207873034,0.62783043422714,0.651077440658142,4.07946089279454,0.652545827878863,0.324314376916724,0.163980140950496,0.135926335044847,0.534123136801393,13.3325215594762,6.71530042708573,0.63091509392662,14.9368203154846,0.143677548605708,0.242227004149103,0.516585994744327,1.1017382158253,9.80595642998861,0.813220437269672,0.323660890202688,0.151744450737333,0.162654157460689,0.831842316771124,321.286486120592,7.52793010905199,0.921850293034381,23.2370691294419,0.153096124440302,0.111625295679675,0.905525053230072,760.197584478132,2.53449417291561,1.08717298575425,56.6177364698301
291120242079687,Gluten Free Cookie Chocolate,"dark chocolate (25%) (cane sugar , cocoa mass , cocoa butter , emulsifier sunflower lecithin, natural aroma of bourbon vanilla), cane sugar , margarine (palm oil , oilsunflower , water, salt, emulsifier sunflower lecithin, lemon juice), eef whole , corn flour , rice flour , cornstarch , thickening guar , tartee yeast (starchof corn , acidulative potassium tartrate, levante powder sodium bicarbonate), cocoa , natural vanilla flavor, sea salt, from controlled organic farming",France,Cereals and Cereal Products,Biscuits,Biscuits,EUwest,0.812151103473501,0.226859065007667,1.33116560099763,369.986235816941,27.6848585331062,1.4211807282193,41.4693460066462,0.0036129500878663,0.002686377848388,0.0100268289141999,11.9871760961696,0.585152802527722,0.0082247086103435,0.615141683474187,0.805066992370693,0.221591735352044,1.31150544286935,346.482316524125,26.5375170630021,1.40505408706265,40.2632036787093,0.819235214576308,0.232126394663289,1.35082575912591,393.490155109756,28.8322000032103,1.43730736937594,42.6754883345832,0.483262048885469,0.105019830551191,0.301415238412538,109.597987885231,21.3829237847888,0.583156521628567,35.9794256987933,1.62038657642087,3.59162629286348,4.11973222116942,22.9244490604539,814.184060324395,3.0122841660414,1.29193303853698,0.760104146410823,0.128019907720227,0.291365421609548,219.102467699881,27.0065150817968,0.562743071633792,39.3329112576652,0.610218426539904,0.190962796686839,1.08833012599381,45.0228166206138,23.3600798853704,1.20546475294231,5.81736935159437,0.715735046842919,0.155121075740586,1.55895025850541,31.8378525745542,13.1118400323891,1.34541325357262,24.7844776049678,0.88924510562686,0.203538309507661,1.24652953755828,144.324978129418,24.4814198476448,1.29003125715394,64.4822847091197,1.22414509624249,0.144015159968472,1.48697443914377,120.214135096838,21.2095532328062,1.49306189783502,29.9515260174008,1.57673582710329,0.262107793842868,0.901749862663023,116.103587643487,55.617771977777,2.18250780803993,57.183957356173,0.653199786971898,0.195292099604231,1.80274095207203,1994.26374051848,20.9034989304803,1.96778525980063,99.7388809128633
291120242131140,Rewe Laugenbrezelen,"wheat flour, water, yeast, dining salt, wheat malt flour, dextrose, emulsifiers (soyalecithine, mono and diglycerides of food acids), stabilizer guarkern meal, brees (acid -heeled regulator sodium hydroxide),hagels salt (packed separately)",Germany,Cereals and Cereal Products,Bread,Other bread,EUwest,0.114728466369219,0.0708512060045045,0.391356588610134,172.438879792159,0.289470247225709,0.498126984739153,4.03308714302494,0.001281828792386,0.0003085231516652,0.005665031502087,18.3503752418103,0.0119664718148184,0.0042761414029289,0.26181995074026,0.112215113746238,0.0702462675937789,0.380248847958951,136.458283927366,0.266006923962683,0.489742517737686,3.5197222819369,0.117241818992201,0.0714561444152302,0.402464329261316,208.419475656952,0.312933570488734,0.506511451740621,4.54645200411298,0.086848838798996,0.0546399979198981,0.0586661030297854,0.477956192330898,0.118482521805253,0.261121674269829,0.144364626083099,0.254794937668578,0.0828227336891087,0.372127143728148,13184.5676555475,0.741953655964932,1.04046059196943,207.748173985927,0.0949010490187704,0.0563654715384212,0.230063149136413,0.157018099285602,0.137462731609007,0.583785240933648,0.125959574152186,0.0949010490187704,0.0563654715384212,0.230063149136413,0.157018099285602,0.137462731609007,0.583785240933648,0.125959574152186,0.0949010490187704,0.0563654715384212,0.230063149136413,0.157018099285602,0.137462731609007,0.583785240933648,0.125959574152186,0.0782214707063805,0.0713195762322881,0.285853462801993,15.192220053223,0.118482521805253,0.347970513068825,6.32961239061557,0.201305255494362,0.102953259238545,0.1892269401647,0.24501725383028,0.438270299104867,0.385930932676333,0.125959574152186,0.140338520973212,0.109279995839796,0.675810500588214,13.1130243429027,0.21740967593391,0.45092377230737,5.86028356637728,0.116181890313889,0.070744418359447,1.50748878471635,0.103528417111386,1.01917975067431,0.547550294944663,0.125959574152186
291120242045619,Spewing flour bell,spelled flour,France,Cereals and Cereal Products,"Pasta, rice and other miscellaneous cereals",Other cereals,EUwest,0.151220333333333,0.100256666666667,0.480713666666667,62.7145133333333,0.369506333333333,0.711720976915356,2.53565733333333,0.000751976637215,0.0002138492618611,0.003410153996042,12.1482558838668,0.0106792393525377,0.0029145245393298,0.213842359502896,0.149745891141996,0.0998373605889643,0.474027189079618,38.8947559899743,0.348566957967778,0.706006307421911,2.11636478946662,0.152694775524671,0.100675972744369,0.487400144253715,86.5342706766924,0.390445708698888,0.717435646408802,2.95494987720005,0.137,0.096,0.267,0.508,0.225,0.529,0.219,0.118,0.099,0.351,10479.972,0.227,1.323,127.181,0.099,0.097,0.397,23.436,0.162,0.802,5.792,0.147,0.081,0.362,0.508,0.241,0.445,0.219,0.147,0.104,0.384,0.508,0.528,0.736,0.219,0.153,0.112,0.359,0.508,0.551,0.582,0.219,0.205,0.1,0.374,0.508,0.336,0.785,0.219,0.274,0.086,0.415,0.508,0.984,0.469,0.219,0.155,0.123,0.935,0.748,0.22,0.959,0.4
291120242010886,Breads with whole milk and fresh eggs,"wheat flour, sugar, fresh whole eggs (8.5%) , butter, vegetable oils (palm, rapeseed), whole milk powder (equivalent whole milk reconstituted (15.5%), salt, yeast, wheat gluten, natural aroma,emulsifying (mono and diglycerides of fatty acids, mono esters and diacetyltartrics of mono and dyglycerides of fatty acids, stearroyl-2-sodium lactylate), milk proteins, aroma, disabled yeast, coloring (beta carotene)",France,Cereals and Cereal Products,Bread,"White bread (not high fibre, not multiseed bread)",EUwest,0.194773236545281,0.166119127339262,0.659413854657073,305.516913579531,3.33901361239387,1.17035041730058,17.7754682826419,0.0006758336195598,0.0005202927625181,0.0040257149713697,8.35023721549547,0.023121013501906,0.0031687555344983,0.279280902259341,0.193448092180832,0.165098960537611,0.651520412613355,289.144141542622,3.29367896218459,1.16413726303105,17.2278667679844,0.196098380909731,0.167139294140914,0.66730729670079,321.88968561644,3.38434826260315,1.17656357157011,18.3230697972993,0.171669388724951,0.123699977609619,0.477173303123184,109.248161474382,3.02128562463842,0.880507818499714,4.49201463144445,0.168509485461023,0.150616437307262,0.804275896819442,7119.06594684343,1.94747119699977,,121.591125047079,0.190740039220367,0.151901360151295,0.414725389245376,143.892640957255,2.82295702509323,0.945532394412645,15.6292315120101,0.170432391544557,0.153352674298578,0.505816618839379,160.87375091166,2.7851997312317,1.13681331103615,19.7366454056817,0.185634016621937,0.145358500610427,0.517039297837486,218.33936625805,3.26619676416048,0.997123300542401,7.42931961216823,0.198503390751486,0.158269704563464,0.786127866031163,163.605500957255,2.9693967410427,1.12231559991047,16.3211255120101,0.192892359598298,0.17008782860975,0.644233317683067,397.394535579905,2.18473076465243,1.19747266577021,22.1758152342783,0.152035453635501,0.156398159382036,0.861580939748846,678.366846904062,3.34639357998741,1.49368763339874,47.1074855171181,0.195383924211461,0.159429461908179,0.843712797760808,778.236364901248,2.7680581953407,1.46399121451187,46.0979371183411
291120241560257,Marshmallow cereal with unicorns,"whole grain oats, sugar, oat flour, corn syrup, modified corn starch, corn starch, dextrose, salt, gelatin, trisodium phosphate, yellow 5 , 6, red 40, blue 1, natural and artificial flavor, vitamin e (mixed tocopherols) added to preserve freshness",France,Cereals and Cereal Products,Biscuits,Biscuits,EUwest,0.296842292212221,0.136430412507865,0.976223603595685,228.147816079091,1.99083973234463,0.767719474995275,18.7638393777143,0.0018892981362479,0.0008033267078087,0.0107386210535634,11.3264595475858,0.043194947305681,0.0043152995132994,0.459796443286553,0.293137840842008,0.134855285392469,0.955167795243981,205.939400273398,1.90614500965222,0.759258228520609,17.8622910557885,0.300546743582433,0.13800553962326,0.99727941194739,250.356231884784,2.07553445503703,0.776180721469941,19.6653876996401,0.240215571612996,0.101701427089125,0.317071409258516,11.1835597250028,2.42044284435259,0.548073492285043,2.81115856573089,0.629170639398261,0.140070020655586,0.964211474648251,3326.70255113671,9.56479251109528,1.68267100620085,128.432168187484,0.28309045216497,0.108759117616001,0.288925750168647,11.1500287784736,0.190077673876398,0.460496617382035,14.35213372894,0.293363280300438,0.10853819658083,0.310244630062683,11.1500287784736,0.168869254499948,0.507663258391118,14.35213372894,0.257844621606246,0.203822204721732,0.460030560700626,23.1804556189478,3.03248713677152,0.751742637117161,2.33893985305213,0.205611326104619,0.0871584538330036,1.63011398167261,9.28675952126514,2.37435263290558,0.73036867642098,1.55880884168891,0.189349105044232,0.113849556144981,2.04562468458888,27.423370618244,0.441920280719536,0.945642130525609,16.2969271093525,0.193964881585617,0.09162413218428,2.40259080417104,299.907740514139,0.318372787502699,1.08920167472815,77.7564385549768,0.61197747654934,0.126839156267174,0.476204029671197,2583.51297349563,11.0687488498323,1.21675899483956,74.7524029186968
291120241728429,Alps pizza,"white paste water, salt, sunflower oil, yeast, malted wheat flour, garnish fresh pasteurized cream, specific lactic ferments, provence herbs, gray meat, beef, salt, spices, spices extract, glucose, sugar, antioxidant e331, e301, curator e252, fresh tomatoes, chopped fresh parsley, scalagusta cheese, mozzarella (96%), pasteurized milk, salt, lactic ferments, preservative e260, coagulant chymosine, potato starch (3%) ,emmental aroma (1%) , natural flavoring substance, vegetable oils (palm, palm), lactose, lactoserum protein, maltodextrin, sodium caseinate, thickening e414, emulsifiers e471, e341, antioxidant e339, water, olive olive denoyaute,water, salt, color stabilizer ferrous gluconate",France,Cereals and Cereal Products,"Pasta, rice and other miscellaneous cereals",Pizza,EUwest,0.146032714749866,0.151807289715861,0.540209849637516,456.058404304386,1.77636543144435,0.970454477413572,12.4348741563713,0.00057933106734,0.0002777972775388,0.0045254757110168,1.83680207855183,0.0176161528041372,0.0027618021233626,0.0413043711940806,0.144896788277998,0.151262597226265,0.531336499065205,452.456884858538,1.7418244661297,0.965039259209597,12.353886390846,0.147168641221734,0.152351982205456,0.549083200209826,459.659923750233,1.81090639675899,0.975869695617548,12.5158619218965,0.125434049999846,0.131383696217618,0.438193707729466,239.033095778501,1.03131779999385,0.849710144002426,9.2293886586797,0.596655599999942,0.135859244833906,4.1662794942029,525.383763023943,15.217581899997,2.13397285488908,23.2557669650512,0.171490799999771,0.131489214298683,0.450283419806756,286.678556594122,1.87192829999175,0.916606796124288,10.6293395546596,0.166573199999907,0.149769516143846,0.548954099033811,234.157180035925,1.64547389999481,0.978690130626642,8.20911662722964,0.138500999999808,0.146704614852296,0.513774447826082,380.396666594122,1.88037209999309,0.879199874999204,11.9245670546596,0.134755799999771,0.152639214298683,0.442760919806756,498.928286594122,2.30055329999175,0.913494296124288,13.1763770546596,0.137365799999771,0.154169214298683,0.488750919806756,573.254246594122,2.10825329999175,0.917919296124288,15.1915220546596,0.154345649999905,0.141979503874438,0.67921055507246,577.009017755987,1.3923395999961,,13.8329779583935,0.194050349999884,0.18972198846853,0.660483018357482,455.660752274137,2.74633379999354,1.21311735359689,12.6501265822161
291120242052674,Nature and tasty tagliatelle,durum wheat,France,Cereals and Cereal Products,"Pasta, rice and other miscellaneous cereals",Pasta,EUwest,0.151220333333333,0.100256666666667,0.480713666666667,62.7145133333333,0.369506333333333,0.711720976915356,2.53565733333333,0.000751976637215,0.0002138492618611,0.003410153996042,12.1482558838668,0.0106792393525377,0.0029145245393298,0.213842359502896,0.149745891141996,0.0998373605889643,0.474027189079618,38.8947559899743,0.348566957967778,0.706006307421911,2.11636478946662,0.152694775524671,0.100675972744369,0.487400144253715,86.5342706766924,0.390445708698888,0.717435646408802,2.95494987720005,0.137,0.096,0.267,0.508,0.225,0.529,0.219,0.118,0.099,0.351,10479.972,0.227,1.323,127.181,0.099,0.097,0.397,23.436,0.162,0.802,5.792,0.147,0.081,0.362,0.508,0.241,0.445,0.219,0.147,0.104,0.384,0.508,0.528,0.736,0.219,0.153,0.112,0.359,0.508,0.551,0.582,0.219,0.205,0.1,0.374,0.508,0.336,0.785,0.219,0.274,0.086,0.415,0.508,0.984,0.469,0.219,0.155,0.123,0.935,0.748,0.22,0.959,0.4
291120241964492,Full rice flakes,full rice,France,Cereals and Cereal Products,"Pasta, rice and other miscellaneous cereals",Rice,EUwest,0.324919666666667,0.450814666666667,3.54298433333333,4312.857325,4.24894066666667,2.42149117952266,353.146817,0.0036158124327323,0.0058391535164309,0.100446692921957,203.228465647527,0.0768738181663068,0.0435040294048151,6.11177925171282,0.317829943205938,0.439365515349668,3.34603294589002,3914.37602996768,4.09820991878946,2.3361904224603,341.163113322395,0.332009390127395,0.462263817983665,3.73993572077664,4711.33862003232,4.39967141454388,2.50679193658501,365.130520677605,0.113,0.147,0.927,116.351,1.332,1.009,30.39,0.158,0.211,0.479,83239.739,0.293,1.76,1008.924,0.1,0.42,0.345,456.821,2.94,1.121,70.758,0.1,0.42,0.345,456.821,2.94,1.121,70.758,0.216,0.113,0.752,1899.274,0.71,0.856,657.748,0.282,0.443,0.835,1662.398,0.925,1.032,575.714,0.314,0.933,13.845,6.015,7.884,6.172,0.773,0.809,1.439,17.21,4180.819,13.682,8.887,647.577,0.216,0.263,0.209,19240.659,3.843,0.586,271.187
291120241910024,Braided brioche with fresh eggs,"wheat flour (52%), fresh eggs (15%) , sugar, concentrated butter, rapeseed oil, sourdough (wheat flour, water, salt), rum, wheat fiber, yeast, salt, natural vanilla aroma (contains alcohol),wheat gluten, acerola extract, emulsifiers mono and diglycerides of fatty acids",France,Cereals and Cereal Products,Bread,"White bread (not high fibre, not multiseed bread)",EUwest,0.217534490452697,0.173894831971084,0.696141049406273,413.037737515824,2.38640390815252,1.38661654121985,18.1910143133212,0.0007939899050768,0.0004047717088761,0.0028445050077596,8.32073343258167,0.0189576812831144,0.0029163758189669,0.20476413852518,0.215977670522923,0.173101173689842,0.690563671081802,396.7228151782,2.34923253373686,1.38089824182001,17.7895219395255,0.219091310382472,0.174688490252327,0.701718427730744,429.352659853448,2.42357528256819,1.39233484061969,18.592506687117,0.176527251432973,0.152614040696633,0.496399238893835,220.117301046921,2.53889311150611,1.18775824143597,8.49327839192404,0.258089778205837,0.138342084712062,0.714913756841829,6947.41665669058,0.876232915735279,1.67631180136783,104.379630173855,0.195432250429392,0.156209613121586,0.589798232612446,218.906979339084,2.51102832681149,1.2552865228834,8.85793253179655,0.201024450342308,0.163631117383631,0.570734570739034,226.133278706265,1.6829201854208,1.3046443068284,15.0171971757408,0.181790296031296,0.1561422953919,0.82973501088874,216.941256573892,2.4830266881935,1.31169578527207,8.43582118393152,0.177542574256749,0.185135565262767,0.844770787121949,273.488101713706,1.63332238380055,1.56018431759723,17.663066350509,0.208406413045101,0.217733209042937,0.694445680435365,407.193004957916,3.14926115114219,1.37030803944513,13.2060301103808,0.250811253058763,0.128719441832187,0.687969881725207,889.824316590376,0.456682033659706,1.26261568704091,29.3486811909659,0.335951989803318,0.124278077541811,0.648607668288184,920.89715683508,1.99109452018354,1.1079154024854,23.5367472858524
291120242286886,The,durum wheat semolina,Belgium,Cereals and Cereal Products,"Pasta, rice and other miscellaneous cereals",Other cereals,EUwest,0.219867666666667,0.108336333333333,0.506053333333333,257.441754333333,0.956586333333333,0.794650337837838,5.51866566666667,0.0027900642732463,0.0004170165661665,0.008023335986897,31.5351793355922,0.0471575583756501,0.0058057669749837,0.481791314956448,0.214397033301974,0.107518665883026,0.490321534619253,195.608983708977,0.864121899907542,0.783266649359572,4.57399078311889,0.225338300031359,0.109154000783641,0.521785132047413,319.274524957689,1.04905076675912,0.806034026316104,6.46334055021445,0.151,0.095,0.102,0.831,0.206,0.454,0.251,0.443,0.144,0.647,22923.389,1.29,1.809,361.202,0.14,0.097,0.279,0.688,0.173,,0.219,0.128,0.1,0.4,1.567,0.21,0.837,0.43,0.165,0.098,0.4,0.273,0.239,1.015,0.219,0.272,0.103,0.349,0.256,0.443,0.714,0.219,0.272,0.103,0.349,0.256,0.443,0.714,0.219,0.35,0.179,0.329,0.426,0.762,0.671,0.219,0.34,0.236,0.708,18.813,19.428,1.546,15.876
291120242010167,7 Moricettes,"ble flour, water,colaved oil, yeast, salt, acidity corrector sodium hydroxide, blue gluten malted blue flour, sugar, calcium propionate, deactivated fermentation agents",France,Cereals and Cereal Products,Biscuits,Biscuits,EUwest,0.0753958815971919,0.0494889677736711,0.23847264335078,35.0293325493927,0.248016499755976,0.3513772911146,1.76339059471103,0.0004247066365889,0.0001058420535985,0.0017111174568167,5.82276572898273,0.0067922517977197,0.0015328904868522,0.0967804919134653,0.0745631358003983,0.0492814374040822,0.235117560695541,23.6123136738034,0.234698555914215,0.348371667938745,1.5736277303964,0.0762286273939855,0.04969649814326,0.241827726006018,46.446351424982,0.261334443597737,0.354382914290455,1.95315345902566,0.0669150631281309,0.0463672705131428,0.131459283614678,0.257749723132047,0.215304227765178,0.260352251056797,0.112660648358107,0.0589770616724047,0.0483690602166785,0.193719395313678,5036.59612431419,0.145438754234202,0.661909259259249,63.2185354284585,0.0716876954732499,0.0392083219954642,0.176799290893309,0.257749723132047,0.222940439517369,0.220262139357797,0.112660648358107,0.0592097984378928,0.0446882175750952,0.204362348198535,0.771379723132047,0.079702960163488,0.349089528848571,0.785350648358107,0.0735276954732499,0.050415376389238,0.185749082052571,0.771379723132047,0.251994987822285,0.356725740600761,0.785350648358107,0.0754876954732499,0.050685376389238,0.195329082052571,5.37499972313205,0.349284987822285,,1.60719064835811,0.0756812748803213,0.0545734822653333,0.197537501189774,35.133239723132,0.300072042216059,0.308257202485928,2.62424064835811,0.134321915959797,0.070097799893619,0.119645070406762,0.14559286302175,0.327665293804762,0.410800378768785,0.112660648358107,0.0680668528316666,0.050575376389238,0.544705449175547,13.982059723132,0.105815383667869,0.425578380224511,3.67164064835811
291120242062362,Traditional pizza delicate bacon,"ble flour, water, tomato puree (13%), mozzarella cheese (11%), pork chest (8.7%) (pork, bacon, salt, spices, spice extracts, stabilizers (sodium nitrite, potassium nitrate), smoke), whipping cream, tomato concentrate (2.4%), extra virgin olive oil, pecorino cheese (1.0%), salt, bakery yeast, sugar, basil, oregano, garlic, onion powder, paprika, pepper",Belgium,Cereals and Cereal Products,"Pasta, rice and other miscellaneous cereals",Pizza,EUwest,0.3743942532295,0.297830901977215,1.46287341882038,1645.25347644374,4.64867629283949,,44.9908063978899,0.0043297480945299,0.0010287112454766,0.0091547996910786,15.2258061466562,0.112133806095784,,0.33259112205987,0.365904676622331,0.29581385093072,1.44492309662984,1615.39939605249,4.42880933607445,,44.3386765861905,0.382883829836668,0.29984795302371,1.48082374101092,1675.10755683498,4.86854324960454,,45.6429362095892,0.288126259590413,0.253383086836355,0.770641365675938,421.333764571917,3.01808789981999,,15.6079807404897,0.551801431097645,0.412801368608605,1.93818713852749,10316.389701182,6.45055286436254,,184.599735751433,0.33919533273188,0.262797127527172,1.03244665695686,711.364022226872,3.36878082469557,,27.6057587873309,0.317162671087237,0.299652884223126,1.13388614695783,757.18877733739,4.07391606215545,,25.4073175930978,0.263716337651185,0.28975820373605,1.57861909387029,1062.33295416432,3.75933270591098,,30.6615416238139,0.303370496498923,0.256745866390432,1.2346549190685,1823.27149300744,4.19997450140663,,43.3305629507716,0.316116556229468,0.317678075638598,2.01357211065177,1753.25953502466,3.45028693287657,,48.1120888040531,0.475001324610752,0.392205387560011,1.7854039297827,2637.64814581219,5.41815343189787,,63.4224164061357,0.53552834041166,0.399819408577626,1.94871023336288,2891.69144001612,6.55801244164483,,71.0467554268188
291120241885003,My 5 cakes,"ble flour, sugar, lifting powder (disodic diphosphate, sodium acid carbonate), natural bourbon vanilla flavor",France,Cereals and Cereal Products,"Buns, cakes, pastries and fruit pies",Buns cakes and pastries,EUwest,0.157238168070016,0.104220134725036,0.509746593417399,118.413114738206,1.92955812546485,0.746631247860748,18.0141846543181,0.0007967604343778,0.0008212713064356,0.0055650459799471,7.11697280412857,0.0331133658895023,0.0041636345158222,0.428284213558582,0.155675915810177,0.102609822642432,0.498834899910595,104.458472455872,1.86463091716022,0.738467379336622,17.1744241044515,0.158800420329854,0.105830446807641,0.520658286924202,132.367757020541,1.99448533376949,0.754795116384873,18.8539452041848,0.120902976420514,0.0709540977917197,0.263264825769956,0.70213167539454,2.97775136987627,0.518843491272151,0.343403567117249,0.139523855544661,0.0859828322132926,0.897199597628747,7058.17234760021,1.11167313115153,1.58189405857414,140.927116527324,0.126783464689778,0.0756584884071312,0.33206653852035,0.70213167539454,3.15593016443498,0.640569598445925,0.343403567117249,0.137368343574454,0.0686019024840139,0.339711173270394,0.70213167539454,3.00421356708796,0.549422030272326,0.343403567117249,0.117962732285881,0.0721301954455725,0.504952893636725,14.5077539851467,2.97304697926085,0.682321065157703,3.69881017355954,0.163536297512116,0.0752541774810487,0.488783333221253,14.2446033612762,0.107024886500613,0.566766562598339,18.0796831426399,0.132342693068393,0.190941073915766,0.620946541060995,0.70213167539454,3.71521869495625,0.967358894447215,0.343403567117249,0.11940092848269,0.0859413066955759,1.32449033435896,362.560044147918,0.596299396634445,1.07086599451622,94.1801846753449,0.138935806717735,0.0836306369055868,0.939539113167451,920.236301907366,1.07639020153594,1.2273006159375,66.5642260206861
291120242180947,Muesli bar with hazelnuts,"oldfructose oatmeal, rice, hazelnuts (12%), sugar, complete wheat, stabilizing (e422), vegetable oils (palm, shuttle), wheat gluten, molasses, wheat germs, skimmed milk powder, natural aroma, extract ofmalt of barley, emulsifier (e322),rich in fibers",Belgium,Cereals and Cereal Products,Breakfast cereals,High fibre breakfast cereals,EUwest,0.455427551727359,0.239287246472706,2.14047303210785,2136.68162458169,9.51357235402046,1.54017350804364,91.4496348557785,0.0022892362173594,0.0016383884624722,0.0265509508492647,59.3531801439549,0.083609318105296,0.0113200132973983,1.40597101001995,0.450938919637254,0.236074767579989,2.0884131140002,2020.30456090267,9.34963493881037,1.51797773175729,88.6928697192334,0.459916183817464,0.242499725365423,2.19253295021551,2253.0586882607,9.67750976923055,1.56236928432998,94.2063999923236,0.236167942636367,0.167969012416974,0.569213725844333,176.405331074427,2.60082298700442,0.843122646182719,29.1553693382122,0.613302525767259,0.188977312368954,0.550891918635668,25053.5408163937,12.7533404543828,1.54039409065299,340.882903532818,0.349567348978704,0.216679646721923,1.03822636492364,638.456889962204,8.87938451031248,1.12898785296729,37.941877249489,0.476429271715786,0.200021023882251,1.02329865988605,541.095323254502,10.031672318103,1.04135707352683,21.1451154959464,0.322997072933363,0.234877025374493,1.98214929025611,637.648751736607,8.15420891688436,1.34524197150521,37.175299048936,0.542794723935987,0.315479106315217,3.45983823921784,14.765027342045,18.1770779814654,1.89228190262961,0.956277440560793,0.583088378144708,0.447768679950486,4.15050686017026,625.573836911855,9.69248314925485,2.46907581061602,36.3460795954506,0.351883364232065,0.166874911850903,2.05754650817476,5161.04371625825,7.5843068805992,1.31871228556504,101.982367262807,0.470872168315984,0.35961102126429,3.98154486273435,4407.32232415472,7.20773599207648,2.15802619172932,72.7416818582755
