product_id,product_name,ingredients_text,country,country_group
2.91E+14,Lye football,"wheat flour, water, yeast, rapeseed oil, dining salt, wheat malt flour, wheat glue",Austria,EUwest
2.91E+14,Helical,durum wheat semolina,France,EUwest
2.91E+14,Natural bread,"t65 wheat flour, filtered water, natural sourdough (t70 wheat flour, water, salt), guerande salt",France,EUwest
2.91E+14,Rice Crackers Taste Chile,"rice powder, palm oil, sugar, soy sauce, seaweed, malt dextrin, salt, chilli, e150c coloring",France,EUwest
2.91E+14,Instant noodles soup beef flavour,"noodles (92%) (wheat flour , refined palm oil (contains antioxidant tertiary butylhydroquinone), salt, acidity regulator (potassium carbonate, sodium carbonate, polyphosphates), thickener (guar gum), vitamin b2 (riboflavin),) seasoning powder (7,6%) (salt, sugar, flavour enhancer (monosodium glutamate), artificial beef flavour powder, yeast extract, leek, pepper powder, celery powder, acidity regulator (citric acid), garlic powder, caramel, onion powder,) chili powder (0,4%)",France,EUwest
2.91E+14,Black sepia twists,"higher quality durum wheat semolina, sepia black (3%) (mollusk) , anise",France,EUwest
2.91E+14,4 cheese family pizza,"ble flour, water, mozzarella (20.2%) , edam (7.5%) , double concentrated tomato puree, sunflower oil, auvergne blue (1.6%) , fresh cream salt, onion, emmental (0.7%) , yeast, modified corn starch, oregano, skimmed milk powder, powdered onion, parsley, aromatic plants, garlic powder, black pepper",France,EUwest
2.91E+14,8minis cereal packs,"rice semolina, sugar, whole milk powder (16%), purple chocolate (11%) (sugar, cocoa powder), complete wheat flour, wheat flour, sunflower oil, oatmeal, oilcoco, skimmed milk powder (2%), lactoserum powder, salt, emulsifier sunflower lecithin",France,EUwest
2.91E+14,Sweet vegetal rice,"coconut milk (81%) , camargue rice (9%) , sugar, grated coconut",France,EUwest
2.91E+14,Durum wheat semolina,durum wheat semolina,Belgium,EUwest
2.91E+14,Financier cake,"sugar, wheat flour, vegetable margarine (palm oil, rapeseed oil, water, emulsifier e 471), water, almonds (7%) , egg white powdered (ground farming), emulsifiers e 471,e 475, powder to lift e 500, e 450, wheat starch, aromas, waxy corn starch, glucose, barley flour",France,EUwest
2.91E+14,spiral,higher quality durum semolina (100%),France,EUwest
2.91E+14,The complete,"flour including (46%)complete wheat type 150 (89%), t65 wheat, malted wheat, water, salt, yeast, wheat gluten, flour treatment agent ascorbic acid",France,EUwest
2.91E+14,Cocoa chips,"wheat flour (57%) , sugar, full wheat flour (18%) , cocoa powder (8%), glucose syrup, sunflower oil, lifting powders (diphosphates, sodium acid carbonate), salt, stabilizing (calcium carbonate),natural aroma of vanilla, cinnamon",Netherlands,EUwest
2.91E+14,Almond Crush Pocky,"wheat flour, sugar, almond, whole milk powder, vegetable oil (shea butter, palm oil, sunflower oil, rapeseed oil, illipe butter, sal butter), cacao mass, cocoa butter, vegetable shortening (sunflower oil, palm oil, soybean oil, coconut oil, hydrogenated palm oil,palm kernel oil, hydrogenated rapeseed oil), emulsifiers (soy lecithin, polyglycerol polyricinoleate), salt, yeast, artificial flavors, annatto, leavening agents (sodium bicarbonate)",France,EUwest
2.91E+14,"Pure ox ravioli, cooked tomato sauce","water, ravioli (27%) (semolina of wheat hard water, bovine meat (4%) , breadcrumbs (including gluten), carrot, salt, onion, basil, natural aroma, sunflower oil), tomato mid-light (14%) , carrot, carrot, carrot, carrot, carrotpeeled tomato, beef (3.5%), onion, natural aromas (including celeri), sugar, starch corn, sunflower oil, salt, garlic powder",Belgium,EUwest
2.91E+14,Papadum Madras Trs,"coconut oil, urio flour powder, rice flour, salt, calcium carbonate",France,EUwest
2.91E+14,Tarta de Manzana,"pastry product with sugar and educators, biscult (blue flour (gluten), refined oil of toumesol, sugar, pasteurized liquid egg, humectants (glycerin, sorbitol), glucose and fructose syrup, egg white, water, corn starch, lifting powders (e-500ii, e-503ii), acidic correctors (citric acid (e-450i, 504i), antioxidant (e-336), dextrose, conservative (e-200), salt, aroma, thickening (xanthane gum))), apple (35%), shine (duke and fructose syrup, water, sugar, gelling agent (e-407, e-418), acidity (e-331), conservative (e-202, e-200), thickening (xanthane gum), moisture (glycerin), aroma)",France,EUwest
2.91E+14,Bio corn corn cakes,"corn (99.5%) , sea salt",France,EUwest
2.91E+14,"Alsace pasta with 7 fresh eggs per kilo of durum wheat semolina shells, small nests, butterflies, spaghetti, twists, 100% French wheat","high quality durum wheat semolina, eggs high outdoor hens out of air (30%) (320g per kg of semolina)",France,EUwest
2.91E+14,Preparation for wholemeal bread,"full wheat flour, wheat protein, wheat sourdough, roasted malted barley flour, enzymes, flour processing agent e300",France,EUwest
2.91E+14,Skillet Gnocchi à poêler,"gnocchi mashed potatoes (water, potato flakes, turmeric), durum wheat semolina, canola oil, salt, filling cheeses (mozzarella, emmental, comte (milk ingredients, modified milk ingredients, bacterial culture, salt, enzymes, calcium chloride, rennet)), creme fraiche (cream, bacterial culture), greek yogurt (skim milk, cream, milk protein, bacterial culture), durum wheat semolina, potato flakes, canola oil, flavours, modified potato starch, salt, yeast extracts, contains wheat, milk, ingredients gnocchi puree de pommes de terre (eau, flocons de pommes de terre, curcuma), semoule de wheat dur, huile de canola, sel garniture fromages (mozzarella, emmental, fromage blanc% (15%)",France,EUwest
2.91E+14,Oat fat low bio,"water, oat (10%) , rapeseed oil, sea salt",Germany,EUwest
2.91E+14,Low carb crackers linseed,"flax seed flour (21%), linseed broken (11%), wheat luts, broken sunflower seeds, sesame seeds, lupine, rapeseed oil, bakers yeast, salt, wheat flour",Netherlands,EUwest
2.91E+14,Crispy toast,"wheat flour (gluten), vegetable oils (palm, sunflower), yeast, sugar, salt, dextrose",Netherlands,EUwest
2.91E+14,Shrimp and zucchini risotto,"carnaroli rice (88%) , zucchini (4.8%) , shrimp (1.2%) , natural sea salt, rice flour onion , celery , carrot , parsley , leek extra virgin olive oil, garlic, garlic , starch of corn , miso (soy , rice , water, salt, koji), yeast extract, spices",France,EUwest
2.91E+14,Striped cuts,ble hard quality semolina (100%),France,EUwest
2.91E+14,Raspberry & cranberry dark,"sugar, cocoa mass, cocoa butter, cranberries, raspberries, butter grease, milk sugar, lean milk powder, fructose glucose syrup, wheat flour, glucoses syrup, maltodextrin, aromas, rice flour (soy alcohol), wheat fibers, vegetable fat (palm, sunflower) kebab, gelling agent (pectin), acid gulcors (apple acid, citronic acid), wheat strength, modified thickness, baking agent (sodium carbonate), salt, coloring concentrates (carrot, currant, blueberry), thickener (sodium alginate)",Germany,EUwest
2.91E+14,Our gold pieces - wheat rolls,"wheat flour, water, barley malt flour, iodized dining salt (dining salt, potassium iodate), yeast, sugar, herbal oil (rapeseed)",Germany,EUwest
2.91E+14,Coconut petals,"dried coconut (90%), sugar, salt",France,EUwest
2.91E+14,Double Delight Cereal,"wheat flour, sweetening maltitols, oleic sunflower oil, wheat starch, inulin, cocoa degreased powdered (3.3%) , skim milk powder, tapioca dextrin, lifting powders sodium carbonates and ammonium carbonates,sea salt, natural aroma, emulsifying sunflower lecithins",Belgium,EUwest
2.91E+14,Durum wheat fine semolina,durum wheat semolina,France,EUwest
2.91E+14,Bio full spaghetti n ° 3,full semolina of grano hard,Switzerland,EUwest
2.91E+14,The puff pastry,"wheat flour, butter (24%), skim milk powder, poppy (4%), yeast, salt, barley malt extract",Switzerland,EUwest
2.91E+14,Chicken and merguez couscous,"water, chicken meat (20%) , durum wheat semolina (15%) , merguez (9.5%) (beef, sheep meat, water, spices and aromatic plants, milk protein salt, egg white, salt), carrots, zucchini, turnips, hydrated chickpeas, celery, tomato puree, crushed peeled tomatoes, butter, spices and aromatic plants, wheat flour, starch, rapeseed oil, salt, sugar, natural aroma",France,EUwest
2.91E+14,Plant-Based Tiramisu,"water, glucose syrup, rice preparation (20%) (water, rice (17%) , sunflower oil, table salt), biscuit floor (11%) (potato thickness, sugar, soy products fermented (water, soybeans, lactic acid bacteria), field bean protein, water, tapioca, emulsifier e471, baking agent e450 and e500, table salt, dyes e160a), coconut oil, sugar, inulin, marsala (1.6%) (wine) , legumes (beans white, chickpeas, lentils yellow, yellow), ethyl alcohol (1.3%) , cocoa powder, soluble coffee (0.8%) , citrus fibers (lemons, lime), natural flavors, thickener e407, emulsifier e471, coffee extract, dyes e160a",Switzerland,EUwest
2.91E+14,Baked,"wheat flour, potato flakes (including sulfites), sunflower oil, glucose syrup, starch, aromatizing base olive oil and herbs (salt, yeast extract, dextrose, smallness powder, sugar, powdercheese (milk), herbs (basil, parsley, oregano), garlic, olive oil, aromas, coloring (curcumin)), lifting powders (sodium bicarbonate, calcium phosphate), emulsifying (soy lecithin)",Switzerland,EUwest
2.91E+14,Leaf-herb baguette,"wheat flour, water, herbal butter (22%) (butter preparation) (butter, onset, parsley, garlic, salt, herbs, spices, starch, lemon juice concentrate, knobla extract), butter, yeast, salt, sugar, sugar, wheat glut, acid regulator sodium hydroxide",Germany,EUwest
2.91E+14,"Blueberry flavored muffin mix mug cakes, blueberry","sugar, whole wheat flour, wheat flour, palm oil, dried blueberry crumbles, leavening (baking soda, monocalcium phosphate, sodium aluminum phosphate), natural flavor, salt, eggs",France,EUwest
2.91E+14,Chocolate chocolate and hazelnut cookies,"wheat flour, sugar, fresh barrel butter (18%) , chocolate pearls (12%) (sugar, cocoa paste, cocoa butter, emulsifier soy lecithin, vanillin), hazelnuts (10%), whole egg egg, egg yolk, guerande salt, lifting powders (disodium diphosphate, sodium acid carbonate, wheat starch, wheat flour), stabilizing sorbitol, invert sugar syrup",France,EUwest
2.91E+14,White basmati organic rice,riz basmati,Switzerland,EUwest
2.91E+14,Cinnamon churros,"wheat fabric flour (38%), sugar, rice fabric flour (15%), rice flour, sunflower oil, dining salt, filler (calcium carbonate), cinnamon, dye (beta-carotene), antioxidant (strong tocopherol-containing extracts), natural aroma",Germany,EUwest
2.91E+14,Tradicional pasta to the bronze tagliatelle romero,durum wheat semolina,France,EUwest
2.91E+14,Couscous salad with peppers and raisins,"couscous rushed (59%) (durum wheat, water), peppers (12%) , raisins (7%) , rapeseed oil, tomatoes (4.6%) , brandy vinegar, sugar, dining salt, native olive oil extra, onions, herbs, mint, spices, lemon juice concentrate, thickener flour)",Germany,EUwest
2.91E+14,Grissini Sesame 6x350g Vita Vigor,"wheat flour and sesame seeds (496),extra virgin olive oil (4%), sea salt, fresh yeast flour malted wheat",France,EUwest
2.91E+14,Nan Berenji,"rice flour, wheat flour, sugar, vegetable oil, egg white, rose water, cardamom",Germany,EUwest
2.91E+14,Knight's Sports Knusperflakes,"sugar, cocoa butter, cocoa mass, corn (11%), whole milk powder, lactose, lean milk powder, butter pure fat, emulsifier lecithine (soy), salt, barley malt extract",France,EUwest
2.91E+14,Togolese,"sugar, grated coconut (33%) , egg white",France,EUwest
2.91E+14,Hazelnut dough,"sugar, rapeseed oil, hazelnut (3%), lean cocoa in powder, whole powdered milk, cocoa butter, powdered lactrum, emulsifier sunflower lecithins), aroma",France,EUwest
2.91E+14,Dinkel Doppel Keks Zartbitter,"spelt flour (45%) , cane sugar, palm fat, cocoa powder (8.6%) , sea salt, raising agent sodium bicarbonate, ground bourbon vanilla bean",Germany,EUwest
2.91E+14,Spelt & Banana Biscuits,"spelt wheat flour (64%), rice syrup, sunflower oil, banana powder (3%), vitamin b1",France,EUwest
2.91E+14,Organic toast &quot;The Flower Bread&quot;Chestnuts,"rice flour , chestnut flour (30%), sea salt, (",France,EUwest
2.91E+14,Milk chocolate xl cookies,"sugar, phewmjol , palm oil, helm milk powder , cocoa mass, cocoa butter, whey powder (milk), baking powder (ammonium hydrogen carbonate, sodium hydrogen carbonate, betriumdifosfat), salt, salt, emphasis (salt",Germany,EUwest
2.91E+14,10 Pure Galetttes Black,"water, black wheat flour after cooking (47%)), guerande salt, sunflower oil",France,EUwest
2.91E+14,Molenstone Organic wheat flour,wheat flour,Netherlands,EUwest
2.91E+14,Broken pea pasta,broken pea flour,Belgium,EUwest
2.91E+14,The good spaghetti,"duration semolina, fresh egg (10%)",France,EUwest
2.91E+14,Crackers,"wheat flour 73, (5%) , vegetable fat, sugar, glucose-fructose syrup, carbonate of sodium acid pyrophosphate, orthophosphate, monocalcium carbonate acid ammonium salt to 1, (9%) , barley flour, malted",France,EUwest
2.91E+14,Breadsticks with Kalamata Olives,"wheat flour, olives of kalamon variety (20%) (olives, water, salt, vinegar, oregano, acidity regulator lactic acid), greek olive oil (11%) , traditional leaven, water, sunflower oil, yeast, salt",Germany,EUwest
2.91E+14,Tortelloni Tomate & Mozzarella,"durum wheat semolina, water, tomatoes (9%), egg , wheat flour, double concentrated tomato (3%), mozzarella (2.5%) (milk), iodized salt (salt, potassium iodate), dried tomatoes (1%), spices, sunflower oil, basil, sugar",France,EUwest
2.91E+14,Mini chocolate biscuits (with whole milk chocolate),"wheat flour, sugar, palm oil, cocoa butter, cocoa mass, lean milk powder, glucose syrup, whey product, butter grease, butter, dining salt, lactose, baking agent sodium carbonates,emulgator lecithine (contains soy),flavors (contains milk), acidic citric acid,chicken full powder",Germany,EUwest
2.91E+14,Flagger,"higher quality durum semolina (87.5%) (origin italy), water,traces of soybeans",France,EUwest
2.91E+14,Wheat flour type 1050,wheat flour type 1050,Germany,EUwest
2.91E+14,Penne - Alsace pasta,"higher quality blus semolina, eggs high outdoor chicken costs or 320 g per kilo of semolina (30%)",France,EUwest
2.91E+14,Arbbiata flavor crust,"croutons (ble flour, sunflower oil, wheat gluten, salt, sugar, yeast), olive oil, flavoring (paprika, tomato, salt, grilled onion, red pepper, strong pepper, caramelizing sugar, bright garlic (oilde sournsol, extract of rosemary), yeast extract, olive oil, green olive (salt, olive oil, rosemary extract), provence herbs)",France,EUwest
2.91E+14,My 1st vanilla cookie,"wheat flour (59.4%) (gluten), cane sugar and quot, (18.6%) , wheat starch and quot, (gluten), rapeseed oil (13.5%) , whole eggs (2.7%) (egg), lifting powders (sodium carbonates, potassium tartrate), natural vanilla aroma, bi vitamin,and quot",France,EUwest
2.91E+14,Original Nature,"complete wheat (50.9%) , rice (37.3%) , sugar, full oatmeal (7.1%), inverted sugar syrup, barley malt extract, calcium carbonate, salt, glucose syrup, molasses, emulsifier mono and diglycerides of fatty acids, antioxidant extract rich in tocopherols,iron, vitamins b3, b5, b6, b2, b9",Belgium,EUwest
2.91E+14,Elbows,"semolina, durum flour, niacin, ferrous sulfate (iron), thiamin mononitrate, riboflavin, folic acid",Germany,EUwest
2.91E+14,Oat malt fine,whole -grain flock of biological origin,Belgium,EUwest
2.91E+14,Crispeas - sel de mer,"pea flour (66%), toumesol oil, corn flour, rice flour, natural flavor, sea salt",France,EUwest
2.91E+14,"Breakfast biscuits, cinnamon brown sugar","whole grain blend (rolled oats, rye flakes), enriched flour (wheat flour, niacin, reduced iron, thiamin mononitrate (vitamin b1), riboflavin (vitamin b2), folic acid), canola oil, sugar, whole grain wheat flour, brown sugar, malt syrup (from corn and barley), invert sugar, baking soda, salt, soy lecithin, disodium pyrophosphate, cinnamon, datem, natural flavor, ferric orthophosphate (iron), niacinamide, molasses, pyridoxine hydrochloride (vitamin b6), riboflavin (vitamin b2), thiamin mononitrate (vitamin b1)",France,EUwest
2.91E+14,Lot spaghetti pasta cooking 3min x3,"durum wheat semolina, water",France,EUwest
2.91E+14,Middle Greek Krini Pepperoni,"greek pepperoni, water, sugar, salt, vinegar, acidity regulator e330, preservative e211, e224 (sulfite)",Switzerland,EUwest
2.91E+14,Crispy fiber tartine,"complete seigle flour (57 g), sound of wheat (27 g), flakes of avoine (13 g), seeds of sesame (7.9 g), germ of wheat , salt, in g for 100 g of product",Belgium,EUwest
2.91E+14,Polenta Semolina of fine grinded corn,gluten -free grain semolina,Germany,EUwest
2.91E+14,Lucky Charms Treats,"cereal (whole grain oats, sugar, oat flour, corn syrup, corn starch, salt, trisodium phosphate, natural and artificial flavor, vitamin e (mixed tocopherols) added to preserve freshness, vitamins and minerals calcium carbonate, zinc and iron (mineral nutrients), vitamin c (sodium ascorbate), a b vitamin (niacinamide), vitamin b6 (pyridoxine hydrochloride), vitamin b2 (riboflavin), vitamin b1 (thiamin mononitrate), vitamin a (palmitate), a b vitamin (folic acid), vitamin b12, vitamin d3), confectionery coating (sugar, palm kernel oil, whey powder, soy lecithin), corn syrup, marshmallows (sugar, corn starch, dextrose, corn syrup, gelatin, color (yellow 5, blue 1, red 40, yellow 6), artificial flavor), crisp rice (rice flour, barley malt extract, salt), canola oil, fructose, high fructose corn syrup, sugar, vegetable glycerin (2%), maltodextrin, sorbitol, calcium carbonate, gelatin, salt, artificial flavor",France,EUwest
2.91E+14,Delikatess Krusten Schikenbraten,"crust (enriched wheat flour (wheat flour, niacin, reduced iron, thiamin mononitrate, riboflavin, folic acid, malted barley, ascorbic acid), water, soybean oil, yeast, sugar (2%), salt, non fat dry milk, malted barley, dextrose), mozzare",France,EUwest
2.91E+14,Full semolina spirals,full durum wheat semolina,Switzerland,EUwest
2.91E+14,Gaudrioles Caramel,"basic ingredients t55 wheat flour, butter, sugar, roasted corn flour, whole eggs, caramel aroma (0.75%)",France,EUwest
2.91E+14,Semi-complete penne,semi-complete semolina of wheat biological hard,France,EUwest
2.91E+14,Crunchy müsli,"full cereals (67%) (full barley, full oats, full rye), dates, sunflower oil, apple (4%), wheat flour, banana puree, carrot (3%), raspberry (1%), natural aromas, salt, barley malt extract",France,EUwest
2.91E+14,Panzani macaroni 3 minutes 1kg,durum wheat semolina of superior quality (100%),France,EUwest
2.91E+14,Citizens of Swabian egg Knöpfle,"flour (wheat flour, spelled flour), drinking water, fresh egg (18%), rapeseed oil, dining salt, acidic citronic acid",Germany,EUwest
2.91E+14,Whole grain oatmile,oatmeal,Switzerland,EUwest
2.91E+14,Toasted muesli canberry macadamia,"oats (26%) , honey (12%) , rolled barley (9%) , macadamia oil (8%) , shredded rice bran (rice flour, rice bran, prune juice), macadamia (7%) , sunflower kernels, barley bran (5%) , oat bran (4%) , dried cranberries (3%) , currants (3%) , sultanas (3%) , wheatgerm, pumpkin kernels, cinnamon",France,EUwest
2.91E+14,Soetti,"wheat flour, salt, rapeseed oil, sugar, yeast, wheat malt, sodium hydroxide",Austria,EUwest
2.91E+14,Waffle bags,"wheat flour, sugar, coconut oil, emulsifier (lecithine (soy)), dining salt, aroma",Germany,EUwest
2.91E+14,Cancelli to the clementine,"wheat flour, sugar, sunflower oil, eggs, lifting powder (disodic diphosphate, sodium adde carbonate), candied clementines (1%) , aroma",France,EUwest
2.91E+14,Fusilli rice and organic spinach,"rice flour , spinach powder (2%), water (",Belgium,EUwest
2.91E+14,Großblatt oatmeal whole grain,oatmeal,Germany,EUwest
2.91E+14,Beez nergy cake +,"hautes-pyrenees corn flour, cane sugar , chestnut flour , spices (1.2%) (cinnamon , anise , ginger , coriander , cardamom , clove), pollen (0.9%), hemp seeds (0.9%), sodium bicarbonate,this kit also includes a jar of chestnut honey of 70g",France,EUwest
2.91E+14,Breton peasant - 6 pancakes,"crepe (80%) (flour of wheat (26%) , milk frais pasteurized (19%) , sugar, eggs whole pasteurized (13%) , bereur re fresh (4.5%) , dextrose, salt), garnish (20%) (caramel tosalted butter (18%) (sugar, glucose syrup, bereur salty (2.9%) , creme , water), bereur pastry chef)% ages expressed on the garnished pancake, eggs of high air in the open air",France,EUwest
2.91E+14,Vegan pizza kaseri grated,"water, refined coconut oil modified potato starch (23%), modified tapioca starch, salt, herbal flavors, olive extract, b-carotene pigment",Netherlands,EUwest
2.91E+14,Sesame grilled toast aperitif,"wheat flour, sesame seeds (7.9%) , yeast, salt, barley malt, wheat malt, emulsifier soy lecithins, flour treatment agent ascorbic acid",France,EUwest
2.91E+14,Complete organic farfalles,complete durum wheat semolina,France,EUwest
2.91E+14,Cereal flakes fruit,"flakes of rice and wheat (75%) (full wheat, rice, full wheat flour, sugar, barley malt extract, kitchen salt, vitamins (b1, b2, pantothenic acid, b6, biotin, folic acid, b12,niacine), iron), raisins (13%) (with sunflower oil), banana crisps (7%) (bananas, coconut oil, sugar, aroma), pineapple pieces (3%) (pineapple, sugar, antioxidant citric acid) , coconut (2%), apples (0.5%) (with sulfur anhydride)",Switzerland,EUwest
2.91E+14,Creative bites to garnish,"wheat flour, concentrated butter, sunflower oil, water, salt, sugar",France,EUwest
2.91E+14,Mini Elisen &quot;Every Day&quot; mit Marzipan,"oil seeds (mandeln , haselnunt , walnusen), sugar, chocolate (cocoa mass, sugar, cocoa butter, emulsifier sunflower lecithe , dried fig, orange peel eritrockeniweiss , moisture kit sorbit,spices (contained cinnamon), potato strength, milcheiweiss , caramel sugar syrup, blossom honey, salt, baking agent sodium hydrogen carbonate,lemon juice concentrate, wax corn starch, natural aroma",Germany,EUwest
2.91E+14,Muesli aux figues pecan et cranberries,"complete oatmeal (71%) , dried figs (1a% figs, rice flour), wheat ice cream (5%), coral lenses, pecan (3.5%), hemp seeds, dried cranberries (1%)",France,EUwest
2.91E+14,Bite me apple pear,"bananas (38%) , pear juice concentrate (20%) , apple juice concentrate (17%) , full grain flour, corn, sunflower oil, wiper (wheat flour, starch), iron sulfate",Germany,EUwest
2.91E+14,Albert Heijn American Pancakes,"wheat flour, palm oil, water, free -range egg, sugar, whey powder, acidity regulator (citric acid, e262, e325), rijsmugel (e341, e500), salt, emulsator (lecithin), natural vanillearoma, natural aroma (milk)",Netherlands,EUwest
2.91E+14,Organic full spelled spirals - 500g - Naturata,whole grain spelled flour,Germany,EUwest
2.91E+14,Flambée pie dough,"wheat flour, water, fats and vegetable oils (palm, rapeseed), ethanol, kitchen salt, concentrated lemon juice, dehydrated sourdough (wheat)",Switzerland,EUwest
2.91E+14,Spinach wheat tortillas,"wheat flour (58%), water, vegetable oils (palm, rapeseed) in variable proportions, vegetable fat (palm), moisty e422 powdered spinach (1.7%), cooking mixture glucose, salt,powders to lift,e450, e500, emulsifier e471, 20 stabilizing e415, conservative agents e202, e282,natural coloring e141",France,EUwest
2.91E+14,Discoverer muesli fruit,"full-grain flakes (68%) , sauerkirsch stars (10%) (whole grain wheat flour , wholemeal flour , corn flour , rohrohrohrzucker , apple juice concentrate , beetroot powder , sour cherry juice concentrate), apple-johannisbeer rings (8%) (wheat flour , corn flour , agavendick juice , concentrate (carrot , apple , schwarze-johannisberere)), full spelled grain swelled (5%) , full grain of wheat flakes roasted (5%) , apple-fine cut , from ecological farming",Germany,EUwest
2.91E+14,Blueberry rice waffles,"organic rice, organic apple juice concentrate, organic heideleler puree (1.3%), organic carot juice concentrate",Austria,EUwest
2.91E+14,Bio-Bio-Bianco White,"full milk (42%) , cream (26%) , pipe-pipe sugar , white chocolate (9%) (pipe tube sugar , cocoa butter , full milk powder , emulgator (lecithine), bourbon vanilla extract), egg yail , lean milk powder , glucose syrup ,coffee extract (0.4%) , low -fat cocoa powder, stabilizers (joannis bread core flour, guar gum), coloring food (carrot concentrate, apple concentrate), bourbon vanilla extract , from controlled ecological cultivation,the product",Germany,EUwest
2.91E+14,Crispybrot ereminal,"rice flour , almond flour (25%), sea salt, from organic cultivation",Germany,EUwest
2.91E+14,Mini chocolate filled cakes,"wheat syrup , wheat flour (20%) , rapeseed oil , eggs (16%) , cane sugar (10%) , chocolate (5%) (cocoa mass , sugar , cocoa butter , vanilla extract), inverted sugar syrup , natural aroma (contains alcohol), corn starch, lifting powders e341, e500, salt, natural vanilla flavor, cocoa extract , gelling it up pectins, acidity corrector e333, traces of nuts, milk and soy",France,EUwest
2.91E+14,Thai chicken noodles with caramelized soy sauce,"noodles cooked (30.8%) (water, durum wheat semolina), marinated chicken and cooked (10.7%) (chicken meat (10.4%) , salt, sugar, lemon juice), omelette (10.7%) (whole eggs, water, wheat flour, concentrated lemon juice, salt, thickening xanthan gum, turmeric, pepper), flat beans, carrots, onions, aromatic caramel (5.7%) (sugar, water), rapeseed oil, red peppers,honey, water, soy sauce (1.3%) (water, soy, wheat flour, salt), thai basil, fish sauce (fish, salt, water), concentrated lemon juice, garlic puree, corn starch, pureeof peppers (peppers, salt), wheat flour, curry spices, salt",France,EUwest
2.91E+14,Brownie with hazelnuts,"sugar, rapeseed oil, eggs whole, wheat flour, chocolate (7.7%) (sugar, cocoa paste, cocoa butter, emulsifier (sunflower lecithins), grilled noistes (6.3%) , stabilizing (sorbitols),cocoa powder, salt, lifting powders (diphosphates, sodium carbonates (contains ble)), conservative (potassium sorbate), aromas",France,EUwest
2.91E+14,Ticino bread of sils,"ble flour, water, sunflower oil, yeast, wheat protein, iodized kitchen salt, orge malt flour, acidity corrector sodium hydroxide, flour treatment agent ascorbic acid",Switzerland,EUwest
2.91E+14,hazelnut chocolate stakes,"rice semolina, wheat flour, oatmeal, full wheat flour, sugar, sunflower, coconut, powdered lactrum, cocoa powder, cocoa butter, hazelnuts",France,EUwest
2.91E+14,2 mini precious baguettes,"wheat flour (65%) , water, yeast, salt, fermented wheat flour (0.3%) , malted wheat flour 0.2.% , antioxidant ascorbic acid",France,EUwest
2.91E+14,Vollkorntoast - Full mie bread,"complete blue flour (58%) , water, wheat sourdough (ble flour, water), wheat flour, rapeseed oil, sugar, yeast, salt, acidity corrector sodium acetates",France,EUwest
2.91E+14,Maple creme cookies,"sugar, wheat flour, palm oil, canola oil, modified palm oil, maple syrup, inverted sugar, starch of but, malt soy lecithin, artificial aroma, salt, baking soda, caramel coloring, coloring (tartrazine), ammonium bicarbonate",France,EUwest
2.91E+14,BABY BISCUITS,"whole wheat flour, concentrated apple juice, rice flour, vegetable oils and fats, skimmed milk powder, raising agents, calcium carbonate, vitamin b1",Belgium,EUwest
2.91E+14,Cookies on Cookie Dough,"water, sugar, glucose syrup, oat syrup (water, oats (3%)), coconut oil, flour (wheat, whole grain wheat), vegetable oils (soy, rapeseed), brown sugar, corn starch, skimmed cocoa powder, pea protein, fava bean protein, cocoa mass, cocoa butter, stabilizers (guar gum, locust bean gum), salt, emulsifiers (lecithin (contains soya)), vanilla extract, molasses, raising agent (sodium bicarbonate)",Belgium,EUwest
2.91E+14,Fell 3 pasta,durum wheat semolina,France,EUwest
2.91E+14,Gressins Integrale,"ble flour, blank sound (7.5%), oil l, bg of yeast olive, sea salt, malted wheat flour,contains luten",France,EUwest
2.91E+14,Crunchy fruit muesli,"whole oatmeal (44%), sultanas dried grapes (16%) (sultanal raisins, sunflower oil), sugar, palm oil, cornflakes (5%) (4,cornmeal (8%), salt, barley malt extract, emulsifier lecithins (sunflower), 4,banana chips (5%) (3,banana (37%), coconut fat, sugar, natural banana flavour), 4,coconut chips (5%), cereal balls (4%) (pieces of corn, wheat flour , sugar, rice flour, salt), wheat flour, glucose syrup, pieces of dehydrated apples (2%) (1,apple pieces (98%), antioxidants citric acid, ascorbic acid), oligofructose, honey, barley malt extract, salt, caramelized sugar, cinnamon, natural aroma",Germany,EUwest
2.91E+14,Tortellini alla meat,"durum wheat , beef of the finished product (24%)), eggs of the finished product (18%)), breadcrumbs (wheat flour , salt, yeast), cheese amonggiano reggiano (milk, salt, tenders),hard cheese (milk , salt, rennet), sunflower oil , salt, garlic , spices , rosmarin , black pepper and quot",Belgium,EUwest
2.91E+14,Pralin gender galette,"ingredients puff pastry (49%) (preparation of wheat flour (wheat flour, gluten, wheat malt), butter, water, iodized kitchen salt), mass with almonds (39%) (cream with vanilla taste (50%) (preparation in powder powder (78%) (sugar, whole powdered milk, modified starchs of but, potato starch, geerer e 339, e 450 and e 516, thickening e 401, coloring carotenoides, aroma), water), preparation ofalmonds (50%) (sugar, soy, water, almonds (18%) , wheat starch, moist sorbitol, inverted sugar, glucose, lemon juice, kitchen salt, bitter almonds, preservative e 200, aromas, acidifying citric acid)), hazelnut nougatine (9%)hazelnuts (50%), sugar), syrup (water, sugar), liquid eggs (1%) (ground farming), lemon peel (0.4%) (lemon zest (100%)",Switzerland,EUwest
2.91E+14,ORIGINAL SHREDDED WHEAT®,whole grain wheat (100%),France,EUwest
2.91E+14,frischback baguettes,"white flour (wheat), water, yeast, iodized kitchen salt, glucose, rapeseed oil, acidity corrector (e 262)",Switzerland,EUwest
2.91E+14,Largevite -wide shrimp noodles,"wheat flour, egg, salt, co -comctor (e501 (l) carbonate), stm, perfume (msg e621), egg egg, tapioe flour, water",France,EUwest
2.91E+14,Mini Berlin raspberry-Johannisberry,"wheat flour , water, raspberry-johannisberer filling (13%) (sugar, raspberries (25%), glucose fructose syrup, red currants (10%), water, gelling agent e440, acidic agent e330, aroma, preservative e202), decorative snow (sugar, corn starch, grape sugar, vegetable fatsal, shea, illipe), emulsifier e470b, natural vanilla aroma), palm fat, yeast, margarine (palm fat, water, salt, emulsifier e471, acid regulator e330), sugar, full el pulver, laktose , weizluten , aroma, rapeseed oil, emulgator e482, sour tough preparation (saueringe , roggenmehl , acid gulcator 260, 270, roggenkleie , vollkornrogroggen flour , water, gerstenmalzmehl , salt, starter crops (dried)), baking agent e500, e450",Germany,EUwest
2.91E+14,Lindt Mini Eggs,"oat flakes (25%), sugar, glucose syrup, stabiliser (sorbitol), vegetable fats (palm, shea), wheat flour, invert sugar syrup, rice flour, cocoa butter, cocoa mass, honey (2%), skimmed milk powder, wheat bran, whey powder (from milk), whole milk powder, humectant (glycerol), milk fat, barley malt extract, salt, emulsifiers (soya lecithins, e471, e476), molasses, flavourings",France,EUwest
2.91E+14,The Catalan Cream Craft Flavoured Turron,"sugar, ground almonds, egg yolk (14%), powdered milk, glucose syrup, preservative (sorbic acid), aroma and color e-160",France,EUwest
2.91E+14,Small spelled flour T 150 organic,small spelled flour t150,France,EUwest
2.91E+14,Butter and almond cores,"wheat flour (42.6%) , sugar, butter (20.8%) , almond (6.2%) , lactrum powder (milk), modified potato starch, dextrosis, skim milk powder, egg of egg high on the ground,inverted sugar syrup, salt, aromas, e160a coloring, e500 raising powder",France,EUwest
2.91E+14,Milk rice Speculoos flavors,"whole milk (56%) , water, sugar (11%) , rice (8.5%) , caramelized sugar syrup, corn starch, rice starch, skim milk powder , natural aroma, cinnamon,clove, salt,traces of gluten",France,EUwest
2.91E+14,3 riz,"long grain rice stuck (80%) , red rice (10.5%) , wild rice (9.5%)",France,EUwest
2.91E+14,"Wheat, spinach and emmental breaded pancakes","textured wheat proteins rehydrated (37.8%) (wheat proteins, wheat flour, water), breadcrumbs (15%) (breadcrumbs (wheat flour, yeast, salt), millet (1.5%) , pumpkin seeds 0.75 (9%) , brown linen seeds 0.75 96, onion seeds 0.3 sunflower oil), spinach 14 coating (water, wheat flour, salt), sunflower vegetable oil, emmental onion (7%), modified starch, fibersvegetables (wheat, psyllium), thickening methylcellulose, salt, muscade",France,EUwest
2.91E+14,Milk chocolate chocolate rice cake,"milk chocolate (50%) (cane sugar , cocoa butter , whole milk powder , cocoa paste), semi -complete rice ,traces of soybeans",France,EUwest
2.91E+14,Cereals and shrimp salad,"cereals rehydrated (50%) (water, precuite durum wheat semolina, soy flakes, oatmeal, barley flakes), peeled shrimp peeled (13%) (shrimp, salt, preservative e202, antioxidant e223 (sulfites), acidifier e330), sauce (rapeseed oil, sunflower oil, extra virgin olive oil (1.6%), basil (1.5%), water, garlic, salt, pepper, concentrated lemon juice (0.04%),cucumber (8.2%) , marinated tomato (7.7%) (tomato, rapeseed oil, salt, garlic, oregano), green pepper (4.6%) , carrot (2.0%) , balsamic vinegar (white wine vinegar, grape mustconcentrated, antixyed e224 (sulfites)), vinegar, provencal mix (pepper, aromatic plants including provence herbs, maltodextrin, salt)",Belgium,EUwest
2.91E+14,White noodles,biological white wheat semolina,France,EUwest
2.91E+14,"Fricitus max, pizza taste (lot of 2)","corn semolina, potato powder, sunflower oil (20%), flavoring base pizza (sugar, cheese powder (ait , lactose), onion and garlic powder, breadcrumbs (of ble), tasteful exhausor (glutamate (glutamatemonosodic), potassium chloride, acidity corrector (citric acid), small milk powder, aromas), salt, emulsifier (mono and diglycerides of fatty acids)",France,EUwest
2.91E+14,Spaghetti 100% Pasta corn from Oro,corn flour,Belgium,EUwest
2.91E+14,Tagliatelle with bears garlic,"ble hard semolina, bears garlic (3%)",France,EUwest
2.91E+14,Carob Flour,carob flour,Netherlands,EUwest
2.91E+14,Apricot wort,"wheat flour, sugar, apricot (10%) , vegetable oils (rapeseed, sunflowers, olives), rapeseed oil, wheat germs, eggs from free -range, almonds, barley malt, moisture, moisture (sorbit), gelling agent (pectin), citric acid (citric acid, sodium citrate), lean milk powder, preservatives (potassium sorbate), salt, natural aroma",France,EUwest
2.91E+14,Semolina,semolina white garlic (100%),France,EUwest
2.91E+14,Rice: Originario milk rice,riz grain around,Germany,EUwest
2.91E+14,5 blinis,"water, flour (contains gluten), rapeseed and sunflower vegetable oils, eggs , lactose (contains ait), it skimmed powder,powers to lift sodium carbonates, diphosphates,salt, thickening modified starch of corn",France,EUwest
2.91E+14,Cookies cereals,"semolina de wheat complete (58.6%) , chocolate in powder (sugar, lean cocoa powder (3.6%), noisettes grilled (12%) , glucose syrup, malt extract, milk skimmed powder, rapeseed oil, salt salt, salt salt, salt",France,EUwest
2.91E+14,MyPenne,"water, konjac flour (3.6%), firming agent e526",France,EUwest
2.91E+14,Alicante Turron Cake,"grilled almonds (65%), sugar, honey (12%), azyme bread (potato starch and sunflower oil) and egg white,contains almonds and eggs",France,EUwest
2.91E+14,Bucaneve without added sugars,"wheat flour, sweeteners maltitol, maltitol syrup,palm oil, malt extract (barley), freshly pasteurized fresh milk (1.6%), yeasting agents sodium acid carbonate, ammonium acid carbonate, monopotaxic tartrate,eggs, wheat starch, salt, emulsifiers lecithins (soy),aromas, natural aromas,from",France,EUwest
2.91E+14,Fresh baratte butter pancakes,"froment flour, butter fresh baratte (24%), sugar, eggs whole, salt",France,EUwest
2.91E+14,Swedish pancakes with oats and chocolate flakes,"sugar, chocolate (23%) (sugar, cocoa paste, cocoa butter, emulsifier sunflower lecithins), oatmeal (22%) , margarine (vegetable fat (palm, palm, rapeseed) in variable proportion, water, salt,emulsifying mono and diglycerides of fatty acids, aroma, antioxidant citric acid), wheat flour, whole egg in powder, lifting powders sodium carbonates, diphosphates, ammonium carbonates, corn starch",France,EUwest
2.91E+14,Gran Cereale Classico,"oatmeal (34%) , whole wheat flour (34%) , non-hydrogenated palm fat, sugar, glucose syrup, raising agents (ammonium bicarbonate, sodium bicarbonate), salt, flavourings",Switzerland,EUwest
2.91E+14,Verde ravioli,"water, mid-lived tomato puree, wheat hard semolina, carrots (9.7%), breadcrumbs (wheat flour, water), onions (2.9%) , eggplant (1.6%) , red peppers (1.6%) , olives green (1.6%) , broccoli (1%), spinach (1%), sunflower oil, salt, sugar, parsley, cassava starch, basil, starch transformed of corn, oregano, natural aromas",France,EUwest
2.91E+14,Lemon biscuits,"wheat flour , pipe folding sugar , sunflower oil, lemon oil (0.2%), baking agent sodium hydr carbonate, monocalium",France,EUwest
2.91E+14,Crêpe lace the authentic,"wheat flour, sugar, pastry butter (milk)",France,EUwest
2.91E+14,Fine Chinese noodles,"wheat flour, salt",France,EUwest
2.91E+14,Riz basmati micro-ondable,"cooked basmati rice (98%), sunflower oil, salt",France,EUwest
2.91E+14,Choco Cookie,"beet sugar , cocoa butter (24%) , hazelnutmark , buckwheat flour hazelnutkant (8%) (raw pipe sugar , hazelnuts (25%) , mais-glucosesi-rup , caramel syrup), sea salt , bourbon vanilla extract , from organic cultivation",Germany,EUwest
2.91E+14,Hazelnut Knuspino,"do crispy waffles with hazelnut cream filling (74%), sugar, wheat flour, vegetable fats (coconut, palm), hazelnuts (7%), lean cocoa powder, glucose syrup, emulsifier lecithine (soy), natural flavors, baking agent sodium hydrogen carbonate salt",France,EUwest
2.91E+14,Chocolate tart,"wheat flour, sugar, vegetable margarine (palm oil, rapeseed oil, water, emulsifier e471), inverted sugar syrup, vegetable oils (sunflower, palm), whole egg (ground farming), chocolate (8%) (cocoa paste, sugar, cocoa butter, emulsifier soy lecithin, natural vanilla flavor), hazelnuts (3.5%), wheat protein, cocoa powder, skimmed milk powder, iodized kitchen salt, aromas, lifting powder e503, emulsifier soy lecithin, barley malt",Switzerland,EUwest
2.91E+14,Damped organic whole grain basmati,"damped organic whole grain basmati rice (97.4%), sunflower oil , salt, from controlled ecological cultivation",Switzerland,EUwest
2.91E+14,Shortbread,"wheat flour (wheat flour, calcium carbonate, iron, niacin, thiamin), butter (33%) (milk), sugar, cornflour, salt",France,EUwest
2.91E+14,Chocolate flan flan,"chocolate in powder (64%) (sugar, cocoa powder), sugar, blue starch, gelicifying carraghenian, thickening xanthan gum",France,EUwest
2.91E+14,Vollkorn-Haterflöckli,complete oatmeal,Germany,EUwest
2.91E+14,Cakes,"whole grain harbor flakes (29%), wheat flour, butter, sugar, herbal oils (corrupted), honey (5%), baking agent (dinatrium diphosphate, sodium hydrogen carbonate), salt",Germany,EUwest
2.91E+14,Macaroni Half Completes,durum wheat semolina,France,EUwest
2.91E+14,Crispy pizza bread,"wheat flour, durum wheat semolina,extra virgin olive oil (5%) , olive husk oil, yeast, barley malt, salt",Belgium,EUwest
2.91E+14,Eastern vegetable couscous,"water, turnips (14%) , carrots (10%) , zucchini (3.3%) , chickpeas (3%) , garnish of celeri et peppers (2%) , double concentrated tomato puree, salt, rapeseed oil, spices, grilled onions powder",France,EUwest
2.91E+14,Sandblided cookie (raspberry),"rice flour, palm fat, full rice flour, cane sugar, potato starch, raspberry sequins (raspberry (1.4%) , cane sugar, corn starch), corn maltodextrin, raspberry aromawith other natural, emulsifying aromas sunflower lecithins, thickening xanthane gum",Belgium,EUwest
2.91E+14,Fresh butter puck,"wheat flour, fresh butter (23%) , sugar, eggs of high hens in the open air, almond powder, lifting powders (diphosphates and sodium carbonates (wheat)), salt",France,EUwest
2.91E+14,Asparagus cheese girasoli,"filling (60%) (green asparagus (42%) , parmigiano reggiano cheese d,o,p, (10%) , breadcrumbs (wheat flour, water, dining salt, yeast), sweet whey powder, whey protein cheese ricotta (6.6%) (sweet whey milk, cream, dining salt), butter, mascarpone fresh cheese (5%) , cream, sunflower oil, dining salt), dough (40%) (wheat flour, full egg (20%) , durum wheat semolina, water),can traces of fish,crustaceans, molluscs, shell fruits,sellery and soy",Germany,EUwest
2.91E+14,Multi-cereal cracotte,"cereals (92.2%) (wheat flour (65.6%) , full oatmeal (9.1%) , quinoa flour (6.8%) , rice flour (5.6%) , barley flour malted (5.1%), sugar, wheat germs, powdered lactrum (milk), salt, palm oil, mineral (ferric pyrophosphate), emulsifier (sunflower lecithins)",Belgium,EUwest
2.91E+14,Dolcenza,"vegetable oil (68%), wheat bran, barley malt extract, ammonium bicarbonate, sodium bicarbonate, salt, artificial flavorings",France,EUwest
2.91E+14,Ricotta and spinach tortelloni,"fine durum wheat finots, water, egg (7%) (ground farming), spinach (7%), ricotta (7%) (cheese) , breadcrumbs (wheat flour, water, kitchen salt, yeast), cheese (3.5%), fresh cheese (with thickening carob seed flour), rapeseed oil, powdered condiment, iodized kitchen salt, aromas, spices",Germany,EUwest
2.91E+14,Toast rolls rye,"of the full grain grain (27%), rye, grain flour, wheat flour, water, yeast, corn grinding, sugar, grape gluts, wheat gluts, barley malt extract (dining salt, dining salt, potassiumiodate), acid regulator sodium acetate",Germany,EUwest
2.91E+14,Delicia in rhubarb pieces,"rhubarb (79%) , sugar, antioxidant ascorbic acid",France,EUwest
2.91E+14,penne,durability semolina,Germany,EUwest
2.91E+14,Gluten -free mini spice speculatius,"sugar, flour (corn, rice), potato thickness, palm fat, cooking banana flour, butter (lactose -free), modified starch, inulin, cinnamon, spices, ollei powder , egg clares, bourbon vanilla flock powder, natural vanilla aroma ydrogen carbonate, ammonium hydrogen carbonate), emulgator (lecithine (soja))",France,EUwest
2.91E+14,Triangle aïoli,"wheat flour , butter (29.5%) , emmental, modified corn starch, olive oil (3.5%) , salt, potato starch, dehydrated garlic (0.9%) , black pepper, milk protein, dextrose",France,EUwest
2.91E+14,Vanilla Cornet Shock,"skimmed milk, sugar, water, lactrum protein concentrate, wheat flour, copra fat, glucose-fructose syrup, cocoa powder (1.4%), cocoa paste, emulsifiers (soy lecithin, e471), cocoa powder, hazelnuts, stabilizers (e410, e412), aroma, coloring (e160a),this product",France,EUwest
2.91E+14,Chocolate & biscuit muesli,"whole grain harbor flakes (48%), sugar, wheat flour, palm oil, whole grain wheat flakes (6%), glucose fructose syrup, full milk powder, fully grain flour (2%), cocoa mass, cocoa butter, sweet whey powder, butter, butter, barley malt thickness,backing agent (ammonium hydrogen carbonate, sodium hydrogen carbonate), acid gulcator calcium carbonate, dining salt, acidic citric acid, emulgator lecithine, aroma",Germany,EUwest
2.91E+14,Oatmandel nature,"water, whole grain harbor (10%), roasted blanched almonds ,sea salt, from controlled ecological agriculture (0.75%)",Germany,EUwest
2.91E+14,Pizzero,"wheat flour, water, tomato (18.8%), ham (8.3%) (pork, water, salt, potato starch, dextrose, sucrose, aromas, natural aromas, giant e407, acidity regulatore262, anti oxidant e301, preservative e250), mozzarella cheese (5%) (milk, salt, rennet), edam cheese (5%) (milk, salt, rennet), extra virgin olive oil, salt, malted wheat flour,trehalose sunflower oil, yeast, trehalose is a source of glucose",France,EUwest
2.91E+14,W.K Kellogg Muesli crisp apricot and squash seeds,"complete oats (49%), complete barley (14%), sugar, sunflower oil, sunflower seeds (5.5%), nuts (5.5%) (cashews, almonds), spelled (4.5%), rice syrupbrown, lean cocoa in powder (4%), salt, antioxidant (extract rich in tocopherols), natural aroma",Netherlands,EUwest
2.91E+14,Vermicelli rice noodles,"rice flour (85.5%), water (14.5%)",Belgium,EUwest
2.91E+14,Apple grape fruit cuts,"potato thickness, palm fat, wheat flour, apple, banana, whole grain oatmeal, concentrated apple juice, rice flour, concentrated grape juice, apple biver juice, red grape juice concentrate",Germany,EUwest
2.91E+14,American style sandwich slices,"wheat flour (60%), water, wheat flour, yeast, rapeseed oil, sugar, dining salt, acid regulator sodium acetate,aroma,the product",Germany,EUwest
2.91E+14,Complete cookies,"sunflower seeds (26%) , sesame seeds (15%) , corinth grapes (15%) , sugar, maltodextrin, flax seeds (9%) , palm oil, hazelnuts (5%) , honey, powdered milk parzm, emulsifier soy lecithin",Switzerland,EUwest
2.91E+14,Vollkorn Multikorn flex classic,"hafer -full grain flour, roggen -full grain flour, dinkel -full grain flour, tube raw sugar, weizen mehl, gersten malzextrakt, dining salt",Switzerland,EUwest
2.91E+14,Oat flakes Fiber Fit,oatmeal,France,EUwest
2.91E+14,Traditional Margherita pizza,"wheat flour, cut -resistant mozzarella cheese (19%), passed tomatoes (17%), water, rapeseed oil, salt, baked yeast, olive oil native extra, modified strength, oregano, basil",Luxembourg,EUwest
2.91E+14,MUFFY MUFFIN BYRTILLES,"wheat flour, sugar, water, rapeseed oil, blueberries (7.5%), eggs, lifting powder (disodic diphosphate, sodium ac carbonate, wheat flour), egg white powder, salt, natural aroma",France,EUwest
2.91E+14,Grated gran vegiano,"modified starch, water, coconut oil (10%) , natural aromas, salt, sugar, acidity (citric acid), vegetable fibers, calcium carbonate, coloring (carotenoids), vitamin b12",France,EUwest
2.91E+14,Banana bar apple & cinnamon,"dried banana (60%), gluten free whole grain oat flakes, pumpkin seeds, dried apple powder (7%), pecan nuts, apple fibre, ground cinnamon (0,5%)",France,EUwest
2.91E+14,Nature mie bread the angelus,"flour of wheat (47%), water, levain (flour of wheat , water, yeast , untreated sea salt), sunflower oil , brown sugar , yeast , untreated sail, gluten de wheat , wheat malte flour, acerola extract , starch of wheat ,  soya flour, ingredients of agricultural origin",France,EUwest
2.91E+14,Stuffed raisin cookies,"wheat flour , raisins (28%) , palm oil (unheard), corn and barley syrup , date syrup , apple juice , rijsmidd (sodium bicarbonate), salt,of organic agriculture",Netherlands,EUwest
2.91E+14,3 -minute spaghetti (economical offer),ble hard quality semolina (100%),France,EUwest
2.91E+14,porridge protéiné,"porridge oats, whey protein concentrate (milk), milk protein concentrate, flavouring, sweetener (sucralose)",France,EUwest
2.91E+14,Organic Italian pasta gigli,"durum wheat semolina, water",France,EUwest
2.91E+14,Sugo alla Siciliana,"tomato pulp (79%) , green and black olives (11%) , extra virgin olive oil (2%) , carrots, rice starch, onion, celery, salt, sugar, garlic, oregano",France,EUwest
2.91E+14,Chocolate balls,"corn flour (32%), chocolate powder (21%) (sugar, cocoa powder), wheat flour, corn grind, rice flour, oligofructose, sugar, sunflower oil, dining salt",Germany,EUwest
2.91E+14,Butter chocolate breads (x 8) - Leclerc,"wheat flour, butter (24%), water, sugar, yeast, salt, wheat gluten, enzymes, emulsifier (e471), flour treatment agent (e300), chocolate (10%) (sugar, cocoa paste, cocoa butter, emulsifier e322 (soy lecithin), natural vanilla extract)",France,EUwest
2.91E+14,Mie - wheat noodles,"soft wheat (76%), water, salt, acidity (sodium bicarbonate, potassium carbonate)",Switzerland,EUwest
2.91E+14,Breugel 6p 22cm,"apple (43%) (jonagold), wheat flour, whey (milk), sugar, raisin (3%), glucose, vegetable oil (palm, rapeseed, shuttle, cotton seeds), almond (2%), egg, yeast, modified starch (e1414 (potato)), skimmed milk, starch (wheat), salt, emulsifier (e471), lactoserum powder (milk), lifting powder (e450, e500), vegetable fat (palm), spice, flourof wheat, aroma (butter), antioxidant (e300), yeast extract, flour treatment agent (e300), coloring (e160a), acidifying (e330), dacidity corrector (e330, e509)",Belgium,EUwest
2.91E+14,Provencal pasta and lenses,"pastes in precious (40%) (durum wheat semolina, water, rapeseed oil, salt), water, green lenses rehydrated (13%) , peeled tomatoes crushed with juice (6.6%) (tomatoes, tomato juice, acidifying citric acid),double tomato concentrate (4.4%) , carrots, grilled buckwheat (3.3%) , red peppers, creme fraiche, onions, extra virgin olive oil (1.6%), wheat flour, sugar, garlic puree (0.5%) , salt, parsley, oregano, basil, thyme",France,EUwest
2.91E+14,grape bread,"grape bread (wheat flour (gluten), pastry cream (25%) (water, sugar, modified potato, lactrum powder (milk), whole milk powder, thickening xanthan gum, carotenoid coloring, aroma), raisins (15%) (grapes, cotton or rapeseed oil), water, butter (12%) (lat), sugar, yeast, whole milk powder, gluten of ble, salt, malted wheat flour (gluten), enzymes,flour treatment agent e300, emulsifier sunflower lecithin)",France,EUwest
2.91E+14,Danish Butter Cookies,"wheat flour, butter (26%), sugar, pearl sugar, desiccated cocnut, rasing agent (ammonium hydrogen carbonate), salt, natural flavour, invert sugar syrup",France,EUwest
2.91E+14,Full lifejobs without added salt,"wheat flour (99%), glucose-fructose syrup, palm oil, yeast, minerals (calcium (phosphate), zinc (sulfate)), vitamins (e, thiamine (b1), niacine (pp), b6, folic acid (b9)), flour treatment agent (ascorbic acid)",France,EUwest
2.91E+14,The Cereal Sabled Minis,"wheat flour (38%),milk chocolate (29%) (sugar, cocoa butter, cocoa paste, skimmed milk powder, lactose, anhydrous dairy fat, powdered lactrum, emulsifier lecithins (sunflower)),palm fat,sugar ,full wheat flour (11%) ,inverted sugar syrup,powder to reduction e503, e500, e450,wheat sound (0.5%),salt ,aroma,enzymes (including wheat),traces of hull fruits, sesame seeds and eggs",France,EUwest
2.91E+14,Penne Rigate,durum wheat semolina (europe),Switzerland,EUwest
2.91E+14,Pear clafoutis,"pears (25%), almond milk, eggs, coconut flower sugar, chestnut flour, rice flour, almond powder, coconut beure (water, rapeseed oil , coconut oil (18%) ,kanite butter, carrot juice , lemon juice , emulsifier (sunflower lecithin, sea salt), vanilla extract",France,EUwest
2.91E+14,Edeka organic chocolate rice waffles,"milk chocolate (60%) (pipe -ripe sugar, cocoa butter, whole milk powder (21%), cocoa mass, vanilla extract), rice (39%), sesam , sea salt",Germany,EUwest
2.91E+14,Pastry wheat flour type 55,ble flour,France,EUwest
2.91E+14,Amandines 100% fresh butter,"eggs, butter (22%) (ait , coloring carotenes), sucrefs of wheat flour, almond flakes (11%) , fructose, lifting powders (e450i), sodium bicarbonate (e500ii), potato starch, emulsifier (e481), conservatives (e200, 282), thickening (e415), aroma, enzyme, coloring (e160b)",Belgium,EUwest
2.91E+14,Kurn,"full wheat flour, wheat gluten water, sunflower seeds, buckwheat crane, flax seeds, yeast, soy flakes, soy nuts, rye flour, ifromanti, brown cane sugar, but extruded semolina, carbonate ofcalclum, extruded wheat sound, barley malt flour, salt, potassfum chloride, rye malt flour, malted wheat, sourdough powder (emulsifier seiglel e322 wheat sulfate of magnestum, iodized salt, iron sulfate (id), chief of magneslum, enzyme (fromenti",Belgium,EUwest
2.91E+14,Butter croissants for baking,"wheat flour, butter (24%) , water, sugar, yeast, wheat gluten,eggs, dining salt, flour treatment agent (ascorbic acid, enzyme xylanase)",Germany,EUwest
2.91E+14,Cocoa cocoa shortbread with agave syrup,"flour of wheat , full flour of wheat , rapeseed oil, red cane sugar, coconut (6.5%) , agave syrup (5%) , flakes of avoine , starch of wheat , fiber of wheat , lean cocoa powder (4%) , natural aromas, lifting powders (sodium carbonates, diphosphates), emulsifier rapeseed lecithins, acidifying malic acid, sea salt",France,EUwest
2.91E+14,Nevaditos Bollitos puff pastry,"wheat flour, animal fat (laundry), sugar (14%), wine, salt, antioxidants (rich extracts in tocopherols, propyl gallate, ascorbyle palmitate, citric acid),contains gluten",France,EUwest
2.91E+14,Dinkel Hafer Crunchy,"palm fat, rice flour, rice syrup, wholemeal flakes of small leaf, sea salt, spelled full grain flakes, barley malt flour",Germany,EUwest
2.91E+14,Mischobst,"plums (30%), ready to eat, dried pitted (plums, preservative sorbic acid, sunflower oil), apricots (30%), dried, pitted (apricots, antioxidants sulfur dioxide), half pears (20%), dried (pears, antioxidants sulfur dioxide), half peaches (15%), dried, pitted (peaches, antioxidants sulfur dioxide), apple rings (5%), dried (apple rings, acidifiers citric acid, antioxidants sulfur dioxide)",Germany,EUwest
2.91E+14,Vermicelli Riz,"rice flour (95%) , full rice flour (3.6%) , thickening xanthan gum",France,EUwest
2.91E+14,Good deals!Bolognese spaghetti,"water, spaghetti precuited (23%) (water, pasta (semolina wheat hard, white of ef , rapeseed oil), beef (12%) , tomato pulp (tomato pieces, tomato juice), tomato concentrate, carrots, onions, rapeseed oil, salt, modified corn starch, sugar, garlic powder, thickening gum guar, basil, oregano, pepper, aromas",France,EUwest
2.91E+14,Galette - Salted raspberry kings,"cake wheat flour (82%), concentrated butter (25.6%) (e160a), sugar, egg, guerande salt (igp), glycerin, lifting powder (sodium bicarbonate and ammonium bicarbonate),fourrage sugar (18%), fruits (40%) (raspberry (35%) , apple (5%), gelifier pectin, acidity correctors, citric acid e330, sodium citrate e331, aroma, conservative potassium sorbate e202 manufactured in a workshop using shellfish, sesame seeds, soybeans,keep in a cool and dry place",France,EUwest
2.91E+14,Trivelli Pasta,"durum wheat semolina, whole egg (22.5%) (farmed outdoors), cooking salt",Germany,EUwest
2.91E+14,Rosemary crisp lamellae,"oat without gluten and quot, buckwheat and quot, but , rosemary (7%), molasses , salt, honey and linen flour, (and quot,) ingredients from organic agriulture",France,EUwest
2.91E+14,McBaguette,"bread with red label flour, chopped steak pure beef (100%), batavia salad, its french emmental slices, 2 mustard sauce",France,EUwest
2.91E+14,Pont-Aven pancakes with salted butter caramel bursts,"flour wheat (49%) , butter (27%) (ait) , sugar sucres of caramel with salted butter (7%) (sugar, glucose syrup, milk sweet concentrate, butter (ait) guerande salt), uefs (5%) , guerande salt,natural aroma, sodium carbonates lifting powder",France,EUwest
2.91E+14,Baked,"wheat flour, potato flakes (including sulfites), sunflower oil, glucose syrup, starch, aromatizing base olive oil and herbs (salt, yeast extract, dextrose, smallness powder, sugar, powdercheese (milk), herbs (basil, parsley, oregano), garlic, olive oil, aromas, coloring (curcumin)), lifting powders (sodium bicarbonate, calcium phosphate), emulsifying (soy lecithin)",France,EUwest
2.91E+14,5 minutes of terrine pasta in spinach cream sauce,"pasta (50%), cream powder (16%), wheat flour, iodine salt, melting cheese, spinach (1.9%), onions, turmeric, sunflower oil, yeast extract, flavors with milk, palm fat,, sugar",Germany,EUwest
2.91E+14,Pizza flours,wheat flour type 55,France,EUwest
2.91E+14,Fiber -rich brown rice,pre -cooked long -grain brown rice,Belgium,EUwest
2.91E+14,Artischken ravioli to artichokes,"artichokes (20%) , ricotta (20%) (fromage), wheat flour, semolina of wheat hard, eggs (10%) (outdoor breeding) , breadcrumbs (ble flour, yeast, kitchen salt), water, fromage amonggiano reggianodop, kitchen salt, butter , parsley, garlic, pepper, nutmeg",Switzerland,EUwest
2.91E+14,Vanilla cocoa cereals,"cereals (41%) (wheat flour, rice semolina), vanilla fodder (40%) (sugar, vegetable oils (sunflower, rapeseed), skim milk powder (2.8%) , whole milk powder (2.8%) , lactose,emulsifying lecithin (rapeseed), antioxidant extract rich in tocopherols, natural vanilla flavor), sugar, lean cocoa powder (2.8%) , lactrum powder, salt,traces of hull and soy fruit",France,EUwest
2.91E+14,Durum wheat tagliatelle and carrots,"durdy wheat semolina, carrot flour (3%)",France,EUwest
2.91E+14,Quinoa more organic,"red quinoa (25%), long pre -cuit brown rice (25%), white quinoa (25%), chickpea seeds (20%), graines de sesame dissected (5%)",France,EUwest
2.91E+14,Wheat bran organic,wheat bran (100%),Germany,EUwest
2.91E+14,Express Quinola,"garden quinoa with vegetable mix la icing ingredients white organic quinoa (77%) (water, quinoa), organic corn (5%) , organic-red peppers (5%) , organic heirs (5%) , organic carrots (5%) , blo sunflower oil, organic-basilikum, natural lime aroma, natural basil aroma, sea salt, organic cornstarch",Luxembourg,EUwest
2.91E+14,Spice,"sugar, french flour (gluten), almond powder, cream (milk), milk, egg whites, green anise (0.4%), spices (0.4%) (pepper, nutmeg, cinnamon, clove)",France,EUwest
2.91E+14,Taglioni with spinach,"durum wheat semolina (gluten), whole eggs pasteurized (18%) , water, powder spinach (1.4%), iodized salt,contains gluten, egg,possible nearness of traces of molluscs",France,EUwest
2.91E+14,Haferkleia,bio oat bran (100%),Germany,EUwest
2.91E+14,Tortelloni,"durum wheat semolina, water, beef (11%) (swiss), wheat flour, outdoor farming eggs, tomato puree, kitchen salt, rapeseed oil, aromatic herbs, beef extract, spices, dried tomatoes, yeast",France,EUwest
2.91E+14,Pizza Chicken,"wheat flour, tomato puree (23%), cheese (11%) (mozzarella, edam), marinated chicken breast (9.5%) (chicken breast, sunflower oil, salt, powdered tomatoes, spices, aromatic herbs, sugar, aroma), spinach, thick cream, rapeseed oil, tomatoes in pieces, corn, water, bakery yeast, salt, basil, sugar, modified starch, garlic, oregano, paprika, cayenne pepper, hydrolyzed vegetable proteins, maltodextrine, caramel,barley malt vinegar, barley malt extract, sweet wine, vinegar, aroma",Belgium,EUwest
2.91E+14,Liège waffles with pearl sugar,"wheat flour (33.4%), pearl sugar (25%), margarine (palm fat, rapeseed oil, water, emulsifiers lecithins (sunflower), mono and digycerides, salt, acidity corrector citric acid, natural aroma, coloring carotenoids, eggs , yeast, inverted sugar, stabilizing sorbitols, soy flour, salt, emulsifier lecithins (sunflower), aromas",Belgium,EUwest
2.91E+14,Apricot organic cereal bars,"cereals (42%) (rice , wheat , oats , blond cane sugar , barley malta syrup , sea salt),fruits (23%) (apricots (7%) (apricot , rice flour), grapes (sultanine grape , sunflower oil),hazelnuts , apples),wheat syrup ,disodored oleic sunflower oil (antioxidant rosemary extract),natural apricot aroma (apricot),honey ,icing sugar (cane sugar , potato starch),corn frozen flakes (corn , corn syrup , unrefined sea salt, soy lecithin),acacia gum ,lecithin of soybeans agricultural",France,EUwest
2.91E+14,Doblito,"cookies wheat flour (75%), cane sugar, vegetable fat (palm), quinoa blown (10%) (rice, quinoa (25%), amazon nuts, honey, lifting powders (sodium bicarbonate and ammonium bicarbonate), sea salt, vanilla,cocoa fodder (25%) , cane sugar, lean cocoa powder (24%), vegetable fat (palm), cocoa butter, honey",France,EUwest
2.91E+14,Golden Toast Körner,"weizen flour , water, wheat oxyic (wheat flour, water), sunflower seeds (5.5%) , rapeseed oil, hafer flakes , roggen flakes , flax seeds (2.8%) , wheat chimrot , yeast, gerstenmalzmehl , iweizweiss , sugar, salt regulator sodium acetate",Germany,EUwest
2.91E+14,Herrs Baked cheese curls,"corn meal, vegetable oil (one or more of the following corn, cottonseed, palm), maltodextrin, whey, salt, cheddar cheese (pasteurized milk, cheese culture, salt, enzymes), sunflower oil, nonfat milk, monosodium glutamate, sodium phosphate, artificial colors (yellow 6, yellow 5), butter, natural flavor, citric acid, lactic acid, and annatto",Germany,EUwest
2.91E+14,Shells and white cheddar macaroni and cheese,"organic pasta, dried cheddar cheese, whey, butter, nonfat milk, salt, sodium phosphate, silicon dioxide",France,EUwest
2.91E+14,Gazpacho Wit,"water, almond (5%) , bread crumb (wheat flour, water, salt, yeast), sunflower oil, vinegar, garlic (0.7%) , salt, stabilizer xanthan gum",Netherlands,EUwest
2.91E+14,Kamut shorts with chocolate chips,"khorasan kamut wheat flour (53%) , brown sugar and quot, drops dicoccolato (14%) (sugar , cocoa mass , cocoa butter , emulsifier sunflower lecithin), sunflower oil , corn glucose syrup and quot, hazelnuts in pasta , yeasting agents (ammonium carbonates, sodium carbonates), salt, from biological agriculture",France,EUwest
2.91E+14,Sugar and Vergeoise pie,"wheat flour (gluten), sugars (19%) , water, vergeoise (11%) , butter (ait), efs of hens raised outdoors, fresh cream (5%) (ait) , yeast, salt, ascorbic acid",France,EUwest
2.91E+14,Chestnut rice billets,"full rice, chestnut flour (40%)",France,EUwest
2.91E+14,Cultivated minnesota wild rice,wild rice,France,EUwest
2.91E+14,Boni selection crunchy pancakes,"wheat flour, cane sugar, margarine (oils and vegetable fats (palm fat, sunflower oil), water, salt, lemon juice), eggs, sunflower oil, soy flour, salt, emulsifier (e322, containssoy), natural aroma of vanilla,contains gluten, eggs and soy",Belgium,EUwest
2.91E+14,Tortelloni in a creamy spinach sauce,"water, organic tortelloni (10%) (organic hartweizengriess , water, organic tomato paste twice concentrated, organic potato flakes, organic sunflower oil, organic onions, organic carrots, organic sunflower hack, organic sunflower seeds, organic breadcrumbs (organic wheat flour yeast, salt), sea salt), pipe -ripe sugar, organic garlic, organic basil), organic  soya cuisine (sojabasis (water, organic peeled  soya -beans), organic sunflower oil, organic rice, emulgator (sojalecithin), stabilizer (organic guar kernel flour), sea salt), bio spinach (5%) , organic, organic tomatoes (0.5%) , sea salt, organic garlic, organic olive oil, organic pumpkin seeds, organic vegetable broth (sea salt, organic corn starch, vegetables (organic onion, organic sellerie , organic lauch, organic carrot, organic petinake), organic lovage), organic nut, organic sunflower oil, organic pepper, organic curcuma), organic corn starch, organic rapeseed oil, organic spices",Germany,EUwest
2.91E+14,Chocolate white crisp,"sugar, cocoa butter, whole milk powder (14.6%), hazelnuts, cream powder (5.5%), rice flour, lean milk powder, milk sugar, buttermilk powder, wheat protein, emulsifier lecithine (soy), wheat malt, salt, glucose, vanilla extract",Germany,EUwest
2.91E+14,Crunchy apple and honey,"oatmeal, flakes of wheat and  soya (ble ,  soya , raw sugar, fructose, table salt, orge malt), cornflakes (corn, table salt, malt of orge), sugar, cereal crispies (corn, rice, raw sugar, complete flour (ble , seigle , orge), malt of orge , cocoa powder, table salt), grapes (6%) (cotton oil), sunflower oil, coconut flakes,flour (ble , seigle , parts of apple (3%), honey (1%), milk skimmed powder, magnesium citrate, calcium citrate, vitamins (c, d, e, b1, b2, b6, b12, pantothelo acid, niacin,folic acid, biotin), table salt, aroma (vanillin)",Switzerland,EUwest
2.91E+14,To the egg Riccioli,"durum wheat semolina, outdoor farming eggs (20%) (italy)",Switzerland,EUwest
2.91E+14,Small Breton pancakes,"raw milk, wheat flour (gluten), eggs laying on the floor, sugar, sunflower oil, guerande salt (0.3%)",Switzerland,EUwest
2.91E+14,Cheese & Garlic Croutons,"enriched wheat flour (wheat flour, malted barley flour, niacin, ferrous sulfate, thiamine mononitrate, riboflavin, folic acid), canola oil, dehydrated romano cheese (part skim milk, cheese culture, salt, enzymes), salt, water, yeast, dehydrated garlic, natural butter flavor, dehydrated parsley, annatto color, ascorbic acid (vitamin c)",France,EUwest
2.91E+14,20 mini blinis,"water, wheat flour, rapeseed oil, skimmed milk powder, eggs on the ground with powdered soil, yeast, salt, stabilizing sorbitol syrup, lifting powders monocalcic phosphate and sodium acid carbonate, emulsifier lecithin of soy lecithin, sugar, acidifying citric acid, preservative potassium sorbate, antioxidant ascorbic acid",France,EUwest
2.91E+14,Hazelnut macaroons,"sugar, hazelnuts (41%) , water, egg white powder (ground farming), rice flour",Switzerland,EUwest
2.91E+14,Porridge Klassik,"oatmeal (48%), milk sugar, milk protein, fructose, glucose syrup dried, corn thickness, vegetable oil (sunflower), milk fat powder, dining salt, aroma",Germany,EUwest
2.91E+14,Rummo capellini nr.: 1,higher quality hard -haired semolina,France,EUwest
2.91E+14,Mixture Quinoa Boulgour Bio Monoprix,"boulgour de wheat hard (80%), red quinoa (20%)",France,EUwest
2.91E+14,Porridge Bratapfel,"oatmeal, raisins, dried apple pieces (9%), almonds (9%), cinnamon, cloves",Germany,EUwest
2.91E+14,Cranberrys and Chia bar,"dates, oats, butter, cranberry (15%) , chia seeds (8%) , sea salt flake",France,EUwest
2.91E+14,Mybioscore Pizza,"t80 wheat flour , oatmeal , deodored oleic sunflower oil (antioxidant rosemary extract), grated emmental , spices (4.4%) (oregano , basil , garlic , onion , sweet paprika , powdered tomato , red pepper powder), acacia gum , unrefined sea salt",France,EUwest
2.91E+14,Cheez it crackers,"whole wheat flour, enriched flour (wheat flour, niacin, reduced iron, vitamin b1 (thiamin mononitrate), vitamin b2 (riboflavin), folic acid), white cheddar cheese (milk, cheese cultures, salt, enzymes), soybean oil with tbhq for freshness, salt, calcium carbonate, paprika, yeast, paprika oleoresin for color, turmeric extract for color, annatto extract for color, bht for freshness, vitamin a palmitate, soy lecithin",France,EUwest
2.91E+14,Pan Tostado - Sesame Fleet Grilled Bread,"complete wheat flour (50%), wheat flour, sesame seeds (3.4%), yeast, glucose-fructose syrup, oleic sunflower oil wheat gluten (2.4%), salt, flourmalted wheat and flour treatment agent (e300)",France,EUwest
2.91E+14,Len-Quini-Tomate,"water, tomatoes (16%), quinoa (15%), rapeseed oil, native linseed oil made of gold liner (8%), lemon juice, linen flour (4%), onions, mandel flour , sea salt, potato thickness, corn starch, dextrose, spices (garlic, oregano, basil, sellerie , pepper), pipe folding sugar, spice oil",Germany,EUwest
2.91E+14,Wok vegetable noodles,"presey pasta pasta (34%) (ble hard semolina, white egg , water),sauce vegetables (23.5%) (orange and yellow carrots, red peppers, black mushrooms), water, sunflower oil, sugar, aromes (gluten), salt, emulsifiers e471, e472e, thickening e412, curcuma",France,EUwest
2.91E+14,Walnut pasta,"hard wheat semolina, spelled grain semolina, franconian walnut flour (10%)",Germany,EUwest
2.91E+14,Fry,"water, vegetable proteins (16%) (peas, sunflower, oat), rapeseed oil, prunes, tomato puree, pea fibers, spices (contains mustard), red area, red wine concentrate (contains sulfites), vinegarred wine, apple vinegar, corn starch, brown sugar, alcohol vinegar, sugar, yeast extract, salt, vitamin b12",Germany,EUwest
2.91E+14,Bio spelled pizza dough vegan,"spelled flour , water, yeast , baking powder (corn starch , tartar, sodium), olive oil , rice flour , barley salt , stone salt, acerola cherry juice powder , ingredients from controlled ecological agriculture",Netherlands,EUwest
2.91E+14,7 grains breakfast,"whole grain wheat flour (88%), whole grain oatmeal (2%), rice flour (2%), whole -grain barley (2%), rye flour (2%), corn flour (2%), whole -grain millet flour (2%), salt",Netherlands,EUwest
2.91E+14,Small Chinese chocolate chips,"pastry cream (35%) (water, sugar, transformed starch, fresh egg whites (3.5%), whole milk powder, lactoserum powder, natural aromas including vanilla, maltodextrin, thickening (xanthan gum), coloring (coreta carotene)), french blue flour (34%) , chocolate chips (8%) (sugar, cocoa paste, cocoa butter, natural vanilla flavor, emulsifier (sunflower lecithin)), sugar, rapeseed oil, fresh eggs (3.5%) , inverted sugar syrup, yeast, gluten of ble, salt, natural aromas (contains alcohol), emulsifier (e471), preservative (calcium propionate), milk proteins, disabled yeast, coloring (beta carotene)",France,EUwest
2.91E+14,Croc'choc,"cereals (51.6%) (corn flour, complete wheat semolina, wheat sound, oatmeal), dough to hazelnut and cocoa (40%) (sugar, 2 hazelnut (16%), coconut oil, milk powderskimmed, sunflower oil, cocoa powder (7%), emulsifier sunflower lecithin), cane sugar, salt",France,EUwest
2.91E+14,The twisted gruyère aop & onion,"wheat flour, aop gruyere cheese (13%), olive oil, yeast, salt, red onion in semolina (1%), skimmed milk powder, sugar, rising agent (sodium bicarbonate), acerola powderon cassava starch",Switzerland,EUwest
2.91E+14,Jordans crunchy granola,"complete oatmeal (74%), sugar, dried fruit and nuts (9%) (raisins, tapered almonds), vegetable oils (rapeseed oil, palm oil), honey (1%), seeds of seedssunflower, natural aroma",Belgium,EUwest
2.91E+14,Organic bee bread,bee bread,France,EUwest
2.91E+14,Easy Cook Noodles,"wheat flour, palm oil, salt",France,EUwest
2.91E+14,Assortment of 4 Astruc dry ovens,"sugar, wheat flour, concentrated butter colorful chopped almonds,carotenoids (13%)) (skimmed in powder, salt, vanillin sugar (sugar 8lut% l), aromas baking soda had contained traces of soybeans",France,EUwest
2.91E+14,Ardèche chestnut flour,chestnut,France,EUwest
2.91E+14,Melbatoast,"wheat flour, salt, emulsator (sodium stearoyl-2-lactylate (e481), sojalecithin (e3221), yeast, flour improver (ascorbin acid (e300)), barley malt,g",Belgium,EUwest
2.91E+14,The Trouvillais Lemon Almond,"wheat flour, sugar, normandy butter (24%) , lemon cubes (5%) (apple puree and juice of apple, lemon concentrated juice, citrus fibers, gelifier pectins, natural lemon aroma), almonds (5%), creme fraicheaop (5%) , powder egg yolks, natural lemon aroma, sea salt, skim milk, whole eggs",France,EUwest
2.91E+14,Full rice cake,"complete organic rice (99.7%) , sea salt",Switzerland,EUwest
2.91E+14,Full crisp bread,"full crushed rye (80%) , complete rye flour (15%) , kitchen salt",France,EUwest
2.91E+14,Rye fully grain bread with sunflower seeds,"cereal products (rye full grain meal, full rye flour), water, natural sauerteig (rye -ranging, water), sunflower seeds (5%) , oatmeal, salt unimposed, malt extract (barley), wheat germ, sugar beet syrup, yeast",Austria,EUwest
2.91E+14,All Butter Shortbread Fingers,"fortified wheat flour (wheat flour, calcium carbonate, iron, niacin, thiamin), salted butter (32%) (butter (milk), salt), sugar, raising agent ammonium carbonate",France,EUwest
2.91E+14,Choco bread 3 Meunier X10,"wheat flour, butter, chocolate (sugar, paste and cocoa butter, soy lecithin), sugar, yeast, salt, wheat gluten, coloring carotenoids, emulsifier e470, whole milk, gilding, processing agent e300, eggs, enzymes",France,EUwest
2.91E+14,Bénénuts Twinuts original,"peanuts (38%), rice flour, starch (wheat and corn), sunflower oil, sugar, flavoring salted taste (aromas, onion powder, spices and herbs, acidifying (citric acid)), salt, caramelized sugar",France,EUwest
2.91E+14,Oreo biscuit golden,"wheat flour, sugar, rapeseed oil, palm oil, glucose-fructose syrup, wheat starch, raising agents (sodium carbonates, ammonium carbonates), salt, emulsifiers (soya lecithin, sunflower lecithin), flavourings",France,EUwest
2.91E+14,Wheat flour flour,soft wheat flour,France,EUwest
2.91E+14,Goji coconut protein balls,"dates, cashews, rice starch, grape juice concentrate, desiccated coconut, dried goji berries, pea powder protein, rice powder protein, cacao powder, chia seeds, red berry flavouring",France,EUwest
2.91E+14,SteinoFenpie Margaret,"pizzabodes (weizen flour , water, rapeseed oil, yeast, sugar, dining salt, olive oil), tomato sauce (30%)tomato puree (95%), rapeseed oil, dining salt, sugar, spices, herbs, olive oil), edamer (6.7%), mozzarella (6.7%),herbs",Germany,EUwest
2.91E+14,Speeding with spelled,"spelled flour (32%) (gluten) (triticum spelta), cane sugar blond, eggs , sunflower oil , lupine flour , emulsifier sunflower lecithin, lifting powders (potassium tartrates, sodium carbonates, ammonium carbonates), salt, natural vanilla aroma",France,EUwest
2.91E+14,Soft cake raspberry,"sugar, glucose-fructose syrup, raspberry juice based on concentrated juice (14%), wheat flour, cocoa paste, whole egg (6%), palm grease, cocoa butter, stabilizing (sorbitol syrup), wheat starch, gelling (pectin), acidifying (citric acid), emulsifiers (e471, lecithins (soy), natural aroma, tapioca starch, lifting powders (ammonium acid carbonate, sodium acid carbonate), correctoracidity (sodium citrates), kitchen salt, natural vanilla aroma",Switzerland,EUwest
2.91E+14,24 -sliced ​​sack bread,"flour ble, water, yeast, salt, dextrose, wheat gluten, rapeseed oil, curator e282, flour treatment agent e300.traces of milk and oeufs",France,EUwest
2.91E+14,Lot Spaghetti Pasta X3,"durum wheat semolina, water",France,EUwest
2.91E+14,Gallo Harina Mix Sin Gluten,"maize starch, rice flour, potato flour, modified potato starch sugar, thickeners (e412, e464, e401, e440), raising agents (e575, e500), iron, vitamins (thiamine, riboflavin, niacin, b6, folic acid)",France,EUwest
2.91E+14,Italian Bakery Tramezzini,"wheat flour, water, yeast, palm oil, salt, soy flour, beer yeast, dextrose",France,EUwest
2.91E+14,Breton peasant - 6 butter -sucking pancakes at brown sugar,"crepe (86%) (flour of wheat (28%) , milk fresh pasteurized (20%) , sugar, eggs whole pasteurized (14%) , bereur rere fresh (4.9%) , dextrose, salt), garnish (14%) (sugar ofcane (8.4%) , bereur pastry chef (5.6%) )% ages expressed on the garnished pancake, eggs of hens high air",France,EUwest
2.91E+14,Cittle multi -cercerated sandwiches,"rice flour , buckwheat flour , quinoa , red cane sugar , sea salt",France,EUwest
2.91E+14,"Brezeling bakers, gluten -free","water, cornstarch, rice flour, buckwheat flour, psyllium husk, apple fiber, rapeseed oil, yeast, sugar, salt, thickener hydroxypropylmethyl cellulose and sorbitol,sea agent pure wine stone,baking agent soda,acid regulator calcium acetate,brezell eye (water, acid gulk sodium hydroxide)",Germany,EUwest
2.91E+14,Donuts au Sucre,"flour of wheat , water, oils and vegetable fats (palm, rapeseed), sugar (9%), yeast, salt, emulsifiers (e471-e472e-e481), gluten , lifting powder (e450i-e500ii), dextrose, stabilizing (e412), lactoserum powder, glucose syrup, lactose , thickening (e415), aroma, lemon juice",France,EUwest
2.91E+14,Round puff pastry,"wheat flour, water, palm fat, sunflower seed oil, ethyl alcohol, salt, concentrate lemon juice, baking powder",Belgium,EUwest
2.91E+14,L’aperitif gourmet provençal Croquets,"wheat flour, milk, black nyons olives (11%) , black olives in the mediterranean basin, eggs, almonds, small spelled flour from mont ventoux, sugar, natural lifting powder (wheat starch, sodium bicarbonate, monopotassic tartrate), salt,wheat flour, provence tomatoes (27%) , eggs, milk, almonds, small spelled flour from mont ventoux, sugar, aop parmesan, extra virgin olive oil, salt, onions, black olives, igp balsamic vinegar, garlic, espelette aop pepper (0.2%) , coriander, rosemary, thyme, pepper, natural lifting powder (wheat starch, sodium bicarbonate, monopotassic tartrate),wheat flour, milk, provence basil (17%) , pistou (14%) (provence basil (46%) , sunflower oil, olive oil, garlic, aop parmesan (2%), pine nuts, salt, lemon juice, pepper), egg, almonds, parmesan aop (9%) , little spelled flour from mont ventoux, sugar, salt, garlic, natural lifting powder (wheat starch, sodium bicarbonate, monopotassic tartrate)",France,EUwest
2.91E+14,Cereal flakes,"cereals rice (63%), complete wheat (21%)), sugar, wheat gluten, wheat germs, salt, barley malt, a skimmed powdered, vitamins (b1, b2, b3, b6, b9, b12,c), iron, emulsifier (e471), aroma,source of fiber",Belgium,EUwest
2.91E+14,Provencal pancakes,"complete hydrated wheat flakes 39.9 g), rice complete cooked 31.2 g), oatmeal complete hydrated 19.9 gm, tomato coulis , complete wheat flour 10.4 g (and quot,), disodored sunflower , aromatic plants (basil , parsley), garlic , powder tomato , sea salt, provence herbs",France,EUwest
2.91E+14,Biological durum wheat semi-complet,ble hard semolina,France,EUwest
2.91E+14,Trianon 12-16p,"sugar, cream, cocoa paste, hazelnut (9%), half-ripped milk, egg white, wheat flour, cocoa butter, skim milk, vegetable oil (palm, palmist), whole powdered milk, almond (1%),anhydrous, emulsifier (e322 (soy), e471, e433, e476), lean cocoa in powder (butter), cocoa powder, lactose, milk proteins, egg yolk, skimmed milk powder powder powder, lifting powder (e500), barley malt extract, stabilizing (e407), yeast, coloring (e160a), dacid corrector (e501 (i), e526)",Belgium,EUwest
2.91E+14,Organic wheat flour,ble type 55 flour,France,EUwest
2.91E+14,Almond cake flavor of yesteryear,"cane sugar (53%) , raw almonds powder (31%) , ble, full wheat flour (5.6%) , lifting powder (diphosphates and sodium carbonates), thickening (cellulosic gum), antioxidant (rosemary extracts)",France,EUwest
2.91E+14,Pave almost,"wheat flour, water, salt, yeast, wheat gluten, dehydrated and devitalized wheat sourdough, roasted wheat malt, malted wheat flour, emulsifier e471, flour treatment agent ascorbic acid",France,EUwest
2.91E+14,Organic butter puff pastry - Biologik,"t65 wheat flour, water, butter (23%), guerande salt, concentrated lemon juice",France,EUwest
2.91E+14,Sweet puff pastry,"flour, butter, sugar, salt",France,EUwest
2.91E+14,Rati Rigati,"durum wheat semolina, water",Switzerland,EUwest
2.91E+14,Outside man - cheesecake,"wheat flour (gluten), non-hydrogenated palm fat , refined gouda cheese (18%) (milk) , yeast , powdered milk , sea salt, egg , onion , controlled organic crop spices",France,EUwest
2.91E+14,P'tit deli pancakes strawberry,"sugar ,wheat flour,whole milk (11%) ,concerned strawberry puree (10%) (fruit equivalent (15%),glucose syrup,fresh eggs (8.9%) ,stabilizing glycerol,dextrose,concentrated butter,salt ,wheat gluten,gelifier pectins,natural strawberry aroma with other natural aromas,acidity corrector e331,acidifying citric acid,traces of hull fruit",France,EUwest
2.91E+14,Mini Cookies,"t65 wheat flour, dark chocolate (25%) (cocoa paste, cane sugar, cocoa butter, vanilla extract), red cane sugar, vegetable fat (sunflower oil, cocoa butter and quot , emulsifier sunflower lecithins, lemon juice), chocolate chip cane sugar and quot (10%), pate de cocoa, cocoa butter), lean cocoa in powder, lifting powders (ammonium carbonates and sodium carbonates), sea salt, cocoa extract",France,EUwest
2.91E+14,Instant Noodles Flavor Beef,"noodles (89.23%) soft wheat flour (70.4%) , palm oil, salt, antioxidant extract rich in tocopherols,seasoning (10.77%) salt, maltodextrin, tender wheat flour, sugar, powdered yeast extract, powdered onion, aroma, colors ordinary caramel,paprika extract, powder garlic, sunflower oil, hydrolyzed soy proteins, taste enhancers e627,e631, dried red pepper (0.05%) , dried chives (0.02%) , acidity corrector citric acid",France,EUwest
2.91E+14,Sarasin chips with Guérande salt,"buckwheat flour (60.9%), sunflower oil (38%), guerande salt (1.1%)",France,EUwest
2.91E+14,Crispbread sesame oil and seasalt,"potato thickness, sesame seeds (9,296), amarantol, rice flour, fiber made of cane, sugar, rice flour, water) emulgator (mono and diglycerides of food acids), hetet, thickening means hydroxypropylated rice stimulus, salt, salt 70 can traces of milkcontain",Germany,EUwest
2.91E+14,Pizza four cheeses,"wheat flour, tomato puree (20.6%), edam (11%) (milk, salt, lactic ferments, microbial coagulant), mozzarella (11%) (milk, salt, lactic ferments, microbial coagulant), water, fresh cream, emmental (4.4%) (milk, salt, lactic ferments, microbial coagulant), rapeseed oil, cream, blue cheese (0.8%) (milk, salt, lactic ferments, microbial coagulant, mold crops), sugar, salt, starch, yeast,aromatic plants, spices, dextrose, wheat starch, garlic",Belgium,EUwest
2.91E+14,Tortilla Wraps,"wheat fabric flour , wheat flour , water, stabilizer (glycerin), rapeseed oil, dining salt, sugar, baking agent (sodium carbonates), acidic agents (apple acid), preservatives (potassium sorbat, calcium propionate), emulsifier (mono and dining acids),)",Switzerland,EUwest
2.91E+14,Coco sprouted cereal macaroons,"graised buckwheat (36.2%) , coconut (27.4%) , rice syrup, water, sunflower oil, sea salt, biological",France,EUwest
2.91E+14,Turron Imperial de Cacahuete,"peanut (38%), sugar, glucose and fructose syrup, egg white, wafer (potato starch, sunflower oil), wafer as coating on the surface",France,EUwest
2.91E+14,Belgian chocolate cork waffles,"wheat flour, sugar (18%), vegetable oils (palm, rapeseed), chocolate (13%) (sugar, cocoa paste, cocoa butter, butyric fat (milk), emulsifiers (lecithins (soy), e476)), glucose glucose syrup-fructose, eggs of hens raised on the ground, yeast, emulsifiers (mono-and diglycerides of fatty acids, stearroyl-2-sodium lact, lecithins (soy), salt, aroma",France,EUwest
2.91E+14,Ravioli 5 formaggi,"durum wheat semolina, free-range egg (12%), milk, breadcrumbs (wheat), whey powder, whey, water, sunflower oil, milk protein, dietary fibre (bamboo, psyllium, pea), potato starch, salt, yeast extract, natural flavouring (milk), acidity, cream, rennet, acidity regulator (citric acid), blue mould culture, preservative (egg lysozyme)",France,EUwest
2.91E+14,RIZ around dessert,superior quality round rice,France,EUwest
2.91E+14,Guérande salt cake chips,"ble black flour (62%) , sunflower oil, guerande salt (2.4%)",France,EUwest
2.91E+14,The Eiffel Tower,"galettes wheat flour, sugar, bereur pastry chef (20%) (i,e, in reconstituted butter (24%)), eggs , salt, lifting powders ammonium carbonate, sodium carbonate, diphosphate, malt (orge), white of efs , milk skimmed, stabilizing sorbitol, colors e150c, e160a, thickening gum arabic,palet wheat flour, bereur pastry chef (27%) (or in reconstituted butter (32%)), sugar, eggs , white of efs , salt, powder to lift diphosphate, sodium carbonate, malt (orge), coloring e160a",France,EUwest
2.91E+14,Barre proteinee,"mixture of vegetable proteins (raw pea proteins , full rice proteins germinated agave, soluble tapioca fibers sunflower seeds , dark chocolate (cane sugar paste of cocoa bertre, vanilla) millet seeds ,cocoa feves, cocoa dough powder sunflower oil, raw quinoa bass, brown rice syrup , citrus pectin concentrates juice, natural vanilla paste, non -refined sea salt suspic",France,EUwest
2.91E+14,Oatmeal cookies,"wheat flour (45.2%) , oat sound (35.7%) , red cane sugar, rapeseed oil, natural aromas, lifting powders (citric acid, sodium carbonates, ammonium carbonates), emulsifying lecithins ofrapeseed, sea salt, milk proteins, cinnamon",Switzerland,EUwest
2.91E+14,Cream delights,"wheat flour, sugar, sunflower oil, pasteurized eggs, pastry cream (18%) (pasteurized eggs, corn starch, sugar and coloring (caroten) l, invert sugar (water, sugar and citric acid), geeures (carraghenanes and gumxanthan), lifting powders (e-450i5 esooii), powdered milk, humouts (sorbitol and glycerin), preservatives (sorbic acid, potassium sorbate), acidifying (citric acid), salt, aroma (vanilla, butter and lemon)and dyes (caroten)",France,EUwest
2.91E+14,Ravioli with summer truffles,"paste (55%) (durum wheat flour), eggs ,farce (19%) ricotta (45%) (whey, cream of milk, salt), edamer (milk, lactic ferments, salt, rennet), butter, latiere preparation (milk proteins, vegety fats (palm) water, salt), breadcrumbs (tender wheattype and quot, 0 and quot, water, salt, yeast), powdered milk, dirt flakes (potatoes apples, emulsifier mono and acid diglycerides e471), grana padano (milk, rewarding salt, conservative egg lisozima), summer truffle (4%) (tuber aestivum, truffle juice, salt powder, salt, vegetal fiber, spices, aromas (contribution of taste enhancer monosodic glutamate, guanylateof sodium and inosidate",France,EUwest
2.91E+14,The brioche rolled,"brioche with chocolate fodder yellow powder powder powder sugar (40%), chocolate powder sugar (6.5%), cocoa brown), egg pastry butter (3.5%) , invert sugar syrup rice flour, water, whitesfresh eggs icing sugar (1.8%) (sugar, potato starch), transformed starch, aromas, egg planch powder (0.5%) , lean powder, palm grease, ois proteins, powdered lactrum, whole cocoa powder, whole cocoa powder,maltodextrine, thickened aroten), milk (colored beta (anthane gum), natural aroma), wheat flour (1%) , butter, fresh eggs (4.5%) , sugar, rapeseed oil, sugar syrup nverte, yeast, flourthermisted blot, wheat gluten, salt, natural aroma (contains aroma, milk, alcohol), storage proteins (e471), disabled coloring (beta carotene),intolerant this product is",France,EUwest
2.91E+14,Crozet sarrasin,"organic buckwheat white semolina, organic buckwheat flour (40%)",France,EUwest
2.91E+14,Beef raviolini,"pates (55%) soft wheat flour (58%) , eggs (18.5%) , dr wheat semolina (45%) beef (28%) , prepared beef (beef, salt, dextrose, natural aromas, conservative e250, e251 break (soft wheat flour type ss, yeast, salt), wine (contains sulfites), onion gr cheese (9%) (milk, salt, rennet, preservative egg lysozyme), sunflower oil, garlic, aromatic plants nutmuscade e (0.04%), pepper (0.04%), salt, yeast extract",France,EUwest
2.91E+14,Butter cookie,"white flour (wheat), butter (30%) (europe), sugar, wheat starch, glucose syrup, whole eggs in powder (floor eggs on the floor), kitchen salt, lifting powder (e 503), hazelnuts, hazelnuts, hazelnuts, hazelnuts, hazelnuts, hazelnutsalmonds",Switzerland,EUwest
2.91E+14,Special paella rice,halflonger rice of superior quality,France,EUwest
2.91E+14,ARN SCOTCH FINGER,"wheat flour, sugar, butter (cream (from milk), salt), vegetable oil (antioxidant (e307b from soy)), starch (wheat), condensed milk, salt, eggs, baking powder, contains wheat, gluten, egg, milk, soy",France,EUwest
2.91E+14,Carrot Cake,"icing sugar mixture (sugar, maize starch), rehydrated carrot (13%), walnuts (10%), caster sugar, neufchatel cream cheese (milk, cream, milk solids, salt, vegetable gum (410), food acid (270), starter culture), bakers flour (wheat flour, thiamine, folic acid), sour cream (pasteurised cream, pectin, milk solids, sour cream cultures), canola oil, whole egg, unsalted butter, apple puree (apple, ascorbic acid (300)), natural flavour, natural vanilla flavour, sodium bicarbonate (500), baking powder (mineral salt (450, 500), wheat flour), salt, lemon juice (preservative (202), cinnamon ground, mixed spice (coriander, cinnamon, cassia, ginger, cloves), ginger",Switzerland,EUwest
2.91E+14,Dinel Kususle Casao-Zimic,"dinkel full grain flour (30%) , corn grine, sugar, rice flour, strength, cocoa powder (2%) , glucose, cinnamon (0.8%) , salt, natural vanilla aroma",Germany,EUwest
2.91E+14,Blue tender to germinate,wheat,France,EUwest
2.91E+14,DIMA CREATIONS DIMA DAMA TORTONESI almond,"wheat flour, sugar, concentrated butter, almonds (16%), chocolate (8%) (cocoa paste, sugar, cocoa butter, emulsifiers soy lecithins, aromas), vanillin",Switzerland,EUwest
2.91E+14,Dark chocolate Digestives,"fortified wheat flour (wheat flour, calcium carbonate, iron, niacin (b3), thiamin (b1)), plain chocolate (27%) (sugar, cocoa mass, cocoa butter, butter oil (from milk), emulsifier (soya lecithins), flavouring), palm oil, wholemeal wheat flour, sugar, demerara sugar, partially inverted sugar syrup, raising agents (sodium carbonates, ammonium carbonates), salt",France,EUwest
2.91E+14,Express Langkorn & Wildreis,"steam-colored lace-long grain rice (88%), steam-colored wild rice (10%), sunflower oil",Switzerland,EUwest
2.91E+14,Delights with tomatoes and mozzarella,"water, crushed tomatoes (21%) , wheat flour (15%), sunflower oil, mozzarella (6%) (cheese) , dirty whole egg (outdoor spray eggs), corn starch, onion, tomato puree (3%) , small powdered, breadcrumbs (wheat flour, kitchen salt, yeast), basil (0.7%), iodine kitchen salt, sugar, spices, aromas (contains gluten)",Switzerland,EUwest
2.91E+14,Crunchy almond granola,"oats (48%), raw cane sugar, spelt (wheat) flakes, sunflower oil, barley flakes, roasted almonds (5%), rice flour, puffed wheat, wheat flour, rye flour",Belgium,EUwest
2.91E+14,Panini Rolls gluten-free WHEAT-FREE LACTOSE-FREE,"water, maize starch, maize flour, apple fibre, rice flour, dextrose, thickener (hydroxypropyl methylcellulose), soya protein, sunflower oil, yeast, salt, acids (tartaric acid, citric acid)",Germany,EUwest
2.91E+14,Vollkorn Spaghetti no 3,organic fully grain hard wheat semolina (100%),Germany,EUwest
2.91E+14,6 small organic wheat pancakes,"whole milk , whole eggs , blue flour (23%), cane sugar , black wheat flour , sunflower oil , guerande salt",France,EUwest
2.91E+14,"Tortelloni Parmigiano Basilico, Paquet de 250 Grammes, Marque Antica Pasteria","durum wheat semolina, ricotta cheese (petit milk , creme , sel), eggs (outdoor hens), basil (11%) , chapelure (froment flour, water, salt), potato flakes, parmigiano reggiano 3, (5%) , sunflower oil, petit milk , spinach, virgin olive oil, salt",France,EUwest
2.91E+14,Ungeful long grain rice fast cooking 10 min baking bag,long stake grain rice (100%),France,EUwest
2.91E+14,Tortellini Basil and Parmesan,"durum wheat semolina, water, blanc cheese (5.5%) (milk, whole eggs, sunflower oil, ricotta (2%) (whey (milk, cream (milk, milk, salt, acidifying citric acid), potato flakes, fresh cream (milk), amonggiano reggiano (1.5%) (milk, salt, rennet), basil (1%), iodized salt (salt, potassium iodate), modified starch of but waxy, garlic, sugar, spices, aroma,coming from hens raised to the ground",France,EUwest
2.91E+14,Fruit pucks,"flour of wheat , fantasy with cocoa (22%) (sugar, vegetable fats (coconut, palm, palm, sunflower, sbea, rapeseed) in variable proportions, cocoa powder, stabilizing e492, emulsifier lecithin of  soya , aroma vanillin),vegetable fats (palm, coconut), rapeseed oil, sugar, apple and apricot pieces (6%) (sugar, apple and apricot concentrated puree, mummer e422, wheat fiber, palm grease, gelling e440i, acidity corrector e330), eggs , salt, lifting powder e500ii, e450i, acidity corrector e170, starch of wheat , aroma, coloring e160b",France,EUwest
2.91E+14,Mochi,"standing rice, red beans, sugar, starch, corn syrup, starch, salt, sorbitol, ester, flour",France,EUwest
2.91E+14,Cherry and cereal bananas bar,"banana flakes (29%) , apple juice concentrated with reduced acidity (14%) , flour of avoine complete (13%) , flakes of wheat molus (11%) , concentrate of grape juice , milk skimmed powder (6%) , concentrate of cherry juice (5%) , vegetable oil not hydrogenated (palm oil), azyme paper (ble , starch , carrot juice concentrate), aronia juice concentrate",France,EUwest
2.91E+14,"My Caramel Picot Sweet Cereals, 400 g - from 8 months","injeid (znts flour of cereals (65%) (wheat (46%), but (15%), rice (4%)), maltodextrin, sugar, caramel (2%), minerals (calcium carbonate, ferrous sulfate),vanillin, emulsifier (tuning lecithin), vitamins (c, a, bi, b12, 86)",France,EUwest
2.91E+14,Express Quinoa - Blanc & Rouge,"white quinoa (83%) , red quinoa (15%) , sunflower oil , guerande salt ,",France,EUwest
2.91E+14,Milk and cinnamon rice - spelled cookies,"spelled flour (50%) , spelled flakes (25%) , sunflower oil, rice (8%) , sugar, whole milk powder (2.5%) , wheat fiber, table salt, barley malt extract, yeast, wheat germs, cinnamon, baking agent sodium carbonates, vitamins (b1, b2, niacin, b6, folic acid)",France,EUwest
2.91E+14,Milk chocolate mini-cookies,"bluen flour (gluten), butter (25.6%) (milk) , chocolate chocolate nugget (21.7%) (sugar, cocoa butter , whole powdered milk, cocoa paste), sugar , aromavanilla natural , guerande salt",France,EUwest
2.91E+14,"Italian pasta with durum wheat semolina, tomatoes and spinach","durum wheat semolina, powdered spinach (0.4%), powdered tomatoes (0.4%),the product",Switzerland,EUwest
2.91E+14,Organic cups,"complete oatmeal (64%) , cane sugar, coconut oil, chocolate (4.5%) (cocoa paste, cane sugar, cocoa butter, emulsifier sunflower lecithin), puffed rice bodies (rice flour), maltodextrin, rice syrup, cocoa powder, rice flour, sea salt",France,EUwest
2.91E+14,Full rice cake,"full round rice (84.8%) , amaranth (5%) , millet (5%) , buckwheat (5%) , sailor salt",Belgium,EUwest
2.91E+14,Organic butter,"white flour (wheat (switzerland, europe, north america)), water, butter (7%) (switzerland), whole egg, skimmed milk powder, yeast, iodized kitchen salt, wheat gluten, powder of powder, sugar sugar, whole milk powder, acerola powder, cassava starch, wheat flakes, amylases, ethanol",Switzerland,EUwest
2.91E+14,6 Black Ble Galets Le Galloudec,"black wheat flour, coarse salt, water",France,EUwest
2.91E+14,Hanuta Brownie Style,"sugar, palm oil, weizen flour (14%), low -fat cocoa (12%), mager milk powder (10%), sussmolkenpulver , butter , cocoa, aromas, haselnuts , emulgator lecithine (soy ydrogen carbonate",Germany,EUwest
2.91E+14,"Nature’s Finest Superfood Muesli: Goji, Bee pollen, Cacao, Coconut & Chia","oat flakes (40%), wheat flakes (18%) (wheat, barley malt extract), coconut chips (cocos nucifera) 1 buckwheat (8%) (70), sunflowerseeds (7%), white mulberry (7%) (morus alba), grapes sultanas (5%), goji berry (lycium (3%), cocoa nibs (2%) (theobroma cacao), chia seed (2%) (salvia hispanica), bee pollen (iz), gtown,contains sesame and naturally present sugars",France,EUwest
2.91E+14,Les P'tits curious bars cookies choco hazelnuts,"wheat flour (35%) , red cane sugar , sunflower oil , full wheat flour (10%) , chocolate chips (7%) (cane sugar , cocoa paste , cocoa butter), hazelnuts (6%) , oatmeal (5%) , butter (milk), wheat syrup , egg , lifting powders (ammonium carbonates, sodium carbonates, calcium phosphates), acacia fibers, antioxidant extractsrosemary",France,EUwest
2.91E+14,Crunchy müsli,"full cereals (67%) (full barley, full oats, full rye), dates, sunflower oil, apple (4%), wheat flour, banana puree, carrot (3%), raspberry (1%), natural aromas, salt, barley malt extract",Germany,EUwest
2.91E+14,Crispybread dunkel,"corn flour, rice flour, teffmehl (20%) , buckwheat flour (10%) , pea fiber, salt, apple extract",Germany,EUwest
2.91E+14,Land bread wheat mixed bread,"wheat flour (60%) , water, natursauer dough (rye flour, water), yeast, salt, rapeseed oil, malt malt flour, wheat glue, wheat source flour, glucose",Switzerland,EUwest
2.91E+14,Tu-Nah pizza,"wheat flour, tomatoes (23.6%), vegan fishing set with arable bean protein and sea algae (9.1%) (water, rapeseed oil, textured arable bean protein (1.1%), sea algae sl 1 (1.1%),1 at (sea spaghetti, winging), tomato paste,branding, le haferhalmfaser, capers, lemon juice made of lemon juice concentrate, ca dye (calcium carbonate), natural aroma, salt, modified (b strength, coloring food (beetroot powder), spices (thickener flour, xanthan)), vegan covering with rice preparation (8.6%)rice preparation (4.0%) (water, germinated rice, apple cider vinegar, salt), water, coconut fat, sunflower oil, ve sp oil gu oli wi tomato slices, red onions (4.0%), olive oil, salt, sugar, sugar,hefe, in ll cr st citric juice, oregano extract, thickener (rubber arabicum, xanthan, johannisbrotkernmehle)), water, malt preparation (5.1%) (barley malt extract, wheat malt flour)",Germany,EUwest
2.91E+14,Small chocolate and guerande salt squares,"wheat flour , butter (22.5%)  , red cane sugar, dark chocolate chips (10.5%) (cane sugar, cocoa paste, cocoa butter), dark chocolate (4%) (cocoa paste,cane sugar, cocoa butter, vanilla extract), lean cocoa powder, egg -powder yolk, guerande sailor salt, cocoa extract",France,EUwest
2.91E+14,Complete semolina butterfly of durum wheat 500 gr,"complete organic wheat semolina , water, biological ingredients",France,EUwest
2.91E+14,Cornflakes unsweetened,"corn (99.9%) , separation agent lecithin from biological agriculture",Germany,EUwest
2.91E+14,Tier,"full grain flour (47%) , coconut riper (16%) , pipe -rip sugar , margarine (palm fat , water, sunflower oil , lemon juice concentrate), full grain flakes (4.7%) , barley malt extract , apricot , rice flour), baking powder , from ecological farming",Belgium,EUwest
2.91E+14,Food solutions - Pain de mie nature,"wheat flour, water, rapeseed oil, sugar, yeast, aroma (contains alcohol), salt, wheat gluten, preservative e282, bean flour, emulsifier e471, e472e, agent for processing flour e300",France,EUwest
2.91E+14,Falafel couscous with vegetables,"vegetables (39%) (peppers, tomatoes, carrots, onions, celery), durum wheat semolina (26%) , falafel (23%) (chickpeas, zucchini, carrots, peppers, potatoes, onions, water, wheat flour, oilsunflowers, fine herbs, raisins, spices (contains mustard), kitchen salt, thickening e461, lifting powder sodium bicarbonate, spices extracts), water, apricots, olive oil, raisins, saltcuisine, garlic, rice starch, spices, ginger spices, herbs, spice extracts",Switzerland,EUwest
2.91E+14,Couscous Artisanal,"durum wheat semolina (98%), salt, (biological)",France,EUwest
2.91E+14,Couscous lentils salad,"couscous (70%) (durum wheat product) , red lentils pre -cooked (15%) , onion semolina , tomato granulate , paprika agranulate (3%) , sea salt, paprika powder and lt, (1%) , parsley and lt, (1%) , lemon peel , garlic powder, pepper black,chili and lt, (1%) , crausedemi , cumin , from ecological cultivation",Germany,EUwest
2.91E+14,MIE NOODLES,"durum wheat flour, wheat flour, water, salt",France,EUwest
2.91E+14,Butterflies,"higher quality durum wheat semolina, fresh eggs or 320 g per kilo of semolina (30%)",France,EUwest
2.91E+14,Crunchy granola bars,"whole grain oats, sugar, canola oil, peanut butter (peanuts, salt), rice flour, brown sugar syrup, salt, baking soda, soy lecithin",France,EUwest
2.91E+14,Cherry cake Grandma's bakery,"plums (58%), wheat flour , sugar, margarine (vegetable fats (palm, coconut), water, rapeseed oil, emulsifiers mono and diglycerides of food feeding acids, lecithine, acidic citronic acid), ollei , water, modified strength, rapeseed oil, dextrose, bakery diphosphate, sodium carbonates,cinnamon, food salt, dye carotene",Germany,EUwest
2.91E+14,Rice cream,"rice flour, vitamin b1",France,EUwest
2.91E+14,Spaghetti 100% Pasta corn from Oro,corn flour,Germany,EUwest
2.91E+14,BIO Hafermilch,"water, organic oats (10%), organic sunflower oil, dining salt",Switzerland,EUwest
2.91E+14,Sante Tropical Muesli Whole Grain Oat 350G,"wholegrain flakes (82%) (barley flakes (32%) , oat flakes 21, (1%) , rice-fruit flakes 11, (49%) (rice, unrefined cane sugar, concentrated fruit juice (apple, dchery), natural flavours), w flakes 10, (5%) , com flakes (7%) (com grits, unrefined cane sugar, sea salt, cane molasses)), fruits (18%) (dried date (date, rice flour), candied fruits (cane sugar, pineapple, papaya))",France,EUwest
2.91E+14,Cittled bio -rice black sandwashes,"complete black rice flour (99.5%), sea salt",France,EUwest
2.91E+14,Organic Carrefour Shadow Bread,"wheat flour (60%) , water, rapeseed oil and quot, cane brown sugar , wheat gluten apple cider vinegar, yeast, salt, roasted malted barley",France,EUwest
2.91E+14,Valencian Paella Crop's,"rice (56%) (water, rice, turmeric), chicken (6%) (chicken meat, tapioca starch, salt), molds (5.25%) , peas, alaska hoch (4.5%) , red peppers, mushrooms, onion, tomatoes, shrimp (2.5%), vegetable oil (rapeseed), calmar rings (1.75%) , herbs and aromatic plants (contains leri)",France,EUwest
2.91E+14,Crac'tines chestnut rice,"rice flour , chestnut flour , cane sugar , sea salt, rice flour and 23.3 g chestnut flour",France,EUwest
2.91E+14,4 Paninis Jacquet,"wheat flour (74%), water, yeast, extra virgin olive oil, devitalized wheat sourdough, ascorbic acid",France,EUwest
2.91E+14,Lustucru riz 5 min sachets 450g (5x90g),long stake grain rice,France,EUwest
2.91E+14,The Crêpe de Broceliande,"wheat flour (37%), whole milk, eggs, sugar (1 (7%), sunflower oil, vanilla flavor, salt",France,EUwest
2.91E+14,Mini Loempia’s,"cabbage, wheat flour, water, carrot, celery, leek, glass noodles (mung bean starch, potato starch, corn starch, water), palm oil, salt, sugar, yeast extract, aroma (contains soy), pepper, turmeric extract",Netherlands,EUwest
2.91E+14,Vanilla taste muffins,"flour (ble flour, flour treatment agent e300, malt de ble), sugar, eggs whole, rapeseed oil, chocolate chips (11%) (sugar, cocoa paste, cocoa butter, emulsifying  soya lecithin, natural aroma of vanilla), stabilizing glycerol, transformed starch of corn, lactoserum powder, lifting powders e450, e500, starch of wheat , aromas (contains alcohol), salt, stabilizing xanthane gum, wheat proteins, powder powderof milk skimmed, proteins of milk , conservative potassium sorbate",France,EUwest
2.91E+14,Whole -grain noodles,"wheat teeth whole -grain noodles whole -grain wheat flour (60%) , enriched wheat flour (39%) (wheat flour, vitamin (b1, b3), iron, calcium), salt, reinforcement agents (e5011, e5001)",Belgium,EUwest
2.91E+14,Tagliatelle mixed,"durum wheat semolina, whole egg (18%) (swiss open -air breeding), powder spinach (0.9%), powder tomatoes (0.8%), kitchen salt, selery -style beet juice, maltodextrine",Switzerland,EUwest
2.91E+14,Carneval,"wheat flour , sugar, vegetable oil (rapeseed, palm), wheat starch , salt, colours (e150c, e171, e163, e120, e160a), raising agents (e500, e450), wheat protein , thickener (e414), flavourings",France,EUwest
2.91E+14,BIO rice and quinoa mixture of goji curcuma geovita,"thai rice (86.4%) (thai jasmine jasmine jasmine stove, full red thai rice pre -cited, complete black thai rice pre -cited thailand), red lenses (6.1%) , goji bays (2.5%) , red quinoa (2.3%) ,black quinoa (1.2%) , paprika powder, sunflower oil, turmeric powder (0.25%)",Switzerland,EUwest
2.91E+14,Weissmehl,wheat (100%),Switzerland,EUwest
2.91E+14,Pitabrot,"wheat flour (71%), water, yeast, salt, biological agriculture",Germany,EUwest
2.91E+14,Organic lupines pasta,"organic durum wheat wholemeal flour, organic lupine flour (8%)",France,EUwest
2.91E+14,4 butter-winding vol-auction,"ble flour (gluten), butter hurter (39%) , water, salt, it skimmed, rapeseed oil, milk proteins and vegetable proteins, ait",France,EUwest
2.91E+14,Cantonese rice omelet poor in salt,"rice cooked (38%) (water, rice), omelet (31%) (eufs , corn starch, lactoses and milk proteins, acidifying citric acid, thickening xanthane gum), peas (11%) , carrots (11%) , onions, oil, oilof rapeseed, chives, sugar, ginger, salt, pepper",France,EUwest
2.91E+14,Mini matching donuts,"ble flour, vegetable fats in variable proportion (palm, rapeseed, sunflower), sugar, water, butter, chocolate powder (4%) (sugar, cocoa powder (2.6%), egg, egg white, dextrose,ble gluten, lean cocoa in powder (1.3%) , lactoserum powder,skimmed milk powder, whole powdered milk, hazelnut paste (1%), yeast, emulsifying salt e471, e322 (soy),cocoa paste (0.2%) , ble, cocoa butter, malted blend, coloring e160a (iv),antioxidant e300, natural vanilla aroma",France,EUwest
2.91E+14,Porridge oatmeal strawberry,"whole grain hair flakes (78.6%), sugar, whole milk powder, dried strawberries (2.1%), salt, aroma",Germany,EUwest
2.91E+14,Pasta Box - Chinese noodles,"pasta made every day by us durum wheat semolina (52%), water, egg, salt,a sauce cooked in our workshops, with chicken meat and crunchy vegetables, raised with a hint of ginger (48) marinated chicken (29%) (chicken meat, water, sunflower oil, natural aroma, salt, dextrose, cassava starch), carrot (14%) , onion, gourmet pea (10%), water chestnut, water, chives, soy sauce (2%) (water, soybeans, wheat flour, salt), rapeseed oil, oilsesame, sunflower oil, cassava starch, garlic, ginger (1%), salt, sugar, preservatives e202, e262i, pepper",France,EUwest
2.91E+14,Granola 2x168g barre sable,"wheat flour (38.8%) , sugar, vegetable fats (palm, shea in variable proportions), cocoa paste, cocoa butter, powdered lactrum (milk), skimmed milk powder, pastry butter, sugar syrup, itswheat, lifting powder (sodium acid carbonate,- ammonium acid carbonate), salt, wheat germs, emulsifiers (soy lecithin, e 476), lactose (milk), acidic corrector (citric acid), aroma",France,EUwest
2.91E+14,Penne goat and spinach 300 g,"mini penne cooked (46%) (water, durum wheat semolina, sunflower oil), water, spinach (8%), goat cheese (4.3%) ( milk), light creme light (2.7%) (original milk ),corn starch, milk powder, salt, wheat flour, basil, natural aromas (contains milk), pepper, nutmeg, turmeric spice",France,EUwest
2.91E+14,Luvedrink nature,"lupine seed extract (89%) (water, lupine protein (1%)), rice syrup, oligofructose, rapeseed oil, stabilizer gellan,tricalcium phosphate, riboflavin (b2), vitamin d2, vitamin b12",Germany,EUwest
2.91E+14,Organic oat flakes roughly,oat flakes,Netherlands,EUwest
2.91E+14,Farmers' black bread - full rye grain bread,"rye -rye grain grain (60%), water, sugar beet syrup, malt extract (barley), dining salt, yeast",Germany,EUwest
2.91E+14,Mcvitie's Digestives To Go,"flour (54%) (wheat flour, calcium, iron, niacin, thiamin), vegetable oil (palm), wholemeal wheat flour (1 (6%), sugar, partially inverted sugar syrup, raising agents (sodium bicarbonate, malic acid, ammonium bicarbonate), salt, dried skimmed milk, for",France,EUwest
2.91E+14,Organic spelled couscous,full spelled flour,France,EUwest
2.91E+14,My pastry custard with eggs,"sugar, starch, efs whole powder (1.5%), dyes (beta-carotene, riboflavine), aroma",France,EUwest
2.91E+14,Beef Bolognese With Lentil Fusilli,"red lentil fusilli (36%) (water, red lentil flour), tomatoes, broccoli, water, beef (9%) , onions, vegetables in variable proportions by weight (celery, carrot, leek, celery, onion), tomato puree, salt, extra virgin olive oil, rice starch, garlic, herbs, balsamic vinegar (wine vinegar, concentrated grape juice)",France,EUwest
2.91E+14,Blue sirop hazelnut,"wheat syrup (39%), gluten wheat flour), palm oil, may malt syrup fapte with hull hazelnuts), beacon sound, soy flour, egg powder and quot, carmel, sea set, sea set, sea set, sea set, sea setsodium bicarbonate powder, and quot, from controlled biological lagulture",France,EUwest
2.91E+14,Chocolate pepite brioche,"t65 wheat flour, equitable chocolate chips (cocoa paste , cane sugar, cocoa butter, emulsifier sunflower lecithin, vanilla extract, red cane sugar), eggs, butter, (9.9%) , water, levain (t65 wheat flour, ea), rum, oat fiber, unrefined sea salt, yeast, orange blossom water, vanilla infusion",France,EUwest
2.91E+14,Organic Just5 Apricot & Almond,"organic jumbo oats , rice syrup, organic fairtrade dried apricot (25%) , organic fairtrade almonds (5%) , rapeseed oil",Switzerland,EUwest
2.91E+14,Chocolate panettone,"wheat flour, chocolate chip nuggets (15%) (sugar, cocoa paste, cocoa butter, emulsifier sunflower lecithin, natural vanilla flavor), fresh eggs, sugar, butter, whole milk in rehydrated powder, fresh egg yolk, natural leaven (wheat flour, water), emulsifiers mono and diglycerides of fatty acids, glucose syrup, natural aromas, salt",France,EUwest
2.91E+14,Mozzarella Sticks,"mozzarella (60%) , wheat flour, sunflower oil, but modified starch, salt, corn flour, water, spices, ppend of whole egg , proteins of milk , yeast, spices extract, lifting powder diphosphates,fine herbs,red chili sauce sugar, water, peppers, red peppers (2.5%) , modified cornstarch, alcohol vinegar, apple juice, salt, acidifying citric acid",France,EUwest
2.91E+14,Fresh egg shells (batch of 4 250 g packages),"higher quality durum wheat semolina, fresh eggs ,naturally contains gluten (13.5%)",France,EUwest
2.91E+14,My good little cookie - County,"frove flour t65, comte (10%) , water, coconut oil not hydrogenated , sesame , small oatmeal , guerande salt",France,EUwest
2.91E+14,125g Grissini Sesame,"complete wheat flour , levain (wheat flour , water), sesame (7%) , extra virgin olive oil (3%) , sea salt",France,EUwest
2.91E+14,Pizza Crosti Chicken BBQ,"wheat flour, mozarella (11.6%) , mid-live tomato puree, water, chicken meat treated in salting and roasted (8.3%) (chicken meat , water, cassava starch, dextrose, salt), ketchup tomato (tomatoes, sugar, alcohol vinegar, starch, salt, natural spices), grilled yellow peppers (3.3%) , grilled red peppers (3.3%) , onions, emmental (2.2%) , olivesdistrient black confit (1.6%) (olives, water, salt), hard cheese, virgin olive oil, spices salt, sugar, yeast, garlic puree, potato starch, dehydrated tomato, basil, oregano, natural aromas, onion powder, alcohol vinegar, linen fiber",France,EUwest
2.91E+14,Box fusilli chevre epinards,"pasta cooked (43.3%) (water, complete durum wheat semolina), water, goat cheese (10.3%) (including milk) , beans (8.3%) , tomatoes (3.7%), spinach (3.3%), peppersred, light creme fraiche (including milk), wheat flour, sunflower oil, basil (0.4%), salt, nutmeg, pepper, pasta, goat cheese, beans, basil and spinach are not french",France,EUwest
2.91E+14,Breton puck pure butter,"wheat flour (gluten), fresh butter (26%) , sugar of fresh eggs, salt, lifting powder (acid sodium pyrophosphate, sodium acid carbonate, corn starch)",France,EUwest
2.91E+14,Complete little chick rice,full chick rice (100%),France,EUwest
2.91E+14,Kub or Maggi Box of 1.425 kg for 95 L,"iodinal salt, salt, starchs, sugar, potassium chloride, aromas, hydrolyzed wheat proteins, yeast extract, onion, sunflower oil, garlic, coriander seeds",France,EUwest
2.91E+14,Dough with egg,"durum wheat -breeze flour, free -range egg (19.36%)",Netherlands,EUwest
2.91E+14,Pasta with fresh eggs 250g spaghetti,"higher quality durum wheat semolina, fresh eggs (13.8%)",France,EUwest
2.91E+14,Organic whole grain rusk,"complete wheat flour (81%), glucose syrup, yeast, sugar , egg , salt, rapeseed oil , emulsifier (soy lecithin), organic farming",Netherlands,EUwest
2.91E+14,Almond cake,"sugar, egg, vegetable oil (rapeseed), wheat flour, water, almond (4%), starch (wheat, potato), lifting powder (e450, e500), modified starch (e1414 (potato)), aroma (milk), salt, emulsifier (e471), preservative (e202, e282), coloring (e160a), thickening (e415), egg white, acidifying (e330), stabilizing (e412, e415)",Belgium,EUwest
2.91E+14,chocolate bread,"flour (wheat flour, wheat gluten, malted wheat flour, flour treatment agent ascorbic acid), water, margarine (palm oil, rapeseed oil, water, salt, mono and diglycerides of fatty acids, curator potassium sorbate, aroma, betacarotenes coloring, acidity corrector citric acid), chocolate chips (4.9%) (sugar, cocoa paste, cocoa butter, emulsifier soy lecithin, e476, vanilline),sugar, sorbitol, salt, yeast, emulsifiers mono and diglycerides of fatty acids, sunflower oil, calcium preservativerop,redmi note 6 pro o m dual camera factory reunion age e ndund",France,EUwest
2.91E+14,Furniss Cornish Clotted Cream Shortbread,"wheat flour, butter (30%) (milk), sugar, cornish clotted cream (5%) (milk), salt, wheat flour contains wheat flour, calcium sulphate, calcium carbonate, iron, nicotinamide, thiamine",France,EUwest
2.91E+14,Pizza flavor sticks,"garnish (52%) (mozzarella (40%) , water, cassava starch, pizza aroma), panel (48%) (ble flour, blown rice (10.2%), sunflower oil, sugar, malt orge , white of eef in powder, salt, gluten of wheat , conservative (potassium sorbate))",France,EUwest
2.91E+14,Quinoa Real Bio 500g,quinoa,France,EUwest
2.91E+14,Giant Ricotta ravioli and fresh spinach,"paste hard -beless semolina (50%), wheat flour, tender eggs whole water, salt,farce (500.6) ricotta on total product (32%), spinach on total product of the stuffing (20%)), parmesan aop, salt muscade flour, without conservative dyes in a factory that also uses crustaceans, sulfites molluscs andcomz fruits",France,EUwest
2.91E+14,6 vegetable ravioli,"water, ravioli (27%) (durum wheat semolina (13%) , water, breadcrumbs (wheat flour, water), broccoli (1%) , spinach (1%) , carrots (0.8%) , sunflower oil, onions (0.3%), starch ofcassava, salt, basil, natural pepper aroma), tomato puree half-lived (14%) , carrots (8.9%) , onions (2.6%) , red peppers (1.6%) , green olives, eggplant (1.6%) , plantsaromatics, sunflower oil, salt, sugar, modified corn starch, natural pepper aroma, natural garlic aroma",France,EUwest
2.91E+14,Little nature 5 cereals,"complete wheat flour, small flour, spelled, red cane sugar, rapeseed oil, barley flour, oatmeal, rice flour, lifting powder ammonium carbonates, sodium carbonate, acidifying acidcitric, antioxidant rosemary extracts",France,EUwest
2.91E+14,Authentic crisp toast,"complete rye flour (77 g), rye flour (28 g), yeast, salt",Switzerland,EUwest
2.91E+14,2 small baguettes,"water ,corn starch,corn flour,cassava starch,potato starch,sunflower oil,rice flour,psyllium fiber,humectant glycerol,yeast,bamboo fiber,thickening e464, gum guar sugar,salt, dextrose,curator e282.traces of milk and eggs",France,EUwest
2.91E+14,WOK pasta curry (pre -cooked),"wheat flour (65.6%), water, wheat gluten, sunflower oil, kitchen salt, powdered curry (0.43%) (coriander, turmeric, cumin, pepper, ginger, fenugreek, kitchen salt, fennel, starreish), acidity corrector lactic acid,thickness gum guar",France,EUwest
2.91E+14,Penne Rigate n.19,durum wheat semolina,France,EUwest
2.91E+14,Lotus Biscoff Cream,"wheat flour, sugar, vegetable oils (palm , rapeseed), candy sugar syrup, raising agent (sodium hydrogen carbonate), soya flour, salt, cinnamon, emulsifier (lecithins (soya))",Germany,EUwest
2.91E+14,Macaroni,hard wheat,Netherlands,EUwest
2.91E+14,Nonettes with Périgord nuts,"sugar, whites of eggs , wheat flour, noix of the perigord aop (16%) , bereur fresh, salt",France,EUwest
2.91E+14,Backerbsen,"wheat flour, palm fat, pea flour, whole powder, salt, yeast, lean milk powder",Netherlands,EUwest
2.91E+14,Sugar -free choco cookies,"wheat meat, sweetener (maltit, enythritan, isomalt), palm fat, cocoa mass, hazelnuts, full egg, inulin, fat -arm cocoa powder, soy flour, salt, natural vanilla aromas, baking agent (sodium hydrogen carbonate), emulgator (soyalecithine)",Germany,EUwest
2.91E+14,Chocolate chocolate cookies🍫noir and linen,"wheat flour, unrefined red cane sugar, rapeseed oil, chocolate chips (10.3%) (cane sugar, cocoa paste, cocoa butter), complete wheat flour (10.3%) , oatmeal 5, (1%) , flour and flax seeds (5%) , whole eggs, lifting powders ammonium carbonates, sodium carbonates, citric acid,sea salt, natural vanilla flavor, skimmed milk powder, antioxidant rosemary extracts",France,EUwest
2.91E+14,Whole grain bread,"rye fully grain grain, water, salt, yeast,without preservatives",France,EUwest
2.91E+14,Ducales,"wheat flour (wheat flour, niacin, iron, thiamine, riboflavin, folic acid), palm vegetable oil, palm vegetable fat, invert sugar, malt extract, salt, water, sugar, eggs, milk, emulsifier (lecithinsoy), flavor higher (sodium monoglutamate), mass conditioner (sodium metabisulfite)",France,EUwest
2.91E+14,Oreos,"unbleached enriched flour (wheat flour, niacin, reduced iron, thiamine mononitrate (vitamin b1), riboflavin (vitamin b2), folic acid), sugar, palm oil, canola oil, cocoa, high fructose corn syrup, leavening (baking soda, calcium phosphate), salt, soy lecithin, chocolate, artificial flavor",France,EUwest
2.91E+14,Pain blanc 2kg long tranche,"white wheat flour t65 (47.07%), water (32.13%), wheat sourdough (20%), salt (0.8%)",France,EUwest
2.91E+14,Filinchen snack with milk cream,"wheat flour, unadorned vegetable fats (palm, shea), sugar, whole milk powder (9%), wheat thickness, dextrose, full grain flour, rye flour, rapeseed oil, baking agent sodium hydrogen carbonate, emulsifier soyalecithine, egg yellow powder, salt",Germany,EUwest
2.91E+14,Oats Mandel Nature,"water, oat (9%) , almonds (3%) , sunflower oil cold -pressed, sea salt, from ecological farming",Germany,EUwest
2.91E+14,Cooked wheat for pastiera,"water, wheat (20%), salt",France,EUwest
2.91E+14,BenneFit cu semințe de in,"wheat flour, flax seeds (minimum 1 (19%), olive oil (minimum (15%), whoat bran, sesame, yeas , iodized sait, rosemary extract, no syniheuc additives",France,EUwest
2.91E+14,PiCK UP ! Choco x12,"wheat flour, sugar, cocoa butter, cocoa paste, palm oil, whole powder milk, glucose syrup, skimmed milk powder, pastry butter, hazelnut powder, salt, emulsifier lecithins (soy),lactose and milk proteins, lifting powders sodium carbonates, diphosphates,aroma (milk), starch (wheat), acidifying citric acid,powdered egg yolk",France,EUwest
2.91E+14,4 wind flight,"wheat flour (gluten), margarine (vegetable fat (palm), water, salt, emulsifier e471, acidifying e330, coloring e160a, aroma), water, salt, skim milk, rapeseed oil, milk proteins andsmall pea proteins, whole milk",France,EUwest
2.91E+14,Nustikao biscuits,"flour of wheat (39%) , sugar, vegetable fats (sunflower, palm, palm, coconut in variable proportion), paste of noistes (5%) , it skimmed powder, lactoserum powder, lean cocoa powder (2%) , milk whole inpowder, glucose syrup, emulsifier lecithins (sunflower), salt, orge malt extract, aroma, lifting powders e500, e503",France,EUwest
2.91E+14,Blank pie,"water, wheat tail, sugar, milk powder, tray eggs, malagacine (vegetable oily manetes (palm, rapeseed), emulsifier mono and diglycerides of fatty acids, acidity corrector citric acid), butter, preparation for flan (2%) (starch and modified starch of corn, aromas, colors curcumin, caroteno ideso, transformed starch, lupine flour, egg whites, salt, developed in a workshop using shell fruits and soy",France,EUwest
2.91E+14,Coconus spray biscuits,"wheat flour, palm fat, whole milk chocolate (19%) (sugar, cocoa butter, whole milk powder, cocoa mass, emulsifier lecithine), sugar, coconut flake (13%) , wheat thickness, fabric, caramel sugar syrup, dining salt, natural aroma",Germany,EUwest
2.91E+14,Hansamdas,"wheat flour, sugar, palm vegetable fat, pig butter, glucose and fructose syrup, vegetable oils (sunflower, soybeans) in variable proportion, egg light, yeast, egg, salt, salt, emulguents monoglycerides and diglyceride of fatty acidsand monoglycerid and diglycerides of fatty acidic and dialacer, aroma, aroma, wheat gluten and flour treatment agent ascorbic acid",France,EUwest
2.91E+14,Chocolate nugget cookies - Crous Bordeaux,"sugar, blefish flour, rapeseed oil, dark chocolate pieces (8%) (cocoa mass, sugar, emulsifier soy lecithin, natural vanilla flavor), pieces of milk chocolate (8%) (sugar, whole milk powder, whole milk powder,cocoa butter, cocoa mass, emulsifier soy lecithin, natural vanilla flavor), pieces of white chocolate (8%) (sugar, cocoa butter, whole powder milk, small milk powder, lactose (milk), emulsifyingsoy lecithin, natural vanilla aroma), eggs, butter (milk), cocoa powder (2%), baking powder (e450, e500ii), starch of ble), salt salt",France,EUwest
2.91E+14,Speculoos Sinterklaas 37g 9cm 3 pieces,"wheat flour, sugar, vegetable oils (certnice guy palm oil ha of candi sugar coz, lifting powder (sodium acid carbonate), soy-set flour, girlfriend",France,EUwest
2.91E+14,Gnocchi classic.pasta,"water, potato flakes (14%) (potatoes, turmeric), potato thickness (14%), durum wheat semolina (9%), (4.5%) (potatoes, turmeric), potato thickness (14%), durum wheat semolina (9%), full egg (4.5%), iodized dining salt (dining salt, potassiumiodate),rapeseed oil",Germany,EUwest
2.91E+14,Sweet Tarts Funds,"frove flour, vegetable fat (palm, rapeseed), sugar, eggs (ground breeding), glucose syrup, water, kitchen salt, lemon aroma",Switzerland,EUwest
2.91E+14,"Royal pizza, cooked on stone (ham, mushrooms, cheeses, olives)","garnish (55%) tomato puree (43%) , cooked ham choice (16.5%) (pork, salt, corn dextrose, spices, spices, preservatives sodium nitrite, antioxidant sodium ascorbate),mushrooms (12.5%) , edam (10%) , olives (6%) , emmental (5%) , rapeseed vegetable oil, potatoes and wheat starchs, onions, salt, leek, sugar, wheat flour, spices, aromatic herbs, (% ages expressed on the garnish),paste (45%) wheat flour, water, yeast, rapeseed vegetable oil, dextrose, salt, sugar",France,EUwest
2.91E+14,Grilled bread with wheat,"ble flour (92%) (wheat) , sugar, sunflower vegetable oil, yeast, salt, gluten of wheat , flour treatment agent ascorbic acid",Netherlands,EUwest
2.91E+14,Soy -style spaghetti in soybean,"pasta cooked (34.9%) (water, semolina from wheat dur), peeled tomatoes crushed with juice (33%) (tomato , tomato juice), water, onions , carrots , double concentrate of tomatoes 2, (5%) , proteins of  soya textured (2.5%) , extra virgin olive oil, broth (maltodextrin of corn , salt, onions , yeast extract (salt), sunflower oil , leeks ,carrot juice concentrated (corn starch), paprika , fennel, tomatoes , liveche , celeri , garlic), garlic pulp , sunflower oil , basil (0.8%) , starchcorn , salt, pepper , biological ingredients",France,EUwest
2.91E+14,Sun-dried tomato & mozzarella,"potatoes, sunflower oil, small powder milk, sugar, powdered wooden, salt, powdered tomato, powdered mozzarella (milk), yeast extract, dried powdered tomato, powder cheese (milk), natural aromas, dried red pepper, powdered garlic, powdered onion, coloring (paprika extract)",France,EUwest
2.91E+14,Crown of kings with chocolate chips,"flour (wheat, wheat gluten), eggs (22%) , butter (17%) (lactose) , sugar, inverted sugar, yeast, candied variety (sulfites), salt, natural aromas,surgras information is dismissed for",France,EUwest
2.91E+14,Spaghetti Pasta with complete wheat integral 500g,complete semolina of hard ble,Belgium,EUwest
2.91E+14,Golden Lin Bread Bread & Chia,"wheat flour (53%), water, corn flour (10.4%) , corn semolina (4.3%) , rapeseed oil, black chia seeds (2.6%) , gilded flax seeds (2.6%) , aroma (contains alcohol), salt, yeast, vinegar, wheat gluten, acerola extract",France,EUwest
2.91E+14,Hazelnut shortbreads without butter yeast,"t65 wheat flour,unrefined red cane sugar ,butter (14%),whole eggs ,hazelnuts (3%),unrefined sea salt",France,EUwest
2.91E+14,Frozen sesame ball,"water, sugar, sesame (20%) , gluing rice flour (19%) , palm stearine, modified tapioca starch, sesame oil (sesame oil, refined soy oil), thickening (agar agar e406)",France,EUwest
2.91E+14,Pain Multi-cereales,cereal bread ingredients and,France,EUwest
2.91E+14,Bake n ° 13,"duration semolina, water",Switzerland,EUwest
2.91E+14,Speculoos Traditional Artisanal,"frove flour (44%) , cane sugar , vegetable oil and fat (palm , sunflower), honey , soy flour , lifting powder (sodium acid carbonate), cinnamon (0.22%)",France,EUwest
2.91E+14,Gluten Free Cookie Chocolate,"dark chocolate (25%) (cane sugar , cocoa mass , cocoa butter , emulsifier sunflower lecithin, natural aroma of bourbon vanilla), cane sugar , margarine (palm oil , oilsunflower , water, salt, emulsifier sunflower lecithin, lemon juice), eef whole , corn flour , rice flour , cornstarch , thickening guar , tartee yeast (starchof corn , acidulative potassium tartrate, levante powder sodium bicarbonate), cocoa , natural vanilla flavor, sea salt, from controlled organic farming",France,EUwest
2.91E+14,Rewe Laugenbrezelen,"wheat flour, water, yeast, dining salt, wheat malt flour, dextrose, emulsifiers (soyalecithine, mono and diglycerides of food acids), stabilizer guarkern meal, brees (acid -heeled regulator sodium hydroxide),hagels salt (packed separately)",Germany,EUwest
2.91E+14,Spewing flour bell,spelled flour,France,EUwest
2.91E+14,Breads with whole milk and fresh eggs,"wheat flour, sugar, fresh whole eggs (8.5%) , butter, vegetable oils (palm, rapeseed), whole milk powder (equivalent whole milk reconstituted (15.5%), salt, yeast, wheat gluten, natural aroma,emulsifying (mono and diglycerides of fatty acids, mono esters and diacetyltartrics of mono and dyglycerides of fatty acids, stearroyl-2-sodium lactylate), milk proteins, aroma, disabled yeast, coloring (beta carotene)",France,EUwest
2.91E+14,Marshmallow cereal with unicorns,"whole grain oats, sugar, oat flour, corn syrup, modified corn starch, corn starch, dextrose, salt, gelatin, trisodium phosphate, yellow 5 , 6, red 40, blue 1, natural and artificial flavor, vitamin e (mixed tocopherols) added to preserve freshness",France,EUwest
2.91E+14,Alps pizza,"white paste water, salt, sunflower oil, yeast, malted wheat flour, garnish fresh pasteurized cream, specific lactic ferments, provence herbs, gray meat, beef, salt, spices, spices extract, glucose, sugar, antioxidant e331, e301, curator e252, fresh tomatoes, chopped fresh parsley, scalagusta cheese, mozzarella (96%), pasteurized milk, salt, lactic ferments, preservative e260, coagulant chymosine, potato starch (3%) ,emmental aroma (1%) , natural flavoring substance, vegetable oils (palm, palm), lactose, lactoserum protein, maltodextrin, sodium caseinate, thickening e414, emulsifiers e471, e341, antioxidant e339, water, olive olive denoyaute,water, salt, color stabilizer ferrous gluconate",France,EUwest
2.91E+14,Nature and tasty tagliatelle,durum wheat,France,EUwest
2.91E+14,Full rice flakes,full rice,France,EUwest
2.91E+14,Braided brioche with fresh eggs,"wheat flour (52%), fresh eggs (15%) , sugar, concentrated butter, rapeseed oil, sourdough (wheat flour, water, salt), rum, wheat fiber, yeast, salt, natural vanilla aroma (contains alcohol),wheat gluten, acerola extract, emulsifiers mono and diglycerides of fatty acids",France,EUwest
2.91E+14,The,durum wheat semolina,Belgium,EUwest
2.91E+14,7 Moricettes,"ble flour, water,colaved oil, yeast, salt, acidity corrector sodium hydroxide, blue gluten malted blue flour, sugar, calcium propionate, deactivated fermentation agents",France,EUwest
2.91E+14,Traditional pizza delicate bacon,"ble flour, water, tomato puree (13%), mozzarella cheese (11%), pork chest (8.7%) (pork, bacon, salt, spices, spice extracts, stabilizers (sodium nitrite, potassium nitrate), smoke), whipping cream, tomato concentrate (2.4%), extra virgin olive oil, pecorino cheese (1.0%), salt, bakery yeast, sugar, basil, oregano, garlic, onion powder, paprika, pepper",Belgium,EUwest
2.91E+14,My 5 cakes,"ble flour, sugar, lifting powder (disodic diphosphate, sodium acid carbonate), natural bourbon vanilla flavor",France,EUwest
2.91E+14,Muesli bar with hazelnuts,"oldfructose oatmeal, rice, hazelnuts (12%), sugar, complete wheat, stabilizing (e422), vegetable oils (palm, shuttle), wheat gluten, molasses, wheat germs, skimmed milk powder, natural aroma, extract ofmalt of barley, emulsifier (e322),rich in fibers",Belgium,EUwest